CODIGO;TIPO ACTIVO ;VINCULADO O NO;TIPO DE TITULO;EMISOR;NIT;TIPO INVERSION ;TIPO REGISTRO;SISTEMA TRANSACCIONAL;TIPO MONEDA;TIPO SECTOR;CALIFICACION;DIAS AL VTO;DURACION;VPN;
9009448;2;1;0;BANCO DE OCCIDENTE S.A.;890300279;0;0;0;0;0;0;0;0;226952.21;
9009448;2;2;0;BANCOLOMBIA S.A.;890903938;0;0;0;0;0;0;0;0;9169440.77;
9009448;2;2;0;BANCOLOMBIA S.A.;890903938;0;0;0;0;0;0;0;0;75603749.69;
9009448;2;1;0;BANCO DE OCCIDENTE S.A.;890300279;0;0;0;0;0;0;0;0;83.23;
9009448;2;1;0;BANCO DE OCCIDENTE S.A.;890300279;0;0;0;0;0;0;0;0;317177164.9;
9009448;2;1;0;BANCO DE OCCIDENTE S.A.;890300279;0;0;0;0;0;0;0;0;1837247.29;
9009448;2;1;0;BANCO DE OCCIDENTE S.A.;890300279;0;0;0;0;0;0;0;0;10405546.22;
9009448;2;1;0;BANCO DE OCCIDENTE S.A.;890300279;0;0;0;0;0;0;0;0;2041200.02;
9009448;2;1;0;BANCO DE OCCIDENTE S.A.;890300279;0;0;0;0;0;0;0;0;738188383.95;
9009448;2;2;0;BBVA COLOMBIA;860003020;0;0;0;0;0;0;0;0;7210326;
9009448;2;2;0;BBVA COLOMBIA;860003020;0;0;0;0;0;0;0;0;10609409952.45;
9009448;2;1;0;BANCO DE OCCIDENTE S.A.;890300279;0;0;0;0;0;0;0;0;81790.88;
9009448;2;1;0;BANCO DE OCCIDENTE S.A.;890300279;0;0;0;0;0;0;0;0;114268.05;
9009448;2;1;0;BANCO DE OCCIDENTE S.A.;890300279;0;0;0;0;0;0;0;0;39643.28;
9009448;2;1;0;BANCO DE OCCIDENTE S.A.;890300279;0;0;0;0;0;0;0;0;252411.55;
9009448;2;1;0;BANCO DE OCCIDENTE S.A.;890300279;0;0;0;0;0;0;0;0;59283.36;
9009448;1;2;9;GOBIERNO REPUBLICA DE COLOMBIA;899999083;2;1;1;1;4;9;13;0;33430327.2;
9009448;1;2;9;GOBIERNO REPUBLICA DE COLOMBIA;899999083;2;1;1;1;4;9;41;0;31895601.6;
9009448;1;2;9;GOBIERNO REPUBLICA DE COLOMBIA;899999083;2;1;1;1;4;9;104;0;33497054.4;
9009448;1;2;9;GOBIERNO REPUBLICA DE COLOMBIA;899999083;2;1;1;1;4;9;132;0;39280078.4;
9009448;1;2;9;GOBIERNO REPUBLICA DE COLOMBIA;899999083;2;1;1;1;4;9;167;0;42127105.6;
9009448;1;2;9;GOBIERNO REPUBLICA DE COLOMBIA;899999083;2;1;1;1;4;9;76;0;29915903.42;
9009448;1;2;9;GOBIERNO REPUBLICA DE COLOMBIA;899999083;2;1;1;1;4;9;195;0;41726296.55;
9009448;1;2;16;BANCO CORPBANCA;890903937;2;1;1;1;2;1;25;0;507310000;
9009448;1;2;3;DIRECCION DEL TESORO NACIONAL;899999090;2;1;1;1;1;9;109;0;362811798.48;
9009448;1;2;3;DIRECCION DEL TESORO NACIONAL;899999090;2;1;1;1;1;9;36;0;1026065548.5;
9009448;1;2;3;DIRECCION DEL TESORO NACIONAL;899999090;2;1;1;1;1;9;236;0;196433107.78;
9009448;1;2;3;BANCO DAVIVIENDA S.A.;860034313;2;1;1;1;2;14;45;0;303093000;
9009448;1;2;16;BANCO CORPBANCA;890903937;2;1;1;1;2;1;27;0;1011170000;
9009448;1;2;16;BBVA COLOMBIA;860003020;2;1;1;1;2;1;274;0;1001960000;
9009448;1;2;16;LEASING BANCOLOMBIA COMPAÑIA DE FINANCIAMIENTO COM;860059294;2;1;1;1;2;6;94;0;503680000;
9009448;1;2;3;DIRECCION DEL TESORO NACIONAL;899999090;2;1;1;1;1;9;23;0;213717830.4;
9009448;1;2;3;DIRECCION DEL TESORO NACIONAL;899999090;2;1;1;1;1;9;84;0;235337390.91;
9009448;1;2;3;DIRECCION DEL TESORO NACIONAL;899999090;2;1;1;1;1;9;103;0;210350522.55;
9009448;1;2;3;DIRECCION DEL TESORO NACIONAL;899999090;2;1;1;1;1;9;110;0;480286019.01;
9009448;1;2;3;DIRECCION DEL TESORO NACIONAL;899999090;2;1;1;1;1;9;118;0;356034592.76;
9009448;1;1;3;BANCO DE OCCIDENTE S.A.;890300279;2;1;1;1;2;14;147;0;509460000;
9009448;1;2;16;G.M.A.C. FINANCIERA DE COLOMBIA S.A.CF;860029396;2;1;1;1;2;14;58;0;1002560000;
9009448;1;2;16;BANCOLOMBIA S.A.;890903938;2;1;1;1;2;1;331;0;510095000;
9009448;1;2;3;BANCO POPULAR S.A.;860007738;2;1;1;1;2;1;323;0;497003520;
9009448;1;2;16;BANCO DE BOGOTA S.A.;860002964;2;1;1;1;2;1;338;0;1008470000;
9009448;1;2;16;BANCOLOMBIA S.A.;890903938;2;1;1;1;2;1;305;0;1536330000;
9009448;1;2;16;BANCO POPULAR S.A.;860007738;2;1;1;1;2;14;53;0;506475000;
9009448;1;2;16;BANCO FINANDINA S.A;860051894;2;1;1;1;2;14;51;0;1002540000;
9009448;1;2;16;BANCO DE BOGOTA S.A.;860002964;2;1;1;1;2;6;67;0;807800000;
9009448;1;2;16;HSBC COLOMBIA SA;860050930;2;1;1;1;2;14;80;0;2006800000;
9009448;1;2;16;BBVA COLOMBIA;860003020;2;1;1;1;2;1;466;0;1014470000;
9009448;1;2;16;BANCO DAVIVIENDA S.A.;860034313;2;1;1;1;2;1;295;0;1004550000;
9009448;1;2;16;BANCO DAVIVIENDA S.A.;860034313;2;1;1;1;2;1;242;0;1002250000;
9009448;1;2;16;LEASING BANCOLOMBIA COMPAÑIA DE FINANCIAMIENTO COM;860059294;2;1;1;1;2;6;141;0;1004230000;
9009448;1;2;16;FINANCIERA DE DESARROLLO TERRITORIAL S.A.;800096329;2;1;1;1;2;6;200;0;1004890000;
9009448;1;2;16;BANCOLOMBIA S.A.;890903938;2;1;1;1;2;6;219;0;1009960000;
9009448;1;2;16;G.M.A.C. FINANCIERA DE COLOMBIA S.A.CF;860029396;2;1;1;1;2;11;339;0;502510000;
9009448;1;2;16;BANCO CORPBANCA;890903937;2;1;1;1;2;1;340;0;1005500000;
9009448;1;2;3;DIRECCION DEL TESORO NACIONAL;899999090;2;1;1;1;1;9;628;0;235663724.74;
9009448;1;2;3;DIRECCION DEL TESORO NACIONAL;899999090;2;1;1;1;1;9;566;0;297728098.92;
9009448;1;2;3;DIRECCION DEL TESORO NACIONAL;899999090;2;1;1;1;1;9;878;0;254663490.6;
9009448;1;2;3;DIRECCION DEL TESORO NACIONAL;899999090;2;1;1;1;1;9;815;0;367524975.01;
9009448;1;2;3;DIRECCION DEL TESORO NACIONAL;899999090;2;1;1;1;1;9;622;0;154708974.42;
9009448;1;2;16;BANCOLOMBIA S.A.;890903938;2;1;1;1;2;6;27;0;504495000;
9009448;1;2;16;BANCO DAVIVIENDA S.A.;860034313;2;1;1;1;2;14;212;0;1007780000;
9009448;1;2;16;BANCO DE COMERCIO EXTERIOR DE COLOMBIA S.A.;800149923;2;1;1;1;2;6;221;0;1011290000;
9009448;1;2;16;BANCO DE BOGOTA S.A.;860002964;2;1;1;1;2;14;172;0;1004410000;
9009448;1;2;16;LEASING BANCOLOMBIA COMPAÑIA DE FINANCIAMIENTO COM;860059294;2;1;1;1;2;14;141;0;1004230000;
9009448;1;2;16;LEASING BANCOLOMBIA COMPAÑIA DE FINANCIAMIENTO COM;860059294;2;1;1;1;2;14;107;0;512435000;
9009448;1;2;16;BANCO AGRARIO DE COLOMBIA;800037800;2;1;1;1;2;14;77;0;1019390000;
9009448;1;2;16;BANCO DAVIVIENDA S.A.;860034313;2;1;1;1;2;1;487;0;506015000;
9009448;1;2;16;BANCO DAVIVIENDA S.A.;860034313;2;1;1;1;2;1;486;0;1012200000;
9009448;1;2;16;SUFINANCIAMIENTO S.A.;860032330;2;1;1;1;2;6;57;0;503645000;
9009448;1;2;16;BANCO DAVIVIENDA S.A.;860034313;2;1;1;1;2;1;428;0;302913000;
9009448;1;2;16;BANCO DAVIVIENDA S.A.;860034313;2;1;1;1;2;1;428;0;201942000;
9009448;1;2;16;BANCO PICHINCHA S.A.;890200756;2;1;1;1;2;11;610;0;1011880000;
9009448;1;2;10;DIRECCION DEL TESORO NACIONAL;899999090;2;1;1;1;1;9;2;0;524870000;
9009448;1;2;10;DIRECCION DEL TESORO NACIONAL;899999090;2;1;1;1;1;9;2;0;524870000;
9009448;1;2;10;DIRECCION DEL TESORO NACIONAL;899999090;2;1;1;1;1;9;2;0;1049740000;
9009448;1;2;16;BANCO DE BOGOTA S.A.;860002964;2;1;1;1;2;1;387;0;1020310000;
9009448;1;2;16;BANCOLOMBIA S.A.;890903938;2;1;1;1;2;1;279;0;1011830000;
9009448;1;1;16;CORPORACION FINANCIERA COLOMBIANA S.A.;890300653;2;1;1;1;2;1;279;0;3044400000;
9009448;1;2;16;BANCO GNB SUDAMERIS S.A.;860050750;2;1;1;1;2;11;279;0;1013730000;
9009448;1;2;16;BANCOLOMBIA S.A.;890903938;2;1;1;1;2;1;297;0;513730000;
9009448;1;1;16;CORPORACION FINANCIERA COLOMBIANA S.A.;890300653;2;1;1;1;2;14;21;0;1016030000;
9009448;1;2;16;LEASING BANCOLOMBIA COMPAÑIA DE FINANCIAMIENTO COM;860059294;2;1;1;1;2;1;293;0;504455000;
9009448;1;2;16;BBVA COLOMBIA;860003020;2;1;1;1;2;14;197;0;507735000;
9009448;1;2;10;FONDO PARA EL FINANCIAMIENTO DEL SECTOR AGROPECUARIO S.A. FI;800116398;2;1;1;1;2;14;300;0;1050146609.08;
9009448;1;2;16;BANCO CORPBANCA;890903937;2;1;1;1;2;1;491;0;502550000;
9009448;1;2;16;BANCO CORPBANCA;890903937;2;1;1;1;2;1;493;0;502380000;
9009448;1;2;10;DIRECCION DEL TESORO NACIONAL;899999090;2;1;1;1;1;9;1532;0;1095410000;
9009448;1;2;16;BANCO FINANDINA S.A;860051894;2;1;1;1;2;11;494;0;504710000;
9009448;1;1;16;BANCO DE OCCIDENTE S.A.;890300279;2;1;1;1;2;1;679;0;1003290000;
9009448;1;2;16;BANCO DAVIVIENDA S.A.;860034313;2;1;1;1;2;1;662;0;503655000;
9009448;1;2;16;BANCO DAVIVIENDA S.A.;860034313;2;1;1;1;2;1;688;0;1010060000;
9009448;1;2;16;BANCOLOMBIA S.A.;890903938;2;1;1;1;2;1;401;0;1008890000;
9009448;1;2;16;LEASING BANCOLOMBIA COMPAÑIA DE FINANCIAMIENTO COM;860059294;2;1;1;1;2;1;508;0;1004310000;
9009448;1;2;16;LEASING BANCOLDEX S.A.;800225385;2;1;1;1;2;1;325;0;1004860000;
9009448;1;2;16;LEASING BANCOLOMBIA COMPAÑIA DE FINANCIAMIENTO COM;860059294;2;1;1;1;2;1;690;0;502855000;
9009448;1;2;16;BANCO FINANDINA S.A;860051894;2;1;1;1;2;11;328;0;503255000;
9009448;1;2;3;DIRECCION DEL TESORO NACIONAL;899999090;2;1;1;1;1;9;328;0;1037500000;50788366846
90021651;2;1;0;BANCO DE OCCIDENTE S.A.;890300279;0;0;0;0;0;0;0;0;1547817.64;
90021651;2;1;0;BANCO DE OCCIDENTE S.A.;890300279;0;0;0;0;0;0;0;0;1627737459.03;
90021651;1;2;78;DIRECCION DEL TESORO NACIONAL;899999090;2;1;1;1;4;9;3;0;10614942.67;
90021651;1;2;43;INVERSIONES LA 14;890325060;2;2;4;1;2;1;2859;0;90374884796.92;
9009438;2;2;0;BANCO DE BOGOTA S.A.;860002964;0;0;0;0;0;0;0;0;7301206.25;
9009438;2;2;0;BANCO DE BOGOTA S.A.;860002964;0;0;0;0;0;0;0;0;2387380403.56;
9009438;2;2;0;BANCO DE BOGOTA S.A.;860002964;0;0;0;0;0;0;0;0;326500771;
9009438;2;2;0;BANCO COMERCIAL AV VILLAS .S.A.;860035827;0;0;0;0;0;0;0;0;906487612.7;
9009438;2;2;0;BANCO COMERCIAL AV VILLAS .S.A.;860035827;0;0;0;0;0;0;0;0;189767937.65;
9009438;2;1;0;BANCO DE OCCIDENTE S.A.;890300279;0;0;0;0;0;0;0;0;56452794.54;
9009438;2;1;0;BANCO DE OCCIDENTE S.A.;890300279;0;0;0;0;0;0;0;0;50916308.83;
9009438;2;2;0;ABN AMRO BANK;860051705;0;0;0;0;0;0;0;0;241946;
9009438;2;2;0;ABN AMRO BANK;860051705;0;0;0;0;0;0;0;0;70291;
9009438;2;2;0;ABN AMRO BANK;860051705;0;0;0;0;0;0;0;0;4540234.39;
9009438;2;2;0;HELM BANK;860007660;0;0;0;0;0;0;0;0;2049601.85;
9009438;2;2;0;HELM BANK;860007660;0;0;0;0;0;0;0;0;88682646068.41;
9009438;2;2;0;BANCO CITIBANK COLOMBIA S.A.;860051135;0;0;0;0;0;0;0;0;1299111.21;
9009438;2;2;0;HSBC COLOMBIA SA;860050930;0;0;0;0;0;0;0;0;532000;
9009438;2;2;0;HSBC COLOMBIA SA;860050930;0;0;0;0;0;0;0;0;3838710.32;
9009438;2;2;0;BANCO COOMEVA S.A.;900406150;0;0;0;0;0;0;0;0;1522894.39;
9009438;2;2;0;BANCO COOMEVA S.A.;900406150;0;0;0;0;0;0;0;0;3802108059.86;
9009438;2;2;0;BANCO COLPATRIA MULTIBANCA COLPATRIA S.A.;860034594;0;0;0;0;0;0;0;0;2863599.6;
9009438;2;2;0;BANCO COLPATRIA MULTIBANCA COLPATRIA S.A.;860034594;0;0;0;0;0;0;0;0;52254158829.16;
9009438;2;2;0;BANCOLOMBIA S.A.;890903938;0;0;0;0;0;0;0;0;976977020.95;
9009438;2;2;0;BANCOLOMBIA S.A.;890903938;0;0;0;0;0;0;0;0;5294079782.75;
9009438;2;1;0;BANCO DE OCCIDENTE S.A.;890300279;0;0;0;0;0;0;0;0;600000000;
9009438;2;2;0;BANCOLOMBIA S.A.;890903938;0;0;0;0;0;0;0;0;175630000;
9009438;2;1;0;BANCO DE OCCIDENTE S.A.;890300279;0;0;0;0;0;0;0;0;1822444.95;
9009438;2;1;0;BANCO DE OCCIDENTE S.A.;890300279;0;0;0;0;0;0;0;0;51064883.25;
9009438;2;2;0;BANCO CORPBANCA;890903937;0;0;0;0;0;0;0;0;2430131878.73;
9009438;2;2;0;BANCO CORPBANCA;890903937;0;0;0;0;0;0;0;0;958576.08;
9009438;2;2;0;BANCO COMERCIAL AV VILLAS .S.A.;860035827;0;0;0;0;0;0;0;0;150000000;
9009438;2;2;0;BANCO COMERCIAL AV VILLAS .S.A.;860035827;0;0;0;0;0;0;0;0;161161912.18;
9009438;2;2;0;BANCO COMERCIAL AV VILLAS .S.A.;860035827;0;0;0;0;0;0;0;0;330209914.44;
9009438;2;2;0;BANCO POPULAR S.A.;860007738;0;0;0;0;0;0;0;0;1975476.29;
9009438;2;2;0;BANCO POPULAR S.A.;860007738;0;0;0;0;0;0;0;0;2089899.52;
9009438;2;2;0;GIROS & FINANZAS COMPAÑÍA DE FINANCIAMIENTO S.A.;860006797;0;0;0;0;0;0;0;0;2848417116.39;
9009438;2;2;0;BANCO GNB SUDAMERIS S.A.;860050750;0;0;0;0;0;0;0;0;2060393.41;
9009438;2;1;0;BANCO DE OCCIDENTE S.A.;890300279;0;0;0;0;0;0;0;0;5166152.79;
9009438;2;2;0;BANCO POPULAR S.A.;860007738;0;0;0;0;0;0;0;0;2071833158.32;
9009438;2;2;0;BANCO CAJA SOCIAL;860007335;0;0;0;0;0;0;0;0;1965044840.09;
9009438;2;2;0;BANCO CAJA SOCIAL;860007335;0;0;0;0;0;0;0;0;1217782.11;
9009438;2;1;0;BANCO DE OCCIDENTE S.A.;890300279;0;0;0;0;0;0;0;0;3320566593.53;
9009438;2;1;0;BANCO DE OCCIDENTE S.A.;890300279;0;0;0;0;0;0;0;0;254319549.21;
9009438;2;1;0;BANCO DE OCCIDENTE S.A.;890300279;0;0;0;0;0;0;0;0;1641157777.62;
9009438;2;1;0;BANCO DE OCCIDENTE S.A.;890300279;0;0;0;0;0;0;0;0;1318981383.9;
9009438;2;1;0;BANCO DE OCCIDENTE S.A.;890300279;0;0;0;0;0;0;0;0;7779732.84;
9009438;2;1;0;BANCO DE OCCIDENTE S.A.;890300279;0;0;0;0;0;0;0;0;2050040;
9009438;2;1;0;BANCO DE OCCIDENTE S.A.;890300279;0;0;0;0;0;0;0;0;150000000;
9009438;2;1;0;BANCO DE OCCIDENTE S.A.;890300279;0;0;0;0;0;0;0;0;235001950;
9009438;2;1;0;BANCO DE OCCIDENTE S.A.;890300279;0;0;0;0;0;0;0;0;41446361450.51;
9009438;2;1;0;BANCO DE OCCIDENTE S.A.;890300279;0;0;0;0;0;0;0;0;859377903.09;
9009438;2;1;0;BANCO DE OCCIDENTE S.A.;890300279;0;0;0;0;0;0;0;0;240392082.06;
9009438;2;2;0;BBVA COLOMBIA;860003020;0;0;0;0;0;0;0;0;18385014243.68;
9009438;2;2;0;BBVA COLOMBIA;860003020;0;0;0;0;0;0;0;0;1709664;
9009438;2;2;0;BBVA COLOMBIA;860003020;0;0;0;0;0;0;0;0;252682617;
9009438;2;2;0;BBVA COLOMBIA;860003020;0;0;0;0;0;0;0;0;176599800;
9009438;2;2;0;BANCO AGRARIO DE COLOMBIA;800037800;0;0;0;0;0;0;0;0;22143069;
9009438;2;1;0;BANCO DE OCCIDENTE S.A.;890300279;0;0;0;0;0;0;0;0;110579065.76;
9009438;2;2;0;BANCO PICHINCHA S.A.;890200756;0;0;0;0;0;0;0;0;10782622.7;
9009438;2;2;0;BANCO PICHINCHA S.A.;890200756;0;0;0;0;0;0;0;0;2136500;
9009438;2;2;0;BANCO AGRARIO DE COLOMBIA;800037800;0;0;0;0;0;0;0;0;495975335.16;
9009438;2;1;0;BANCO DE OCCIDENTE S.A.;890300279;0;0;0;0;0;0;0;0;50995816.6;
9009438;2;2;0;BANCO CITIBANK COLOMBIA S.A.;860051135;0;0;0;0;0;0;0;0;1971607820.37;
9009438;2;2;0;BANCO DAVIVIENDA S.A.;860034313;0;0;0;0;0;0;0;0;1616114279.7;
9009438;2;2;0;BANCO DAVIVIENDA S.A.;860034313;0;0;0;0;0;0;0;0;10149940;
9009438;2;2;0;BANCO DAVIVIENDA S.A.;860034313;0;0;0;0;0;0;0;0;1000000;
9009438;2;1;0;BANCO DE OCCIDENTE S.A.;890300279;0;0;0;0;0;0;0;0;362446521.12;
9009438;2;1;0;BANCO DE OCCIDENTE S.A.;890300279;0;0;0;0;0;0;0;0;848688.98;
9009438;2;1;0;BANCO DE OCCIDENTE S.A.;890300279;0;0;0;0;0;0;0;0;20254462.27;
9009438;2;1;0;BANCO DE OCCIDENTE S.A.;890300279;0;0;0;0;0;0;0;0;51157924.86;
9009438;2;1;0;BANCO DE OCCIDENTE S.A.;890300279;0;0;0;0;0;0;0;0;2609556.23;
9009438;2;1;0;BANCO DE OCCIDENTE S.A.;890300279;0;0;0;0;0;0;0;0;9727696.58;
9009438;2;1;0;BANCO DE OCCIDENTE S.A.;890300279;0;0;0;0;0;0;0;0;50570848.55;
9009438;2;2;0;BANCO GNB SUDAMERIS S.A.;860050750;0;0;0;0;0;0;0;0;58876705046.64;
9009438;1;2;41;FONDO DE INVERSION COLECTIVA ABIERTA OCCITESOROS;900072952;2;1;1;1;2;1;1;0;47899232158.43;
9009438;1;2;40;CARTERA COLECTIVA ABIERTA ALIANZA;800194297;2;1;1;1;2;1;1;0;50481107.48;
9009438;1;2;40;CCA HELM VALOR;900385962;2;1;1;1;2;1;1;0;377927608.2;
9009438;1;2;40;CCA FIDUCENTRAL;800179354;2;1;1;1;2;1;1;0;391672872.69;
9009438;1;2;40;CCA COLSEGUROS COMPARTIMENTO COLSEGUROS ALLIANZ ALTA LIQUIDEZ;900177886;2;1;1;1;2;1;1;0;496853891.97;
9009438;1;2;40;CARTERA COLECTIVA FONVAL;830046268;2;1;1;1;2;1;1;0;309276341.76;
9009438;1;2;40;CASA DE BOLSA LIQUIDEZ FONDO ABIERTO;805018677;2;1;1;1;2;1;1;0;249221345.01;
9009438;1;2;40;FCO RENDIR FIDUCOLPATRIA;800138694;2;1;1;1;2;1;1;0;52040903.05;
9009438;1;2;40;EFECTIVO F.C.O. FIDUPREVISORA;830045720;2;1;1;1;2;1;1;0;101148138.91;
9009438;1;2;78;DIRECCION DEL TESORO NACIONAL;899999090;2;1;1;1;4;9;1;0;17500052500;
9009438;1;2;78;DIRECCION DEL TESORO NACIONAL;899999090;2;1;1;1;4;9;1;0;1906448131;
9009438;1;2;9;GOBIERNO REPUBLICA DE COLOMBIA;899999083;2;1;1;1;4;9;13;0;71665012.8;
9009438;1;2;9;GOBIERNO REPUBLICA DE COLOMBIA;899999083;2;1;1;1;4;9;41;0;77181128;
9009438;1;2;9;GOBIERNO REPUBLICA DE COLOMBIA;899999083;2;1;1;1;4;9;76;0;83231060.8;
9009438;1;2;9;GOBIERNO REPUBLICA DE COLOMBIA;899999083;2;1;1;1;4;9;104;0;100313224;
9009438;1;2;9;GOBIERNO REPUBLICA DE COLOMBIA;899999083;2;1;1;1;4;9;132;0;107719943.2;
9009438;1;2;9;GOBIERNO REPUBLICA DE COLOMBIA;899999083;2;1;1;1;4;9;167;0;107141640.8;
9009438;1;2;9;GOBIERNO REPUBLICA DE COLOMBIA;899999083;2;1;1;1;4;9;195;0;101469828.8;
9009438;1;2;9;GOBIERNO REPUBLICA DE COLOMBIA;899999083;2;1;1;1;4;9;41;0;560953328;
9009438;1;2;16;BANCOLOMBIA S.A.;890903938;2;1;1;1;2;6;4;0;508095000;
9009438;1;2;16;BANCO CORPBANCA;890903937;2;1;1;1;2;1;51;0;1010520000;
9009438;1;2;16;BANCOLOMBIA S.A.;890903938;2;1;1;1;2;6;5;0;2032120000;
9009438;1;2;3;DIRECCION DEL TESORO NACIONAL;899999090;2;1;1;1;4;9;186;0;471507566;
9009438;1;2;3;DIRECCION DEL TESORO NACIONAL;899999090;2;1;1;1;4;9;522;0;746953281.87;
9009438;1;2;3;DIRECCION DEL TESORO NACIONAL;899999090;2;1;1;1;4;9;180;0;768001638.4;
9009438;1;2;3;DIRECCION DEL TESORO NACIONAL;899999090;2;1;1;1;4;9;114;0;284149400.26;
9009438;1;2;3;DIRECCION DEL TESORO NACIONAL;899999090;2;1;1;1;4;9;103;0;461556179.48;
9009438;1;2;3;DIRECCION DEL TESORO NACIONAL;899999090;2;1;1;1;4;9;91;0;963906467.31;
9009438;1;2;3;DIRECCION DEL TESORO NACIONAL;899999090;2;1;1;1;4;9;40;0;220684004.84;
9009438;1;2;3;DIRECCION DEL TESORO NACIONAL;899999090;2;1;1;1;4;9;30;0;267822346.16;
9009438;1;2;3;DIRECCION DEL TESORO NACIONAL;899999090;2;1;1;1;4;9;11;0;457447016.25;
9009438;1;2;16;LEASING BANCOLOMBIA COMPAÑIA DE FINANCIAMIENTO COM;860059294;2;1;1;1;2;6;11;0;1523670000;
9009438;1;2;3;DIRECCION DEL TESORO NACIONAL;899999090;2;1;1;1;4;9;111;0;611464328.06;
9009438;1;2;3;DIRECCION DEL TESORO NACIONAL;899999090;2;1;1;1;4;9;144;0;541686196.94;
9009438;1;2;3;DIRECCION DEL TESORO NACIONAL;899999090;2;1;1;1;4;9;111;0;458043506.44;
9009438;1;2;3;DIRECCION DEL TESORO NACIONAL;899999090;2;1;1;1;4;9;70;0;243109727.4;
9009438;1;2;3;DIRECCION DEL TESORO NACIONAL;899999090;2;1;1;1;4;9;138;0;161172131.58;
9009438;1;2;3;BANCO DAVIVIENDA S.A.;860034313;2;1;1;1;2;14;45;0;1515465000;
9009438;1;2;3;BANCO DAVIVIENDA S.A.;860034313;2;1;1;1;2;14;45;0;1010310000;
9009438;1;2;16;BBVA COLOMBIA;860003020;2;1;1;1;2;6;77;0;3020910000;
9009438;1;1;16;BANCO DE OCCIDENTE S.A.;890300279;2;1;1;1;2;14;89;0;10015400000;
9009438;1;2;16;BBVA COLOMBIA;860003020;2;1;1;1;2;1;274;0;3005880000;
9009438;1;2;16;LEASING BANCOLOMBIA COMPAÑIA DE FINANCIAMIENTO COM;860059294;2;1;1;1;2;6;93;0;2015000000;
9009438;1;2;16;G.M.A.C. FINANCIERA DE COLOMBIA S.A.CF;860029396;2;1;1;1;2;14;105;0;2014600000;
9009438;1;2;16;BANCO DE BOGOTA S.A.;860002964;2;1;1;1;2;6;67;0;6031380000;
9009438;1;2;16;BANCOLOMBIA S.A.;890903938;2;1;1;1;2;1;297;0;6678490000;
9009438;1;2;3;BANCO FINANDINA S.A;860051894;2;1;1;1;2;1;298;0;1515840000;
9009438;1;2;16;BANCO GNB SUDAMERIS S.A.;860050750;2;1;1;1;2;14;124;0;5039650000;
9009438;1;1;16;CORPORACION FINANCIERA COLOMBIANA S.A.;890300653;2;1;1;1;2;14;39;0;5076650000;
9009438;1;2;3;DIRECCION DEL TESORO NACIONAL;899999090;2;1;1;1;4;9;6;0;1270918265.76;
9009438;1;2;3;DIRECCION DEL TESORO NACIONAL;899999090;2;1;1;1;4;9;15;0;316369180.5;
9009438;1;2;3;DIRECCION DEL TESORO NACIONAL;899999090;2;1;1;1;4;9;48;0;278296269;
9009438;1;2;3;DIRECCION DEL TESORO NACIONAL;899999090;2;1;1;1;4;9;106;0;136253509.27;
9009438;1;2;3;DIRECCION DEL TESORO NACIONAL;899999090;2;1;1;1;4;9;112;0;140638147.52;
9009438;1;2;3;DIRECCION DEL TESORO NACIONAL;899999090;2;1;1;1;4;9;151;0;189389825.95;
9009438;1;1;16;CORPORACION FINANCIERA COLOMBIANA S.A.;890300653;2;1;1;1;2;14;130;0;5034250000;
9009438;1;1;16;CORPORACION FINANCIERA COLOMBIANA S.A.;890300653;2;1;1;1;2;14;130;0;3020550000;
9009438;1;2;16;BANCO DE BOGOTA S.A.;860002964;2;1;1;1;2;6;134;0;10055700000;
9009438;1;2;16;BANCO DE BOGOTA S.A.;860002964;2;1;1;1;2;6;134;0;10055700000;
9009438;1;2;16;BANCO COLPATRIA MULTIBANCA COLPATRIA S.A.;860034594;2;1;1;1;2;1;111;0;1027080000;
9009438;1;1;16;CORPORACION FINANCIERA COLOMBIANA S.A.;890300653;2;1;1;1;2;14;41;0;3040080000;
9009438;1;1;16;CORPORACION FINANCIERA COLOMBIANA S.A.;890300653;2;1;1;1;2;1;274;0;10142500000;
9009438;1;2;16;LEASING BANCOLOMBIA COMPAÑIA DE FINANCIAMIENTO COM;860059294;2;1;1;1;2;6;141;0;10042300000;
9009438;1;2;16;LEASING BANCOLOMBIA COMPAÑIA DE FINANCIAMIENTO COM;860059294;2;1;1;1;2;6;141;0;5021150000;
9009438;1;2;3;BANCO POPULAR S.A.;860007738;2;1;1;1;2;1;323;0;1509120000;
9009438;1;2;3;BANCO POPULAR S.A.;860007738;2;1;1;1;2;1;323;0;1509120000;
9009438;1;2;3;BANCO POPULAR S.A.;860007738;2;1;1;1;2;1;323;0;1006080000;
9009438;1;2;3;BANCO POPULAR S.A.;860007738;2;1;1;1;2;1;323;0;1006080000;
9009438;1;2;16;BANCO DAVIVIENDA S.A.;860034313;2;1;1;1;2;14;200;0;5136250000;
9009438;1;1;16;BANCO DE OCCIDENTE S.A.;890300279;2;1;1;1;2;14;75;0;3015570000;
9009438;1;2;16;LEASING BANCOLOMBIA COMPAÑIA DE FINANCIAMIENTO COM;860059294;2;1;1;1;2;6;148;0;1504845000;
9009438;1;1;3;BANCO DE OCCIDENTE S.A.;890300279;2;1;1;1;2;14;147;0;4075680000;
9009438;1;1;3;BANCO DE OCCIDENTE S.A.;890300279;2;1;1;1;2;14;147;0;1018920000;
9009438;1;2;16;LEASING BANCOLOMBIA COMPAÑIA DE FINANCIAMIENTO COM;860059294;2;1;1;1;2;6;150;0;1002940000;
9009438;1;2;16;G.M.A.C. FINANCIERA DE COLOMBIA S.A.CF;860029396;2;1;1;1;2;14;58;0;2005120000;
9009438;1;2;16;BANCOLOMBIA S.A.;890903938;2;1;1;1;2;1;337;0;2038420000;
9009438;1;2;16;BANCO DE BOGOTA S.A.;860002964;2;1;1;1;2;1;338;0;7059290000;
9009438;1;2;16;LEASING BANCOLOMBIA COMPAÑIA DE FINANCIAMIENTO COM;860059294;2;1;1;1;2;1;338;0;5043900000;
9009438;1;2;16;BANCOLOMBIA S.A.;890903938;2;1;1;1;2;6;33;0;7113050000;
9009438;1;2;16;FINANCIERA DE DESARROLLO TERRITORIAL S.A.;800096329;2;1;1;1;2;6;112;0;1533225000;
9009438;1;2;16;BANCOLOMBIA S.A.;890903938;2;1;1;1;2;1;294;0;3083820000;
9009438;1;2;16;BANCOLOMBIA S.A.;890903938;2;1;1;1;2;1;295;0;1027780000;
9009438;1;1;16;CORPORACION FINANCIERA COLOMBIANA S.A.;890300653;2;1;1;1;2;14;14;0;5055950000;
9009438;1;2;16;BANCO SANTANDER DE NEGOCIOS COLOMBI;900628110;2;1;1;1;2;6;212;0;5052400000;
9009438;1;2;16;BANCO SANTANDER DE NEGOCIOS COLOMBI;900628110;2;1;1;1;2;6;212;0;5052400000;
9009438;1;2;16;G.M.A.C. FINANCIERA DE COLOMBIA S.A.CF;860029396;2;1;1;1;2;14;29;0;2528000000;
9009438;1;2;16;BANCO COLPATRIA MULTIBANCA COLPATRIA S.A.;860034594;2;1;1;1;2;14;3;0;1014710000;
9009438;1;2;16;LEASING BANCOLOMBIA COMPAÑIA DE FINANCIAMIENTO COM;860059294;2;1;1;1;2;6;42;0;2010680000;
9009438;1;2;16;LEASING BANCOLOMBIA COMPAÑIA DE FINANCIAMIENTO COM;860059294;2;1;1;1;2;6;42;0;5529370000;
9009438;1;2;16;BANCO FINANDINA S.A;860051894;2;1;1;1;2;14;42;0;3011160000;
9009438;1;2;16;BANCO COMERCIAL AV VILLAS .S.A.;860035827;2;1;1;1;2;14;49;0;5033600000;
9009438;1;2;16;BANCO FINANDINA S.A;860051894;2;1;1;1;2;14;51;0;2005080000;
9009438;1;1;16;CORPORACION FINANCIERA COLOMBIANA S.A.;890300653;2;1;1;1;2;14;41;0;3040080000;
9009438;1;2;16;BANCO DE BOGOTA S.A.;860002964;2;1;1;1;2;6;134;0;1005570000;
9009438;1;2;16;BANCOLOMBIA S.A.;890903938;2;1;1;1;2;6;39;0;2131122000;
9009438;1;2;16;BANCO DAVIVIENDA S.A.;860034313;2;1;1;1;2;14;51;0;1004160000;
9009438;1;2;16;BANCOLOMBIA S.A.;890903938;2;1;1;1;2;6;42;0;5072100000;
9009438;1;2;16;BANCO FINANDINA S.A;860051894;2;1;1;1;2;1;247;0;5045300000;
9009438;1;2;16;BANCO CORPBANCA;890903937;2;1;1;1;2;1;258;0;4524255000;
9009438;1;2;16;BANCO DE BOGOTA S.A.;860002964;2;1;1;1;2;6;214;0;2005080000;
9009438;1;2;16;BANCOLOMBIA S.A.;890903938;2;1;1;1;2;1;444;0;9654280000;
9009438;1;2;16;BANCOLOMBIA S.A.;890903938;2;1;1;1;2;1;358;0;15256800000;
9009438;1;2;16;BANCOLOMBIA S.A.;890903938;2;1;1;1;2;6;39;0;1014820000;
9009438;1;2;16;BANCOLOMBIA S.A.;890903938;2;1;1;1;2;6;39;0;1014820000;
9009438;1;2;16;BANCO DE BOGOTA S.A.;860002964;2;1;1;1;2;6;67;0;7036610000;
9009438;1;1;16;BANCO DE OCCIDENTE S.A.;890300279;2;1;1;1;2;14;157;0;2021980000;
9009438;1;2;16;BANCO FALABELLA S.A.;900047981;2;1;1;1;2;1;266;0;5526675000;
9009438;1;2;16;BANCOLOMBIA S.A.;890903938;2;1;1;1;2;1;452;0;20295400000;
9009438;1;2;16;LEASING BANCOLOMBIA COMPAÑIA DE FINANCIAMIENTO COM;860059294;2;1;1;1;2;1;275;0;5144550000;
9009438;1;2;16;BANCO DE BOGOTA S.A.;860002964;2;1;1;1;2;1;236;0;2007600000;
9009438;1;2;16;BANCO DE BOGOTA S.A.;860002964;2;1;1;1;2;6;221;0;3036120000;
9009438;1;2;16;BANCO CORPBANCA;890903937;2;1;1;1;2;1;459;0;10147700000;
9009438;1;2;16;G.M.A.C. FINANCIERA DE COLOMBIA S.A.CF;860029396;2;1;1;1;2;1;279;0;3055740000;
9009438;1;2;16;G.M.A.C. FINANCIERA DE COLOMBIA S.A.CF;860029396;2;1;1;1;2;1;279;0;1018580000;
9009438;1;2;16;BANCO COLPATRIA MULTIBANCA COLPATRIA S.A.;860034594;2;1;1;1;2;1;279;0;4031120000;
9009438;1;2;16;BANCO COMERCIAL AV VILLAS .S.A.;860035827;2;1;1;1;2;1;279;0;3305263003.09;
9009438;1;2;16;BANCO POPULAR S.A.;860007738;2;1;1;1;2;14;205;0;3026250000;
9009438;1;2;16;BANCO POPULAR S.A.;860007738;2;1;1;1;2;14;205;0;5043750000;
9009438;1;2;3;BANCO DAVIVIENDA S.A.;860034313;2;1;1;1;2;14;162;0;7071190000;
9009438;1;2;3;BANCO DAVIVIENDA S.A.;860034313;2;1;1;1;2;14;162;0;2020340000;
9009438;1;2;3;BANCO PICHINCHA S.A.;890200756;2;1;1;1;2;1;281;0;2562625000;
9009438;1;2;3;BANCO PICHINCHA S.A.;890200756;2;1;1;1;2;1;281;0;2562625000;
9009438;1;2;16;BBVA COLOMBIA;860003020;2;1;1;1;2;1;466;0;20289400000;
9009438;1;2;16;G.M.A.C. FINANCIERA DE COLOMBIA S.A.CF;860029396;2;1;1;1;2;1;289;0;1526490000;
9009438;1;2;16;BANCO COMERCIAL AV VILLAS .S.A.;860035827;2;1;1;1;2;1;293;0;10111600000;
9009438;1;2;16;LEASING BOLIVAR;860067203;2;1;1;1;2;1;282;0;5082950000;
9009438;1;2;16;BANCO COLPATRIA MULTIBANCA COLPATRIA S.A.;860034594;2;1;1;1;2;1;245;0;2014720000;
9009438;1;1;16;CORPORACION FINANCIERA COLOMBIANA S.A.;890300653;2;1;1;1;2;1;257;0;3021360000;
9009438;1;2;16;SUFINANCIAMIENTO S.A.;860032330;2;1;1;1;2;1;294;0;1012200000;
9009438;1;2;16;BANCO DAVIVIENDA S.A.;860034313;2;1;1;1;2;1;295;0;10045500000;
9009438;1;2;16;BANCO DAVIVIENDA S.A.;860034313;2;1;1;1;2;1;478;0;10260500000;
9009438;1;2;16;BANCO GNB SUDAMERIS S.A.;860050750;2;1;1;1;2;1;478;0;10043900000;
9009438;1;2;16;BBVA COLOMBIA;860003020;2;1;1;1;2;1;275;0;2030160000;
9009438;1;2;16;BANCO DE BOGOTA S.A.;860002964;2;1;1;1;2;1;235;0;3021750000;
9009438;1;2;16;FINANCIERA DE DESARROLLO TERRITORIAL S.A.;800096329;2;1;1;1;2;1;274;0;5007900000;
9009438;1;2;16;LEASING BANCOLDEX S.A.;800225385;2;1;1;1;2;1;297;0;1013750000;
9009438;1;2;16;LEASING BANCOLDEX S.A.;800225385;2;1;1;1;2;1;297;0;2027500000;
9009438;1;2;16;LEASING BANCOLDEX S.A.;800225385;2;1;1;1;2;1;300;0;2027140000;
9009438;1;2;16;G.M.A.C. FINANCIERA DE COLOMBIA S.A.CF;860029396;2;1;1;1;2;1;484;0;3042120000;
9009438;1;2;10;FONDO PARA EL FINANCIAMIENTO DEL SECTOR AGROPECUARIO S.A. FI;800116398;2;1;1;1;2;14;121;0;1017610015.58;
9009438;1;2;10;FONDO PARA EL FINANCIAMIENTO DEL SECTOR AGROPECUARIO S.A. FI;800116398;2;1;1;1;2;14;121;0;1662398737.2;
9009438;1;2;16;BANCO DAVIVIENDA S.A.;860034313;2;1;1;1;2;1;313;0;4084480000;
9009438;1;2;16;G.M.A.C. FINANCIERA DE COLOMBIA S.A.CF;860029396;2;1;1;1;2;1;507;0;1009900000;
9009438;1;2;16;BANCO DE BOGOTA S.A.;860002964;2;1;1;1;2;6;67;0;5026150000;
9009438;1;2;16;BANCO DAVIVIENDA S.A.;860034313;2;1;1;1;2;1;328;0;2545500000;
9009438;1;2;3;BANCO FINANDINA S.A;860051894;2;1;1;1;2;1;481;0;2032040000;
9009438;1;2;3;UNE EPM TELECOMUNICACIONES S.A;900092385;2;1;1;1;1;1;476;0;6246660000;
9009438;1;2;16;BANCO PICHINCHA S.A.;890200756;2;1;1;1;2;14;149;0;1008050000;
9009438;1;2;16;G.M.A.C. FINANCIERA DE COLOMBIA S.A.CF;860029396;2;1;1;1;2;1;339;0;502510000;
9009438;1;2;16;G.M.A.C. FINANCIERA DE COLOMBIA S.A.CF;860029396;2;1;1;1;2;1;339;0;4020080000;
9009438;1;2;16;LEASING BANCOLOMBIA COMPAÑIA DE FINANCIAMIENTO COM;860059294;2;1;1;1;2;6;208;0;2526675000;
9009438;1;2;16;BANCOLOMBIA S.A.;890903938;2;1;1;1;2;1;289;0;4114960000;
9009438;1;2;16;LEASING BOLIVAR;860067203;2;1;1;1;2;1;534;0;3022710000;
9009438;1;2;16;BANCO PICHINCHA S.A.;890200756;2;1;1;1;2;1;555;0;6137700000;
9009438;1;2;16;BANCO GNB SUDAMERIS S.A.;860050750;2;1;1;1;2;14;12;0;8187920000;
9009438;1;2;16;BANCO DAVIVIENDA S.A.;860034313;2;1;1;1;2;1;340;0;5040800000;
9009438;1;2;16;BANCO DAVIVIENDA S.A.;860034313;2;1;1;1;2;14;95;0;5096200000;
9009438;1;2;16;BANCOLOMBIA S.A.;890903938;2;1;1;1;2;6;205;0;6562010000;
9009438;1;2;16;BANCO DAVIVIENDA S.A.;860034313;2;1;1;1;2;14;95;0;5096200000;
9009438;1;2;16;LEASING BANCOLOMBIA COMPAÑIA DE FINANCIAMIENTO COM;860059294;2;1;1;1;2;6;26;0;9197910000;
9009438;1;2;16;BBVA COLOMBIA;860003020;2;1;1;1;2;1;333;0;5023000000;
9009438;1;2;16;BANCO DAVIVIENDA S.A.;860034313;2;1;1;1;2;14;95;0;5096200000;
9009438;1;2;16;BANCO CORPBANCA;890903937;2;1;1;1;2;1;210;0;5049300000;
9009438;1;2;16;BANCO CORPBANCA;890903937;2;1;1;1;2;1;435;0;4021560000;
9009438;1;2;16;BANCOLOMBIA S.A.;890903938;2;1;1;1;2;6;216;0;15107700000;
9009438;1;2;16;BANCO DAVIVIENDA S.A.;860034313;2;1;1;1;2;14;216;0;10157900000;
9009438;1;2;3;BANCO DAVIVIENDA S.A.;860034313;2;1;1;1;2;14;162;0;5050850000;
9009438;1;2;16;BANCOLOMBIA S.A.;890903938;2;1;1;1;2;6;217;0;1511610000;
9009438;1;2;16;LEASING BANCOLOMBIA COMPAÑIA DE FINANCIAMIENTO COM;860059294;2;1;1;1;2;6;112;0;3021960000;
9009438;1;2;16;BBVA COLOMBIA;860003020;2;1;1;1;2;1;311;0;4059160000;
9009438;1;2;16;BANCO DAVIVIENDA S.A.;860034313;2;1;1;1;2;1;229;0;10045200000;
9009438;1;2;16;BANCOLOMBIA S.A.;890903938;2;1;1;1;2;6;45;0;5051850000;
9009438;1;2;16;BANCO DAVIVIENDA S.A.;860034313;2;1;1;1;2;14;224;0;10066800000;
9009438;1;2;16;BANCO DAVIVIENDA S.A.;860034313;2;1;1;1;2;1;486;0;1012200000;
9009438;1;2;16;BANCO DAVIVIENDA S.A.;860034313;2;1;1;1;2;1;487;0;2024060000;
9009438;1;2;16;BANCO DAVIVIENDA S.A.;860034313;2;1;1;1;2;14;99;0;2028600000;
9009438;1;2;16;BANCO DAVIVIENDA S.A.;860034313;2;1;1;1;2;14;99;0;2028600000;
9009438;1;2;16;BANCO AGRARIO DE COLOMBIA;800037800;2;1;1;1;2;14;77;0;20387800000;
9009438;1;2;16;BANCOLOMBIA S.A.;890903938;2;1;1;1;2;6;209;0;5102900000;
9009438;1;2;16;BBVA COLOMBIA;860003020;2;1;1;1;2;1;354;0;1512555000;
9009438;1;2;16;BBVA COLOMBIA;860003020;2;1;1;1;2;1;378;0;1022590000;
9009438;1;2;16;BANCO CAJA SOCIAL;860007335;2;1;1;1;2;14;48;0;3055950000;
9009438;1;2;16;SUFINANCIAMIENTO S.A.;860032330;2;1;1;1;2;6;127;0;6212520000;
9009438;1;2;16;BBVA COLOMBIA;860003020;2;1;1;1;2;1;378;0;510710000;
9009438;1;2;16;BBVA COLOMBIA;860003020;2;1;1;1;2;1;378;0;1021420000;
9009438;1;2;16;BANCO COLPATRIA MULTIBANCA COLPATRIA S.A.;860034594;2;1;1;1;2;1;463;0;2545575000;
9009438;1;2;16;BANCO DAVIVIENDA S.A.;860034313;2;1;1;1;2;1;330;0;3225664000;
9009438;1;2;3;BANCO DAVIVIENDA S.A.;860034313;2;1;1;1;2;1;465;0;10162400000;
9009438;1;2;16;LEASING BANCOLOMBIA COMPAÑIA DE FINANCIAMIENTO COM;860059294;2;1;1;1;2;14;50;0;3055800000;
9009438;1;2;16;BANCO DAVIVIENDA S.A.;860034313;2;1;1;1;2;1;471;0;2053300000;
9009438;1;2;16;BANCOLOMBIA S.A.;890903938;2;1;1;1;2;6;233;0;20106200000;
9009438;1;2;16;BANCOLOMBIA S.A.;890903938;2;1;1;1;2;6;49;0;10181300000;
9009438;1;2;16;BANCO DAVIVIENDA S.A.;860034313;2;1;1;1;2;1;477;0;10144400000;
9009438;1;2;16;BANCO PICHINCHA S.A.;890200756;2;1;1;1;2;1;610;0;3035640000;
9009438;1;2;10;DIRECCION DEL TESORO NACIONAL;899999090;2;1;1;1;4;9;349;0;3081960000;
9009438;1;2;16;BANCO DAVIVIENDA S.A.;860034313;2;1;1;1;2;14;244;0;8029040000;
9009438;1;2;10;DIRECCION DEL TESORO NACIONAL;899999090;2;1;1;1;4;9;349;0;2054640000;
9009438;1;2;10;DIRECCION DEL TESORO NACIONAL;899999090;2;1;1;1;4;9;349;0;4109280000;
9009438;1;2;10;DIRECCION DEL TESORO NACIONAL;899999090;2;1;1;1;4;9;349;0;2054640000;
9009438;1;2;16;BBVA COLOMBIA;860003020;2;1;1;1;2;1;373;0;1017010000;
9009438;1;2;16;BANCOLOMBIA S.A.;890903938;2;1;1;1;2;1;401;0;1008890000;
9009438;1;2;16;BANCOLOMBIA S.A.;890903938;2;1;1;1;2;1;401;0;7062230000;
9009438;1;2;16;BANCO COLPATRIA MULTIBANCA COLPATRIA S.A.;860034594;2;1;1;1;2;1;435;0;10090100000;
9009438;1;2;16;BANCOLOMBIA S.A.;890903938;2;1;1;1;2;1;421;0;7038850000;
9009438;1;2;16;BANCO COLPATRIA MULTIBANCA COLPATRIA S.A.;860034594;2;1;1;1;2;1;435;0;4036040000;
9009438;1;2;16;BANCO DAVIVIENDA S.A.;860034313;2;1;1;1;2;1;254;0;3016470000;
9009438;1;2;10;DIRECCION DEL TESORO NACIONAL;899999090;2;1;1;1;4;9;349;0;1027320000;
9009438;1;2;10;DIRECCION DEL TESORO NACIONAL;899999090;2;1;1;1;4;9;349;0;2054640000;
9009438;1;2;16;BANCO PICHINCHA S.A.;890200756;2;1;1;1;2;1;261;0;2004820000;
9009438;1;2;16;BANCO COLPATRIA MULTIBANCA COLPATRIA S.A.;860034594;2;1;1;1;2;1;445;0;5008350000;
9009438;1;2;16;BANCO COLPATRIA MULTIBANCA COLPATRIA S.A.;860034594;2;1;1;1;2;1;446;0;1001510000;
9009438;1;2;16;BANCO COLPATRIA MULTIBANCA COLPATRIA S.A.;860034594;2;1;1;1;2;1;435;0;3027030000;
9009438;1;2;3;BANCO DE COMERCIO EXTERIOR DE COLOMBIA S.A.;800149923;2;1;1;1;2;6;67;0;2012720000;
9009438;1;2;16;BANCO CITIBANK COLOMBIA S.A.;860051135;2;1;1;1;2;6;88;0;10129500000;
9009438;1;1;16;CORPORACION FINANCIERA COLOMBIANA S.A.;890300653;2;1;1;1;2;1;269;0;10029200000;
9009438;1;2;16;BANCOLOMBIA S.A.;890903938;2;1;1;1;2;6;88;0;3039600000;
9009438;1;2;16;BANCO COLPATRIA MULTIBANCA COLPATRIA S.A.;860034594;2;1;1;1;2;14;80;0;2525650000;
9009438;1;2;16;HSBC COLOMBIA SA;860050930;2;1;1;1;2;1;80;0;8528900000;
9009438;1;2;16;BANCOLOMBIA S.A.;890903938;2;1;1;1;2;1;279;0;1011830000;
9009438;1;1;16;CORPORACION FINANCIERA COLOMBIANA S.A.;890300653;2;1;1;1;2;1;279;0;5074000000;
9009438;1;1;16;CORPORACION FINANCIERA COLOMBIANA S.A.;890300653;2;1;1;1;2;1;279;0;2029600000;
9009438;1;2;16;BANCO DAVIVIENDA S.A.;860034313;2;1;1;1;2;1;281;0;6597435000;
9009438;1;2;16;BANCOLOMBIA S.A.;890903938;2;1;1;1;2;1;346;0;3560130000;
9009438;1;2;3;BANCO DAVIVIENDA S.A.;860034313;2;1;1;1;2;1;465;0;508120000;
9009438;1;1;3;BANCO DE OCCIDENTE S.A.;890300279;2;1;1;1;2;14;244;0;4148840000;
9009438;1;1;16;CORPORACION FINANCIERA COLOMBIANA S.A.;890300653;2;1;1;1;2;1;288;0;5058050000;
9009438;1;2;3;BANCO PICHINCHA S.A.;890200756;2;1;1;1;2;14;281;0;2050100000;
9009438;1;1;16;CORPORACION FINANCIERA COLOMBIANA S.A.;890300653;2;1;1;1;2;14;53;0;2027280000;
9009438;1;1;16;CORPORACION FINANCIERA COLOMBIANA S.A.;890300653;2;1;1;1;2;14;53;0;2027280000;
9009438;1;2;16;LEASING BANCOLOMBIA COMPAÑIA DE FINANCIAMIENTO COM;860059294;2;1;1;1;2;1;293;0;2017820000;
9009438;1;2;16;BANCO CORPBANCA;890903937;2;1;1;1;2;1;296;0;3026100000;
9009438;1;2;16;LEASING BANCOLOMBIA COMPAÑIA DE FINANCIAMIENTO COM;860059294;2;1;1;1;2;14;207;0;5044250000;
9009438;1;2;16;BANCOLOMBIA S.A.;890903938;2;1;1;1;2;1;484;0;10076800000;
9009438;1;2;10;FONDO PARA EL FINANCIAMIENTO DEL SECTOR AGROPECUARIO S.A. FI;800116398;2;1;1;1;2;14;301;0;1128956400;
9009438;1;2;10;FONDO PARA EL FINANCIAMIENTO DEL SECTOR AGROPECUARIO S.A. FI;800116398;2;1;1;1;2;14;301;0;1956788400;
9009438;1;2;10;DIRECCION DEL TESORO NACIONAL;899999090;2;1;1;1;4;9;3308;0;1271320000;
9009438;1;2;10;DIRECCION DEL TESORO NACIONAL;899999090;2;1;1;1;4;9;3308;0;1271320000;
9009438;1;2;10;DIRECCION DEL TESORO NACIONAL;899999090;2;1;1;1;4;9;3308;0;1271320000;
9009438;1;2;10;DIRECCION DEL TESORO NACIONAL;899999090;2;1;1;1;4;9;3308;0;1271320000;
9009438;1;2;16;BANCO CORPBANCA;890903937;2;1;1;1;2;1;491;0;1507650000;
9009438;1;2;10;DIRECCION DEL TESORO NACIONAL;899999090;2;1;1;1;4;9;1532;0;3286230000;
9009438;1;2;16;BANCO FINANDINA S.A;860051894;2;1;1;1;2;1;494;0;2018840000;
9009438;1;2;16;BANCO CORPBANCA;890903937;2;1;1;1;2;14;242;0;1002240000;
9009438;1;2;16;LEASING BANCOLOMBIA COMPAÑIA DE FINANCIAMIENTO COM;860059294;2;1;1;1;2;1;511;0;1510830000;
9009438;1;2;10;DIRECCION DEL TESORO NACIONAL;899999090;2;1;1;1;4;9;3308;0;1271320000;
9009438;1;2;16;BBVA COLOMBIA;860003020;2;1;1;1;2;1;592;0;1009170000;
9009438;1;2;16;BANCO PICHINCHA S.A.;890200756;2;1;1;1;2;1;498;0;504925000;
9009438;1;1;16;BANCO DE OCCIDENTE S.A.;890300279;2;1;1;1;2;1;679;0;7023030000;
9009438;1;2;16;BANCO CORPBANCA;890903937;2;1;1;1;2;1;498;0;3023130000;
9009438;1;2;16;LEASING BANCOLOMBIA COMPAÑIA DE FINANCIAMIENTO COM;860059294;2;1;1;1;2;1;680;0;2015420000;
9009438;1;2;16;LEASING BOLIVAR;860067203;2;1;1;1;2;1;501;0;4523445000;
9009438;1;2;16;BANCOLOMBIA S.A.;890903938;2;1;1;1;2;1;598;0;3012300000;
9009438;1;1;16;CORPORACION FINANCIERA COLOMBIANA S.A.;890300653;2;1;1;1;2;14;167;0;5038000000;
9009438;1;2;16;LEASING BANCOLOMBIA COMPAÑIA DE FINANCIAMIENTO COM;860059294;2;1;1;1;2;1;683;0;3024240000;
9009438;1;2;16;BANCO GNB SUDAMERIS S.A.;860050750;2;1;1;1;2;14;230;0;4643550000;
9009438;1;2;16;LEASING BOLIVAR;860067203;2;1;1;1;2;1;599;0;1011890000;
9009438;1;2;16;BANCO DAVIVIENDA S.A.;860034313;2;1;1;1;2;1;688;0;10025600000;
9009438;1;2;16;BANCO DE COMERCIO EXTERIOR DE COLOMBIA S.A.;800149923;2;1;1;1;2;6;95;0;7067410000;
9009438;1;2;16;LEASING BANCOLOMBIA COMPAÑIA DE FINANCIAMIENTO COM;860059294;2;1;1;1;2;1;508;0;3012930000;
9009438;1;2;16;LEASING BANCOLDEX S.A.;800225385;2;1;1;1;2;1;325;0;1004860000;
9009438;1;2;16;LEASING BANCOLOMBIA COMPAÑIA DE FINANCIAMIENTO COM;860059294;2;1;1;1;2;1;690;0;10057100000;
9009438;1;2;10;DIRECCION DEL TESORO NACIONAL;899999090;2;1;1;1;4;9;349;0;3081960000;
9009438;1;2;16;BANCO CORPBANCA;890903937;2;1;1;1;2;1;328;0;3013800000;
9009438;1;2;16;BANCO COLPATRIA MULTIBANCA COLPATRIA S.A.;860034594;2;1;1;1;2;14;141;0;3012690000;
9009438;1;2;10;DIRECCION DEL TESORO NACIONAL;899999090;2;1;1;1;4;9;349;0;5136600000;
9009438;1;2;3;DIRECCION DEL TESORO NACIONAL;899999090;2;1;1;1;4;9;328;0;5956422227.68;
9009438;1;2;10;DIRECCION DEL TESORO NACIONAL;899999090;2;1;1;1;4;9;3308;0;1271320000;
9009438;1;2;16;FINANCIERA DE DESARROLLO TERRITORIAL S.A.;800096329;2;1;1;1;2;1;527;0;4510980000;
9009438;1;2;16;BANCO GNB SUDAMERIS S.A.;860050750;2;1;1;1;2;14;41;0;2014220000;
9009438;1;2;16;BANCO AGRARIO DE COLOMBIA;800037800;2;1;1;1;2;14;170;0;20040200000;
9009438;1;2;16;BBVA COLOMBIA;860003020;2;1;1;1;2;1;722;0;9981600000;
9009438;1;2;16;FINANCIERA DE DESARROLLO TERRITORIAL S.A.;800096329;2;1;1;1;2;1;450;0;10513755000;
9009438;1;2;10;DIRECCION DEL TESORO NACIONAL;899999090;2;1;1;1;4;9;685;0;2319103836;
9009438;1;2;10;DIRECCION DEL TESORO NACIONAL;899999090;2;1;1;1;4;9;365;0;1511955000;
9009438;1;2;9;GOBIERNO REPUBLICA DE COLOMBIA;899999083;2;1;1;1;4;9;13;0;581260639.2;
9009438;1;2;9;GOBIERNO REPUBLICA DE COLOMBIA;899999083;2;1;1;1;4;9;41;0;222424;
9009438;1;2;9;GOBIERNO REPUBLICA DE COLOMBIA;899999083;2;1;1;1;4;9;104;0;618116296;
9009438;1;2;9;GOBIERNO REPUBLICA DE COLOMBIA;899999083;2;1;1;1;4;9;132;0;652814440;
9009438;1;2;9;GOBIERNO REPUBLICA DE COLOMBIA;899999083;2;1;1;1;4;9;167;0;760423171.2;
9009438;1;2;9;GOBIERNO REPUBLICA DE COLOMBIA;899999083;2;1;1;1;4;9;76;0;596805591.5;
9009438;1;2;9;GOBIERNO REPUBLICA DE COLOMBIA;899999083;2;1;1;1;4;9;195;0;689929633.78;
9009453;2;1;0;BANCO DE OCCIDENTE S.A.;890300279;0;0;0;0;0;0;0;0;68194072.5;
9009453;2;2;0;HELM BANK;860007660;0;0;0;0;0;0;0;0;1806948.95;
9009453;2;2;0;HELM BANK;860007660;0;0;0;0;0;0;0;0;57507005755.97;
9009453;2;2;0;HSBC COLOMBIA SA;860050930;0;0;0;0;0;0;0;0;6246389.03;
9009453;2;2;0;BANCO CITIBANK COLOMBIA S.A.;860051135;0;0;0;0;0;0;0;0;2981856.59;
9009453;2;2;0;BANCO COLPATRIA MULTIBANCA COLPATRIA S.A.;860034594;0;0;0;0;0;0;0;0;13904414;
9009453;2;2;0;BANCO COLPATRIA MULTIBANCA COLPATRIA S.A.;860034594;0;0;0;0;0;0;0;0;20602530995.14;
9009453;2;2;0;BANCOLOMBIA S.A.;890903938;0;0;0;0;0;0;0;0;1613093.69;
9009453;2;2;0;BANCOLOMBIA S.A.;890903938;0;0;0;0;0;0;0;0;878319260.29;
9009453;2;1;0;BANCO DE OCCIDENTE S.A.;890300279;0;0;0;0;0;0;0;0;723071.14;
9009453;2;2;0;BANCO CORPBANCA;890903937;0;0;0;0;0;0;0;0;1082784.49;
9009453;2;2;0;BANCO CORPBANCA;890903937;0;0;0;0;0;0;0;0;1038781245.83;
9009453;2;2;0;BANCO COMERCIAL AV VILLAS .S.A.;860035827;0;0;0;0;0;0;0;0;2024882.62;
9009453;2;2;0;BANCO COMERCIAL AV VILLAS .S.A.;860035827;0;0;0;0;0;0;0;0;1219094496.94;
9009453;2;2;0;BANCO DE BOGOTA S.A.;860002964;0;0;0;0;0;0;0;0;1529772866.36;
9009453;2;2;0;BANCO DE BOGOTA S.A.;860002964;0;0;0;0;0;0;0;0;1992101.26;
9009453;2;2;0;BANCO POPULAR S.A.;860007738;0;0;0;0;0;0;0;0;2170181.88;
9009453;2;2;0;BANCO CAJA SOCIAL;860007335;0;0;0;0;0;0;0;0;2259540;
9009453;2;2;0;BANCO POPULAR S.A.;860007738;0;0;0;0;0;0;0;0;1606409868.52;
9009453;2;2;0;BANCO CAJA SOCIAL;860007335;0;0;0;0;0;0;0;0;301404791.2;
9009453;2;1;0;BANCO DE OCCIDENTE S.A.;890300279;0;0;0;0;0;0;0;0;146356445.75;
9009453;2;1;0;BANCO DE OCCIDENTE S.A.;890300279;0;0;0;0;0;0;0;0;1405710823.2;
9009453;2;1;0;BANCO DE OCCIDENTE S.A.;890300279;0;0;0;0;0;0;0;0;439462082.96;
9009453;2;1;0;BANCO DE OCCIDENTE S.A.;890300279;0;0;0;0;0;0;0;0;9673443630.13;
9009453;2;2;0;BBVA COLOMBIA;860003020;0;0;0;0;0;0;0;0;14988933743.29;
9009453;2;2;0;BBVA COLOMBIA;860003020;0;0;0;0;0;0;0;0;2067316;
9009453;2;2;0;BANCO AGRARIO DE COLOMBIA;800037800;0;0;0;0;0;0;0;0;161825;
9009453;2;1;0;BANCO DE OCCIDENTE S.A.;890300279;0;0;0;0;0;0;0;0;1614974.2;
9009453;2;2;0;BANCO PICHINCHA S.A.;890200756;0;0;0;0;0;0;0;0;2014807224.97;
9009453;2;2;0;BANCO AGRARIO DE COLOMBIA;800037800;0;0;0;0;0;0;0;0;789803500.78;
9009453;2;2;0;BANCO DAVIVIENDA S.A.;860034313;0;0;0;0;0;0;0;0;4580678.61;
9009453;2;2;0;BANCO DAVIVIENDA S.A.;860034313;0;0;0;0;0;0;0;0;1070823129.11;
9009453;2;2;0;BANCO CITIBANK COLOMBIA S.A.;860051135;0;0;0;0;0;0;0;0;930705242.53;
9009453;2;2;0;BANCO GNB SUDAMERIS S.A.;860050750;0;0;0;0;0;0;0;0;1940815.31;
9009453;2;1;0;BANCO DE OCCIDENTE S.A.;890300279;0;0;0;0;0;0;0;0;69335556.74;
9009453;2;1;0;BANCO DE OCCIDENTE S.A.;890300279;0;0;0;0;0;0;0;0;267217829.08;
9009453;2;1;0;BANCO DE OCCIDENTE S.A.;890300279;0;0;0;0;0;0;0;0;2306087.76;
9009453;2;1;0;BANCO DE OCCIDENTE S.A.;890300279;0;0;0;0;0;0;0;0;512144.9;
9009453;2;2;0;BANCO GNB SUDAMERIS S.A.;860050750;0;0;0;0;0;0;0;0;30610656505.91;
9009453;1;2;9;GOBIERNO REPUBLICA DE COLOMBIA;899999083;2;1;1;1;4;9;13;0;23532459.2;
9009453;1;2;9;GOBIERNO REPUBLICA DE COLOMBIA;899999083;2;1;1;1;4;9;76;0;19395292.04;
9009453;1;2;9;GOBIERNO REPUBLICA DE COLOMBIA;899999083;2;1;1;1;4;9;41;0;20173856.8;
9009453;1;2;9;GOBIERNO REPUBLICA DE COLOMBIA;899999083;2;1;1;1;4;9;132;0;19840220.8;
9009453;1;2;9;GOBIERNO REPUBLICA DE COLOMBIA;899999083;2;1;1;1;4;9;167;0;22931914.4;
9009453;1;2;9;GOBIERNO REPUBLICA DE COLOMBIA;899999083;2;1;1;1;4;9;195;0;222421.73;
9009453;1;2;9;GOBIERNO REPUBLICA DE COLOMBIA;899999083;2;1;1;1;4;9;195;0;24888979.67;
9009453;1;2;9;GOBIERNO REPUBLICA DE COLOMBIA;899999083;2;1;1;1;4;9;104;0;19439857.6;
9009453;1;2;16;BBVA COLOMBIA;860003020;2;1;1;1;2;6;16;0;2029480000;
9009453;1;1;16;BANCO DE OCCIDENTE S.A.;890300279;2;1;1;1;2;14;5;0;1016050000;
9009453;1;2;16;BBVA COLOMBIA;860003020;2;1;1;1;2;6;48;0;5055750000;
9009453;1;2;16;BANCOLOMBIA S.A.;890903938;2;1;1;1;2;6;32;0;3048840000;
9009453;1;2;16;BBVA COLOMBIA;860003020;2;1;1;1;2;6;77;0;3020910000;
9009453;1;2;16;BANCOLOMBIA S.A.;890903938;2;1;1;1;2;1;297;0;1027460000;
9009453;1;2;16;BANCO GNB SUDAMERIS S.A.;860050750;2;1;1;1;2;14;124;0;5039650000;
9009453;1;2;16;BBVA COLOMBIA;860003020;2;1;1;1;2;1;262;0;504780000;
9009453;1;2;16;BANCOLOMBIA S.A.;890903938;2;1;1;1;2;6;39;0;2537050000;
9009453;1;2;16;BANCO DAVIVIENDA S.A.;860034313;2;1;1;1;2;14;113;0;1022130000;
9009453;1;2;16;BANCOLOMBIA S.A.;890903938;2;1;1;1;2;6;32;0;3048840000;
9009453;1;2;16;FINANCIERA DE DESARROLLO TERRITORIAL S.A.;800096329;2;1;1;1;2;6;48;0;2007420000;
9009453;1;2;16;BANCO COLPATRIA MULTIBANCA COLPATRIA S.A.;860034594;2;1;1;1;2;1;80;0;1515390000;
9009453;1;2;16;BANCO DAVIVIENDA S.A.;860034313;2;1;1;1;2;14;9;0;2034600000;
9009453;1;2;16;FINANCIERA DE DESARROLLO TERRITORIAL S.A.;800096329;2;1;1;1;2;6;48;0;2007420000;
9009453;1;1;16;BANCO DE OCCIDENTE S.A.;890300279;2;1;1;1;2;14;75;0;5025950000;
9009453;1;2;16;BANCOLOMBIA S.A.;890903938;2;1;1;1;2;1;329;0;5102550000;
9009453;1;2;16;BBVA COLOMBIA;860003020;2;1;1;1;2;1;333;0;10046000000;
9009453;1;2;16;BANCO DE BOGOTA S.A.;860002964;2;1;1;1;2;1;338;0;4033880000;
9009453;1;2;16;BANCO DE BOGOTA S.A.;860002964;2;1;1;1;2;1;338;0;3025410000;
9009453;1;2;16;BANCO DAVIVIENDA S.A.;860034313;2;1;1;1;2;1;340;0;4032640000;
9009453;1;2;16;BANCOLOMBIA S.A.;890903938;2;1;1;1;2;1;287;0;5145300000;
9009453;1;2;16;BANCOLOMBIA S.A.;890903938;2;1;1;1;2;1;337;0;1019210000;
9009453;1;2;16;BANCO DE BOGOTA S.A.;860002964;2;1;1;1;2;6;67;0;3015690000;
9009453;1;2;16;BANCO COMERCIAL AV VILLAS .S.A.;860035827;2;1;1;1;2;14;22;0;1035828510.39;
9009453;1;2;16;BANCO CORPBANCA;890903937;2;1;1;1;2;1;63;0;1004740000;
9009453;1;2;16;BANCOLOMBIA S.A.;890903938;2;1;1;1;2;6;85;0;1511640000;
9009453;1;2;16;BBVA COLOMBIA;860003020;2;1;1;1;2;6;54;0;1012910000;
9009453;1;2;16;BANCO DAVIVIENDA S.A.;860034313;2;1;1;1;2;14;41;0;3544345000;
9009453;1;2;16;BANCO DE BOGOTA S.A.;860002964;2;1;1;1;2;6;208;0;5108900000;
9009453;1;2;16;BANCO CORPBANCA;890903937;2;1;1;1;2;1;258;0;4021560000;
9009453;1;2;16;BANCO DE COMERCIO EXTERIOR DE COLOMBIA S.A.;800149923;2;1;1;1;2;6;203;0;4035040000;
9009453;1;2;16;BANCOLOMBIA S.A.;890903938;2;1;1;1;2;1;358;0;1017120000;
9009453;1;2;16;BANCOLOMBIA S.A.;890903938;2;1;1;1;2;1;358;0;5085600000;
9009453;1;2;16;BANCOLOMBIA S.A.;890903938;2;1;1;1;2;1;452;0;5073850000;
9009453;1;2;16;BANCO CORPBANCA;890903937;2;1;1;1;2;1;459;0;5073850000;
9009453;1;2;16;BANCO DE BOGOTA S.A.;860002964;2;1;1;1;2;1;241;0;5015250000;
9009453;1;2;16;BBVA COLOMBIA;860003020;2;1;1;1;2;1;466;0;10144700000;
9009453;1;2;16;BANCO COMERCIAL AV VILLAS .S.A.;860035827;2;1;1;1;2;1;293;0;10111600000;
9009453;1;2;16;BANCO DAVIVIENDA S.A.;860034313;2;1;1;1;2;14;206;0;2016620000;
9009453;1;2;16;BBVA COLOMBIA;860003020;2;1;1;1;2;6;120;0;3041040000;
9009453;1;2;16;BANCO DAVIVIENDA S.A.;860034313;2;1;1;1;2;1;478;0;5130250000;
9009453;1;2;16;BBVA COLOMBIA;860003020;2;1;1;1;2;1;274;0;5009800000;
9009453;1;2;16;BANCO COLPATRIA MULTIBANCA COLPATRIA S.A.;860034594;2;1;1;1;2;14;105;0;10279300000;
9009453;1;2;16;BANCO DE COMERCIO EXTERIOR DE COLOMBIA S.A.;800149923;2;1;1;1;2;6;198;0;1518420000;
9009453;1;2;16;BANCO SANTANDER DE NEGOCIOS COLOMBI;900628110;2;1;1;1;2;1;400;0;1010690000;
9009453;1;2;16;BANCO CORPBANCA;890903937;2;1;1;1;2;1;2;0;2008100000;
9009453;1;2;16;BANCO PICHINCHA S.A.;890200756;2;1;1;1;2;14;149;0;2016100000;
9009453;1;2;16;BANCO DE BOGOTA S.A.;860002964;2;1;1;1;2;6;134;0;502785000;
9009453;1;2;16;BANCO DAVIVIENDA S.A.;860034313;2;1;1;1;2;1;329;0;2036060000;
9009453;1;2;16;BANCO DE BOGOTA S.A.;860002964;2;1;1;1;2;6;134;0;5027850000;
9009453;1;1;16;BANCO DE OCCIDENTE S.A.;890300279;2;1;1;1;2;14;89;0;2503850000;
9009453;1;2;16;BANCO CORPBANCA;890903937;2;1;1;1;2;1;34;0;1008810000;
9009453;1;2;16;BANCO CORPBANCA;890903937;2;1;1;1;2;1;34;0;1008810000;
9009453;1;2;16;BANCO DE COMERCIO EXTERIOR DE COLOMBIA S.A.;800149923;2;1;1;1;2;6;59;0;1007690000;
9009453;1;2;16;BANCO GNB SUDAMERIS S.A.;860050750;2;1;1;1;2;14;14;0;6136560000;
9009453;1;2;16;BANCO CORPBANCA;890903937;2;1;1;1;2;1;340;0;2011000000;
9009453;1;2;16;BANCO DAVIVIENDA S.A.;860034313;2;1;1;1;2;1;383;0;8108880000;
9009453;1;2;16;BANCO DAVIVIENDA S.A.;860034313;2;1;1;1;2;14;95;0;5096200000;
9009453;1;2;16;BANCOLOMBIA S.A.;890903938;2;1;1;1;2;6;205;0;3533390000;
9009453;1;2;16;BANCO DAVIVIENDA S.A.;860034313;2;1;1;1;2;14;206;0;5046950000;
9009453;1;2;16;BANCO DAVIVIENDA S.A.;860034313;2;1;1;1;2;14;95;0;5096200000;
9009453;1;2;16;BANCO SANTANDER DE NEGOCIOS COLOMBI;900628110;2;1;1;1;2;1;387;0;5066750000;
9009453;1;2;16;BANCO DAVIVIENDA S.A.;860034313;2;1;1;1;2;14;209;0;2017880000;
9009453;1;2;16;BANCO DAVIVIENDA S.A.;860034313;2;1;1;1;2;14;209;0;8071520000;
9009453;1;2;16;BANCO DAVIVIENDA S.A.;860034313;2;1;1;1;2;14;95;0;5096200000;
9009453;1;2;16;BANCO COLPATRIA MULTIBANCA COLPATRIA S.A.;860034594;2;1;1;1;2;14;3;0;2029420000;
9009453;1;2;16;BANCO CORPBANCA;890903937;2;1;1;1;2;1;210;0;5049300000;
9009453;1;2;16;BBVA COLOMBIA;860003020;2;1;1;1;2;6;100;0;5044750000;
9009453;1;2;16;BBVA COLOMBIA;860003020;2;1;1;1;2;6;100;0;5044750000;
9009453;1;2;16;BANCOLOMBIA S.A.;890903938;2;1;1;1;2;6;216;0;5035900000;
9009453;1;2;16;BANCO DAVIVIENDA S.A.;860034313;2;1;1;1;2;14;216;0;6094740000;
9009453;1;2;16;BANCO DAVIVIENDA S.A.;860034313;2;1;1;1;2;14;192;0;2020760000;
9009453;1;2;16;BANCO DAVIVIENDA S.A.;860034313;2;1;1;1;2;14;149;0;3522750000;
9009453;1;2;16;BANCO DAVIVIENDA S.A.;860034313;2;1;1;1;2;14;198;0;8544030000;
9009453;1;2;16;BANCO DAVIVIENDA S.A.;860034313;2;1;1;1;2;14;198;0;5025900000;
9009453;1;2;16;FINANCIERA DE DESARROLLO TERRITORIAL S.A.;800096329;2;1;1;1;2;1;232;0;5044650000;
9009453;1;2;16;BANCO COLPATRIA MULTIBANCA COLPATRIA S.A.;860034594;2;1;1;1;2;14;5;0;3071400000;
9009453;1;2;16;BANCO DAVIVIENDA S.A.;860034313;2;1;1;1;2;14;224;0;10066800000;
9009453;1;2;16;BANCO COLPATRIA MULTIBANCA COLPATRIA S.A.;860034594;2;1;1;1;2;14;186;0;1006930000;
9009453;1;2;16;BBVA COLOMBIA;860003020;2;1;1;1;2;14;196;0;1010360000;
9009453;1;2;16;BANCO DE BOGOTA S.A.;860002964;2;1;1;1;2;14;172;0;1506615000;
9009453;1;2;16;BBVA COLOMBIA;860003020;2;1;1;1;2;14;197;0;5077350000;
9009453;1;2;16;BANCO AGRARIO DE COLOMBIA;800037800;2;1;1;1;2;14;77;0;20387800000;
9009453;1;2;16;BANCOLOMBIA S.A.;890903938;2;1;1;1;2;6;209;0;5102900000;
9009453;1;2;16;BANCO POPULAR S.A.;860007738;2;1;1;1;2;14;205;0;5043750000;
9009453;1;2;16;BANCO DAVIVIENDA S.A.;860034313;2;1;1;1;2;1;428;0;3029130000;
9009453;1;2;16;BANCO PICHINCHA S.A.;890200756;2;1;1;1;2;11;429;0;2017620000;
9009453;1;2;10;DIRECCION DEL TESORO NACIONAL;899999090;2;1;1;1;4;9;349;0;3081960000;
9009453;1;2;10;DIRECCION DEL TESORO NACIONAL;899999090;2;1;1;1;4;9;349;0;3081960000;
9009453;1;2;10;DIRECCION DEL TESORO NACIONAL;899999090;2;1;1;1;4;9;349;0;3081960000;
9009453;1;2;16;BBVA COLOMBIA;860003020;2;1;1;1;2;1;497;0;2018000000;
9009453;1;2;16;FINANCIERA DE DESARROLLO TERRITORIAL S.A.;800096329;2;1;1;1;2;6;136;0;1010380000;
9009453;1;2;16;BANCO CORPBANCA;890903937;2;1;1;1;2;14;121;0;506900000;
9009453;1;2;16;BANCO CORPBANCA;890903937;2;1;1;1;2;14;128;0;1010080000;
9009453;1;2;16;BANCOLOMBIA S.A.;890903938;2;1;1;1;2;1;401;0;2017780000;
9009453;1;2;16;BANCOLOMBIA S.A.;890903938;2;1;1;1;2;1;419;0;2011780000;
9009453;1;2;10;DIRECCION DEL TESORO NACIONAL;899999090;2;1;1;1;4;9;349;0;2054640000;
9009453;1;2;16;BANCO DAVIVIENDA S.A.;860034313;2;1;1;1;2;1;258;0;2009760000;
9009453;1;2;16;BANCO DAVIVIENDA S.A.;860034313;2;1;1;1;2;1;261;0;5022050000;
9009453;1;2;16;BANCO COLPATRIA MULTIBANCA COLPATRIA S.A.;860034594;2;1;1;1;2;1;445;0;5008350000;
9009453;1;1;16;BANCO DE OCCIDENTE S.A.;890300279;2;1;1;1;2;14;71;0;2008840000;
9009453;1;2;16;BANCO COLPATRIA MULTIBANCA COLPATRIA S.A.;860034594;2;1;1;1;2;1;268;0;6002700000;
9009453;1;2;16;BANCO DAVIVIENDA S.A.;860034313;2;1;1;1;2;1;281;0;6089940000;
9009453;1;2;16;BBVA COLOMBIA;860003020;2;1;1;1;2;14;168;0;1005560000;
9009453;1;2;16;BANCO COLPATRIA MULTIBANCA COLPATRIA S.A.;860034594;2;1;1;1;2;1;421;0;517635000;
9009453;1;2;16;FINANCIERA DE DESARROLLO TERRITORIAL S.A.;800096329;2;1;1;1;2;1;481;0;4697415000;
9009453;1;2;16;BANCOLOMBIA S.A.;890903938;2;1;1;1;2;1;289;0;1543110000;
9009453;1;2;16;BANCOLOMBIA S.A.;890903938;2;1;1;1;2;1;295;0;2055560000;
9009453;1;2;16;FINANCIERA DE DESARROLLO TERRITORIAL S.A.;800096329;2;1;1;1;2;1;349;0;3086610000;
9009453;1;2;16;BANCO CITIBANK COLOMBIA S.A.;860051135;2;1;1;1;2;1;290;0;1053230000;
9009453;1;2;16;BANCOLOMBIA S.A.;890903938;2;1;1;1;2;1;295;0;1027780000;
9009453;1;2;16;BBVA COLOMBIA;860003020;2;1;1;1;2;14;171;0;5045000000;
9009453;1;2;16;BBVA COLOMBIA;860003020;2;1;1;1;2;1;359;0;6018360000;
9009453;1;2;16;BANCOLOMBIA S.A.;890903938;2;1;1;1;2;6;87;0;5037450000;
9009453;1;1;16;BANCO DE OCCIDENTE S.A.;890300279;2;1;1;1;2;14;282;0;5053000000;
9009453;1;2;16;BANCO CITIBANK COLOMBIA S.A.;860051135;2;1;1;1;2;6;156;0;5144000000;
9009453;1;1;16;BANCO DE OCCIDENTE S.A.;890300279;2;1;1;1;2;14;13;0;3030690000;
9009453;1;2;16;BBVA COLOMBIA;860003020;2;1;1;1;2;14;283;0;5060400000;
9009453;1;2;16;BANCOLOMBIA S.A.;890903938;2;1;1;1;2;1;484;0;10076800000;
9009453;1;2;16;BANCO COLPATRIA MULTIBANCA COLPATRIA S.A.;860034594;2;1;1;1;2;1;301;0;5043650000;
9009453;1;2;16;BBVA COLOMBIA;860003020;2;1;1;1;2;1;372;0;2029160000;
9009453;1;2;16;BANCO DAVIVIENDA S.A.;860034313;2;1;1;1;2;1;307;0;3013620000;
9009453;1;2;16;BANCO CORPBANCA;890903937;2;1;1;1;2;1;491;0;1005100000;
9009453;1;2;10;DIRECCION DEL TESORO NACIONAL;899999090;2;1;1;1;4;9;1532;0;2190820000;
9009453;1;2;16;BANCO CORPBANCA;890903937;2;1;1;1;2;1;498;0;5038550000;
9009453;1;2;16;BBVA COLOMBIA;860003020;2;1;1;1;2;14;245;0;1511490000;
9009453;1;2;16;BBVA COLOMBIA;860003020;2;1;1;1;2;1;660;0;5059800000;
9009453;1;2;16;BANCO DAVIVIENDA S.A.;860034313;2;1;1;1;2;1;507;0;10044200000;
9009453;1;2;16;BANCOLOMBIA S.A.;890903938;2;1;1;1;2;1;401;0;3026670000;
9009453;1;2;16;BANCO DE COMERCIO EXTERIOR DE COLOMBIA S.A.;800149923;2;1;1;1;2;6;94;0;3029280000;
9009453;1;2;16;BANCO DE COMERCIO EXTERIOR DE COLOMBIA S.A.;800149923;2;1;1;1;2;6;150;0;1006680000;
9009453;1;2;10;DIRECCION DEL TESORO NACIONAL;899999090;2;1;1;1;4;9;349;0;5136600000;
9009453;1;2;16;BBVA COLOMBIA;860003020;2;1;1;1;2;14;193;0;3030690000;
9009453;1;2;16;BBVA COLOMBIA;860003020;2;1;1;1;2;14;100;0;1008950000;
9009453;1;2;16;BANCO DAVIVIENDA S.A.;860034313;2;1;1;1;2;14;135;0;503720000;
9009453;1;2;16;BANCOLOMBIA S.A.;890903938;2;1;1;1;2;6;55;0;10173400000;
9009453;1;2;16;BANCO COLPATRIA MULTIBANCA COLPATRIA S.A.;860034594;2;1;1;1;2;1;520;0;2005720000;
9009453;1;2;16;BANCOLOMBIA S.A.;890903938;2;1;1;1;2;6;331;0;2040380000;
9009453;1;2;16;FINANCIERA DE DESARROLLO TERRITORIAL S.A.;800096329;2;1;1;1;2;1;527;0;1503660000;
9009453;1;2;10;DIRECCION DEL TESORO NACIONAL;899999090;2;1;1;1;4;9;365;0;10079700000;
9009453;1;2;16;BANCO AGRARIO DE COLOMBIA;800037800;2;1;1;1;2;14;170;0;20040200000;
9009453;1;2;16;FINANCIERA DE DESARROLLO TERRITORIAL S.A.;800096329;2;1;1;1;2;1;450;0;3003930000;
9009453;1;2;16;BANCO CORPBANCA;890903937;2;1;1;1;2;1;441;0;2007266025.82;
9009452;2;1;0;BANCO DE OCCIDENTE S.A.;890300279;0;0;0;0;0;0;0;0;684622.6;
9009452;2;2;0;BANCOLOMBIA S.A.;890903938;0;0;0;0;0;0;0;0;800744.97;
9009452;2;2;0;BANCOLOMBIA S.A.;890903938;0;0;0;0;0;0;0;0;1440952011.4;
9009452;2;1;0;BANCO DE OCCIDENTE S.A.;890300279;0;0;0;0;0;0;0;0;433942289.57;
9009452;2;1;0;BANCO DE OCCIDENTE S.A.;890300279;0;0;0;0;0;0;0;0;351478713.5;
9009452;2;1;0;BANCO DE OCCIDENTE S.A.;890300279;0;0;0;0;0;0;0;0;1023121569.89;
9009452;2;1;0;BANCO DE OCCIDENTE S.A.;890300279;0;0;0;0;0;0;0;0;23397494.32;
9009452;2;1;0;BANCO DE OCCIDENTE S.A.;890300279;0;0;0;0;0;0;0;0;4988244.32;
9009452;2;1;0;BANCO DE OCCIDENTE S.A.;890300279;0;0;0;0;0;0;0;0;126137352.66;
9009452;2;1;0;BANCO DE OCCIDENTE S.A.;890300279;0;0;0;0;0;0;0;0;85950.44;
9009452;2;1;0;BANCO DE OCCIDENTE S.A.;890300279;0;0;0;0;0;0;0;0;706632.13;
9009452;1;2;41;FONDO DE INVERSION COLECTIVA CERRADA OCCIDECOL;900386785;2;1;1;1;2;1;1;0;909157806;
9009452;1;2;78;DIRECCION DEL TESORO NACIONAL;899999090;1;1;1;1;4;9;3;0;21853068.67;
9009452;1;2;9;GOBIERNO REPUBLICA DE COLOMBIA;899999083;2;1;1;1;4;9;76;0;31317299.2;
9009452;1;2;9;GOBIERNO REPUBLICA DE COLOMBIA;899999083;2;1;1;1;4;9;104;0;34497962.4;
9009452;1;2;9;GOBIERNO REPUBLICA DE COLOMBIA;899999083;2;1;1;1;4;9;132;0;34431235.2;
9009452;1;2;9;GOBIERNO REPUBLICA DE COLOMBIA;899999083;2;1;1;1;4;9;195;0;32095783.2;
9009452;1;2;9;GOBIERNO REPUBLICA DE COLOMBIA;899999083;2;1;1;1;4;9;167;0;34942810.4;
9009452;1;2;9;GOBIERNO REPUBLICA DE COLOMBIA;899999083;2;1;1;1;4;9;13;0;31917844;
9009452;1;2;9;GOBIERNO REPUBLICA DE COLOMBIA;899999083;2;1;1;1;4;9;41;0;30427603.2;
9009452;1;2;28;COOPERATIVA UNIVERSAL DE SERVICIOS COOPERATIVOS;900280404;2;1;1;1;1;52;643;0;4827033.51;
9009452;1;2;28;COOPERATIVA UNIVERSAL DE SERVICIOS COOPERATIVOS;900280404;2;1;1;1;1;52;643;0;13408425.44;
9009452;1;2;28;COOPERATIVA UNIVERSAL DE SERVICIOS COOPERATIVOS;900280404;2;1;1;1;1;52;4;0;184808.26;
9009452;1;2;28;COOPERATIVA UNIVERSAL DE SERVICIOS COOPERATIVOS;900280404;2;1;1;1;1;52;431;0;1764651.68;
9009452;1;2;28;COOPERATIVA UNIVERSAL DE SERVICIOS COOPERATIVOS;900280404;2;1;1;1;1;52;35;0;373830.34;
9009452;1;2;28;COOPERATIVA UNIVERSAL DE SERVICIOS COOPERATIVOS;900280404;2;1;1;1;1;52;643;0;13408425.44;
9009452;1;2;28;COOPERATIVA UNIVERSAL DE SERVICIOS COOPERATIVOS;900280404;2;1;1;1;1;52;643;0;13408425.44;
9009452;1;2;28;COOPERATIVA UNIVERSAL DE SERVICIOS COOPERATIVOS;900280404;2;1;1;1;1;52;643;0;3886975.32;
9009452;1;2;28;COOPERATIVA UNIVERSAL DE SERVICIOS COOPERATIVOS;900280404;2;1;1;1;1;52;4;0;222308.47;
9009452;1;2;28;COOPERATIVA UNIVERSAL DE SERVICIOS COOPERATIVOS;900280404;2;1;1;1;1;52;369;0;3376329.61;
9009452;1;2;28;COOPERATIVA UNIVERSAL DE SERVICIOS COOPERATIVOS;900280404;2;1;1;1;1;52;339;0;1128549.22;
9009452;1;2;28;COOPERATIVA UNIVERSAL DE SERVICIOS COOPERATIVOS;900280404;2;1;1;1;1;52;339;0;940457.81;
9009452;1;2;28;COOPERATIVA UNIVERSAL DE SERVICIOS COOPERATIVOS;900280404;2;1;1;1;1;52;704;0;14195899.58;
9009452;1;2;28;COOPERATIVA UNIVERSAL DE SERVICIOS COOPERATIVOS;900280404;2;1;1;1;1;52;461;0;4462266.7;
9009452;1;2;28;COOPERATIVA UNIVERSAL DE SERVICIOS COOPERATIVOS;900280404;2;1;1;1;1;52;339;0;1119619.28;
9009452;1;2;28;COOPERATIVA UNIVERSAL DE SERVICIOS COOPERATIVOS;900280404;2;1;1;1;1;52;522;0;2067423.18;
9009452;1;2;28;COOPERATIVA UNIVERSAL DE SERVICIOS COOPERATIVOS;900280404;2;1;1;1;1;52;734;0;8501610.96;
9009452;1;2;28;COOPERATIVA UNIVERSAL DE SERVICIOS COOPERATIVOS;900280404;2;1;1;1;1;52;96;0;1105761.16;
9009452;1;2;28;COOPERATIVA UNIVERSAL DE SERVICIOS COOPERATIVOS;900280404;2;1;1;1;1;52;734;0;3825724.93;
9009452;1;2;28;COOPERATIVA UNIVERSAL DE SERVICIOS COOPERATIVOS;900280404;2;1;1;1;1;52;765;0;4867472.98;
9009452;1;2;28;COOPERATIVA UNIVERSAL DE SERVICIOS COOPERATIVOS;900280404;2;1;1;1;1;52;673;0;6793434.02;
9009452;1;2;28;COOPERATIVA UNIVERSAL DE SERVICIOS COOPERATIVOS;900280404;2;1;1;1;1;52;765;0;1408295.16;
9009452;1;2;28;COOPERATIVA UNIVERSAL DE SERVICIOS COOPERATIVOS;900280404;2;1;1;1;1;52;796;0;6174852.3;
9009452;1;2;28;COOPERATIVA UNIVERSAL DE SERVICIOS COOPERATIVOS;900280404;2;1;1;1;1;52;796;0;4631139.17;
9009452;1;2;28;EL CEDRO COOPERATIVA MULTIACTIVA;900136193;2;1;1;1;1;52;384;0;2675551.4;
9009452;1;2;28;EL CEDRO COOPERATIVA MULTIACTIVA;900136193;2;1;1;1;1;52;384;0;2675551.4;
9009452;1;2;28;EL CEDRO COOPERATIVA MULTIACTIVA;900136193;2;1;1;1;1;52;111;0;885404.45;
9009452;1;2;28;EL CEDRO COOPERATIVA MULTIACTIVA;900136193;2;1;1;1;1;52;446;0;2191839.35;
9009452;1;2;28;EL CEDRO COOPERATIVA MULTIACTIVA;900136193;2;1;1;1;1;52;476;0;6460654.46;
9009452;1;2;28;EL CEDRO COOPERATIVA MULTIACTIVA;900136193;2;1;1;1;1;52;507;0;3476795.46;
9009452;1;2;28;EL CEDRO COOPERATIVA MULTIACTIVA;900136193;2;1;1;1;1;52;507;0;3569510.02;
9009452;1;2;28;EL CEDRO COOPERATIVA MULTIACTIVA;900136193;2;1;1;1;1;52;507;0;3013222.76;
9009452;1;2;28;EL CEDRO COOPERATIVA MULTIACTIVA;900136193;2;1;1;1;1;52;537;0;3222772.48;
9009452;1;2;28;EL CEDRO COOPERATIVA MULTIACTIVA;900136193;2;1;1;1;1;52;537;0;4394689.71;
9009452;1;2;28;EL CEDRO COOPERATIVA MULTIACTIVA;900136193;2;1;1;1;1;52;537;0;5078308.18;
9009452;1;2;28;EL CEDRO COOPERATIVA MULTIACTIVA;900136193;2;1;1;1;1;52;537;0;3808731.1;
9009452;1;2;28;EL CEDRO COOPERATIVA MULTIACTIVA;900136193;2;1;1;1;1;52;537;0;2832133.39;
9009452;1;2;28;EL CEDRO COOPERATIVA MULTIACTIVA;900136193;2;1;1;1;1;52;537;0;2392664.39;
9009452;1;2;28;EL CEDRO COOPERATIVA MULTIACTIVA;900136193;2;1;1;1;1;52;537;0;1923897.48;
9009452;1;2;28;EL CEDRO COOPERATIVA MULTIACTIVA;900136193;2;1;1;1;1;52;599;0;9127997.61;
9009452;1;2;28;EL CEDRO COOPERATIVA MULTIACTIVA;900136193;2;1;1;1;1;52;627;0;8749849.17;
9009452;1;2;28;EL CEDRO COOPERATIVA MULTIACTIVA;900136193;2;1;1;1;1;52;627;0;4711457.2;
9009452;1;2;28;EL CEDRO COOPERATIVA MULTIACTIVA;900136193;2;1;1;1;1;52;599;0;5530492.65;
9009452;1;2;28;EL CEDRO COOPERATIVA MULTIACTIVA;900136193;2;1;1;1;1;52;627;0;4318835.81;
9009452;1;2;28;EL CEDRO COOPERATIVA MULTIACTIVA;900136193;2;1;1;1;1;52;627;0;2804438.84;
9009452;1;2;28;EL CEDRO COOPERATIVA MULTIACTIVA;900136193;2;1;1;1;1;52;688;0;4680957.99;
9009452;1;2;28;EL CEDRO COOPERATIVA MULTIACTIVA;900136193;2;1;1;1;1;52;688;0;2371685.39;
9009452;1;2;28;EL CEDRO COOPERATIVA MULTIACTIVA;900136193;2;1;1;1;1;52;719;0;5183333.94;
9009452;1;2;28;EL CEDRO COOPERATIVA MULTIACTIVA;900136193;2;1;1;1;1;52;719;0;4794583.85;
9009452;1;2;28;EL CEDRO COOPERATIVA MULTIACTIVA;900136193;2;1;1;1;1;52;719;0;1917833.58;
9009452;1;2;28;EL CEDRO COOPERATIVA MULTIACTIVA;900136193;2;1;1;1;1;52;719;0;3401562.87;
9009452;1;2;28;EL CEDRO COOPERATIVA MULTIACTIVA;900136193;2;1;1;1;1;52;719;0;3952292.15;
9009452;1;2;28;EL CEDRO COOPERATIVA MULTIACTIVA;900136193;2;1;1;1;1;52;719;0;4729792.15;
9009452;1;2;28;EL CEDRO COOPERATIVA MULTIACTIVA;900136193;2;1;1;1;1;52;719;0;15550001.74;
9009452;1;2;28;EL CEDRO COOPERATIVA MULTIACTIVA;900136193;2;1;1;1;1;52;719;0;2753646.13;
9009452;1;2;28;EL CEDRO COOPERATIVA MULTIACTIVA;900136193;2;1;1;1;1;52;719;0;783979.29;
9009452;1;2;28;EL CEDRO COOPERATIVA MULTIACTIVA;900136193;2;1;1;1;1;52;719;0;7366813.35;
9009452;1;2;28;EL CEDRO COOPERATIVA MULTIACTIVA;900136193;2;1;1;1;1;52;749;0;5505910.38;
9009452;1;2;28;EL CEDRO COOPERATIVA MULTIACTIVA;900136193;2;1;1;1;1;52;719;0;4405833.84;
9009452;1;2;28;EL CEDRO COOPERATIVA MULTIACTIVA;900136193;2;1;1;1;1;52;749;0;973606.12;
9009452;1;2;28;EL CEDRO COOPERATIVA MULTIACTIVA;900136193;2;1;1;1;1;52;19;0;97941.92;
9009452;1;2;28;EL CEDRO COOPERATIVA MULTIACTIVA;900136193;2;1;1;1;1;52;749;0;7855994.02;
9009452;1;2;28;EL CEDRO COOPERATIVA MULTIACTIVA;900136193;2;1;1;1;1;52;749;0;5586484.66;
9009452;1;2;28;EL CEDRO COOPERATIVA MULTIACTIVA;900136193;2;1;1;1;1;52;749;0;10071787.16;
9009452;1;2;28;EL CEDRO COOPERATIVA MULTIACTIVA;900136193;2;1;1;1;1;52;749;0;1443622.81;
9009452;1;2;28;EL CEDRO COOPERATIVA MULTIACTIVA;900136193;2;1;1;1;1;52;142;0;1042276.64;
9009452;1;2;28;EL CEDRO COOPERATIVA MULTIACTIVA;900136193;2;1;1;1;1;52;384;0;2501836.03;
9009452;1;2;28;EL CEDRO COOPERATIVA MULTIACTIVA;900136193;2;1;1;1;1;52;780;0;6947293.73;
9009452;1;2;28;EL CEDRO COOPERATIVA MULTIACTIVA;900136193;2;1;1;1;1;52;780;0;11115669.84;
9009452;1;2;28;EL CEDRO COOPERATIVA MULTIACTIVA;900136193;2;1;1;1;1;52;780;0;2431552.76;
9009452;1;2;28;EL CEDRO COOPERATIVA MULTIACTIVA;900136193;2;1;1;1;1;52;780;0;3751538.55;
9009452;1;2;28;EL CEDRO COOPERATIVA MULTIACTIVA;900136193;2;1;1;1;1;52;50;0;323420.81;
9009452;1;2;28;EL CEDRO COOPERATIVA MULTIACTIVA;900136193;2;1;1;1;1;52;780;0;6322037.32;
9009452;1;2;28;EL CEDRO COOPERATIVA MULTIACTIVA;900136193;2;1;1;1;1;52;780;0;4029430.35;
9009452;1;2;28;EL CEDRO COOPERATIVA MULTIACTIVA;900136193;2;1;1;1;1;52;780;0;3821011.51;
9009452;1;2;28;EL CEDRO COOPERATIVA MULTIACTIVA;900136193;2;1;1;1;1;52;415;0;2697590.2;
9009452;1;2;28;EL CEDRO COOPERATIVA MULTIACTIVA;900136193;2;1;1;1;1;52;172;0;501692.88;
9009452;1;2;28;EL CEDRO COOPERATIVA MULTIACTIVA;900136193;2;1;1;1;1;52;627;0;6123172.11;
9009452;1;2;28;EL CEDRO COOPERATIVA MULTIACTIVA;900136193;2;1;1;1;1;52;658;0;3701401.68;
9009452;1;2;28;EL CEDRO COOPERATIVA MULTIACTIVA;900136193;2;1;1;1;1;52;719;0;1240294.48;
9009452;1;2;28;EL CEDRO COOPERATIVA MULTIACTIVA;900136193;2;1;1;1;1;52;354;0;1822698.81;
9009452;1;2;28;EL CEDRO COOPERATIVA MULTIACTIVA;900136193;2;1;1;1;1;52;384;0;856141.99;
9009452;1;2;28;EL CEDRO COOPERATIVA MULTIACTIVA;900136193;2;1;1;1;1;52;415;0;1846129.88;
9009452;1;2;28;EL CEDRO COOPERATIVA MULTIACTIVA;900136193;2;1;1;1;1;52;446;0;3474801.59;
9009452;1;2;28;EL CEDRO COOPERATIVA MULTIACTIVA;900136193;2;1;1;1;1;52;658;0;1040053.98;
9009452;1;2;28;EL CEDRO COOPERATIVA MULTIACTIVA;900136193;2;1;1;1;1;52;476;0;2881626.17;
9009452;1;2;28;EL CEDRO COOPERATIVA MULTIACTIVA;900136193;2;1;1;1;1;52;293;0;2614125.02;
9009452;1;2;28;COOPERATIVA UNIVERSAL DE SERVICIOS COOPERATIVOS;900280404;2;1;1;1;1;52;857;0;4058372.04;
9009452;1;2;28;COOPERATIVA UNIVERSAL DE SERVICIOS COOPERATIVOS;900280404;2;1;1;1;1;52;857;0;2213054.93;
9009452;1;2;28;COOPERATIVA UNIVERSAL DE SERVICIOS COOPERATIVOS;900280404;2;1;1;1;1;52;492;0;1223519.48;
9009452;1;2;28;COOPERATIVA UNIVERSAL DE SERVICIOS COOPERATIVOS;900280404;2;1;1;1;1;52;127;0;518926.44;
9009452;1;2;28;COOPERATIVA UNIVERSAL DE SERVICIOS COOPERATIVOS;900280404;2;1;1;1;1;52;492;0;2447038.78;
9009452;1;2;28;COOPERATIVA UNIVERSAL DE SERVICIOS COOPERATIVOS;900280404;2;1;1;1;1;52;127;0;2075705.65;
9009452;1;2;28;COOPERATIVA UNIVERSAL DE SERVICIOS COOPERATIVOS;900280404;2;1;1;1;1;52;857;0;6818065.03;
9009452;1;2;28;COOPERATIVA UNIVERSAL DE SERVICIOS COOPERATIVOS;900280404;2;1;1;1;1;52;492;0;5505837.28;
9009452;1;2;28;COOPERATIVA UNIVERSAL DE SERVICIOS COOPERATIVOS;900280404;2;1;1;1;1;52;492;0;2141158.92;
9009452;1;2;28;COOPERATIVA UNIVERSAL DE SERVICIOS COOPERATIVOS;900280404;2;1;1;1;1;52;857;0;3246697.63;
9009452;1;2;28;COOPERATIVA UNIVERSAL DE SERVICIOS COOPERATIVOS;900280404;2;1;1;1;1;52;857;0;1217511.61;
9009452;1;2;28;COOPERATIVA UNIVERSAL DE SERVICIOS COOPERATIVOS;900280404;2;1;1;1;1;52;857;0;6980399.91;
9009452;1;2;28;COOPERATIVA UNIVERSAL DE SERVICIOS COOPERATIVOS;900280404;2;1;1;1;1;52;857;0;5681720.86;
9009452;1;2;28;COOPERATIVA UNIVERSAL DE SERVICIOS COOPERATIVOS;900280404;2;1;1;1;1;52;857;0;5275883.65;
9009452;1;2;28;COOPERATIVA UNIVERSAL DE SERVICIOS COOPERATIVOS;900280404;2;1;1;1;1;52;857;0;3652534.84;
9009452;1;2;28;COOPERATIVA UNIVERSAL DE SERVICIOS COOPERATIVOS;900280404;2;1;1;1;1;52;127;0;856228.6;
9009452;1;1;3;BANCO DE OCCIDENTE S.A.;890300279;2;1;1;1;2;14;147;0;509460000;
9009452;1;2;28;COOPERATIVA UNIVERSAL DE SERVICIOS COOPERATIVOS;900280404;2;1;1;1;1;52;1008;0;10779693.35;
9009452;1;2;28;COOPERATIVA UNIVERSAL DE SERVICIOS COOPERATIVOS;900280404;2;1;1;1;1;52;247;0;476329.88;
9009452;1;2;28;COOPERATIVA UNIVERSAL DE SERVICIOS COOPERATIVOS;900280404;2;1;1;1;1;52;247;0;476329.88;
9009452;1;2;28;COOPERATIVA UNIVERSAL DE SERVICIOS COOPERATIVOS;900280404;2;1;1;1;1;52;247;0;476329.88;
9009452;1;2;28;COOPERATIVA UNIVERSAL DE SERVICIOS COOPERATIVOS;900280404;2;1;1;1;1;52;247;0;476329.88;
9009452;1;2;28;COOPERATIVA UNIVERSAL DE SERVICIOS COOPERATIVOS;900280404;2;1;1;1;1;52;1069;0;6079376.22;
9009452;1;2;28;COOPERATIVA UNIVERSAL DE SERVICIOS COOPERATIVOS;900280404;2;1;1;1;1;52;1008;0;10142086.49;
9009452;1;2;28;COOPERATIVA UNIVERSAL DE SERVICIOS COOPERATIVOS;900280404;2;1;1;1;1;52;1008;0;19148873.51;
9009452;1;2;28;COOPERATIVA UNIVERSAL DE SERVICIOS COOPERATIVOS;900280404;2;1;1;1;1;52;369;0;1598513.21;
9009452;1;2;28;COOPERATIVA UNIVERSAL DE SERVICIOS COOPERATIVOS;900280404;2;1;1;1;1;52;1069;0;771149.83;
9009452;1;2;28;EL CEDRO COOPERATIVA MULTIACTIVA;900136193;2;1;1;1;1;52;780;0;3305218.07;
9009452;1;2;28;EL CEDRO COOPERATIVA MULTIACTIVA;900136193;2;1;1;1;1;52;50;0;219149.92;
9009452;1;2;28;EL CEDRO COOPERATIVA MULTIACTIVA;900136193;2;1;1;1;1;52;476;0;1094068.03;
9009452;1;2;28;EL CEDRO COOPERATIVA MULTIACTIVA;900136193;2;1;1;1;1;52;172;0;410461.54;
9009452;1;2;28;EL CEDRO COOPERATIVA MULTIACTIVA;900136193;2;1;1;1;1;52;172;0;1052342.07;
9009452;1;2;28;EL CEDRO COOPERATIVA MULTIACTIVA;900136193;2;1;1;1;1;52;688;0;2485504.86;
9009452;1;2;28;EL CEDRO COOPERATIVA MULTIACTIVA;900136193;2;1;1;1;1;52;992;0;1219539.54;
9009452;1;2;28;EL CEDRO COOPERATIVA MULTIACTIVA;900136193;2;1;1;1;1;52;262;0;1873970.16;
9009452;1;2;28;EL CEDRO COOPERATIVA MULTIACTIVA;900136193;2;1;1;1;1;52;142;0;1751564.17;
9009452;1;2;28;EL CEDRO COOPERATIVA MULTIACTIVA;900136193;2;1;1;1;1;52;384;0;691111.14;
9009452;1;2;28;EL CEDRO COOPERATIVA MULTIACTIVA;900136193;2;1;1;1;1;52;841;0;1966594.25;
9009452;1;2;28;EL CEDRO COOPERATIVA MULTIACTIVA;900136193;2;1;1;1;1;52;841;0;1966776.43;
9009452;1;2;28;EL CEDRO COOPERATIVA MULTIACTIVA;900136193;2;1;1;1;1;52;719;0;6480722.84;
9009452;1;2;28;EL CEDRO COOPERATIVA MULTIACTIVA;900136193;2;1;1;1;1;52;719;0;6030957.09;
9009452;1;2;28;EL CEDRO COOPERATIVA MULTIACTIVA;900136193;2;1;1;1;1;52;293;0;2192938.82;
9009452;1;2;28;EL CEDRO COOPERATIVA MULTIACTIVA;900136193;2;1;1;1;1;52;749;0;1126641.98;
9009452;1;2;28;EL CEDRO COOPERATIVA MULTIACTIVA;900136193;2;1;1;1;1;52;19;0;102156.24;
9009452;1;2;28;EL CEDRO COOPERATIVA MULTIACTIVA;900136193;2;1;1;1;1;52;1114;0;2105521.81;
9009452;1;2;28;EL CEDRO COOPERATIVA MULTIACTIVA;900136193;2;1;1;1;1;52;1114;0;1004908.13;
9009452;1;2;28;EL CEDRO COOPERATIVA MULTIACTIVA;900136193;2;1;1;1;1;52;749;0;2764028.35;
9009452;1;2;28;EL CEDRO COOPERATIVA MULTIACTIVA;900136193;2;1;1;1;1;52;19;0;102156.24;
9009452;1;2;28;EL CEDRO COOPERATIVA MULTIACTIVA;900136193;2;1;1;1;1;52;749;0;834549.62;
9009452;1;2;28;EL CEDRO COOPERATIVA MULTIACTIVA;900136193;2;1;1;1;1;52;749;0;2012696.83;
9009452;1;2;28;EL CEDRO COOPERATIVA MULTIACTIVA;900136193;2;1;1;1;1;52;203;0;929201.91;
9009452;1;2;28;EL CEDRO COOPERATIVA MULTIACTIVA;900136193;2;1;1;1;1;52;19;0;116086.67;
9009452;1;2;28;EL CEDRO COOPERATIVA MULTIACTIVA;900136193;2;1;1;1;1;52;234;0;515641.05;
9009452;1;2;28;EL CEDRO COOPERATIVA MULTIACTIVA;900136193;2;1;1;1;1;52;780;0;1381550.91;
9009452;1;2;28;EL CEDRO COOPERATIVA MULTIACTIVA;900136193;2;1;1;1;1;52;50;0;194055.94;
9009452;1;2;28;EL CEDRO COOPERATIVA MULTIACTIVA;900136193;2;1;1;1;1;52;1145;0;4279669.11;
9009452;1;2;28;EL CEDRO COOPERATIVA MULTIACTIVA;900136193;2;1;1;1;1;52;415;0;1346200.72;
9009452;1;2;28;EL CEDRO COOPERATIVA MULTIACTIVA;900136193;2;1;1;1;1;52;50;0;194055.94;
9009452;1;2;28;EL CEDRO COOPERATIVA MULTIACTIVA;900136193;2;1;1;1;1;52;780;0;2745832.4;
9009452;1;2;28;EL CEDRO COOPERATIVA MULTIACTIVA;900136193;2;1;1;1;1;52;599;0;2390309.65;
9009452;1;2;28;EL CEDRO COOPERATIVA MULTIACTIVA;900136193;2;1;1;1;1;52;50;0;204845.2;
9009452;1;2;28;EL CEDRO COOPERATIVA MULTIACTIVA;900136193;2;1;1;1;1;52;415;0;1905202.33;
9009452;1;2;28;EL CEDRO COOPERATIVA MULTIACTIVA;900136193;2;1;1;1;1;52;262;0;564840.65;
9009452;1;2;28;COOPERATIVA UNIVERSAL DE SERVICIOS COOPERATIVOS;900280404;2;1;1;1;1;52;308;0;573812.5;
9009452;1;2;28;COOPERATIVA UNIVERSAL DE SERVICIOS COOPERATIVOS;900280404;2;1;1;1;1;52;308;0;573812.5;
9009452;1;2;28;COOPERATIVA UNIVERSAL DE SERVICIOS COOPERATIVOS;900280404;2;1;1;1;1;52;308;0;573812.5;
9009452;1;2;28;COOPERATIVA UNIVERSAL DE SERVICIOS COOPERATIVOS;900280404;2;1;1;1;1;52;308;0;573812.5;
9009452;1;2;28;COOPERATIVA UNIVERSAL DE SERVICIOS COOPERATIVOS;900280404;2;1;1;1;1;52;308;0;573812.5;
9009452;1;2;28;COOPERATIVA UNIVERSAL DE SERVICIOS COOPERATIVOS;900280404;2;1;1;1;1;52;308;0;573812.5;
9009452;1;2;28;COOPERATIVA UNIVERSAL DE SERVICIOS COOPERATIVOS;900280404;2;1;1;1;1;52;308;0;573812.5;
9009452;1;2;28;COOPERATIVA UNIVERSAL DE SERVICIOS COOPERATIVOS;900280404;2;1;1;1;1;52;308;0;573812.5;
9009452;1;2;28;COOPERATIVA UNIVERSAL DE SERVICIOS COOPERATIVOS;900280404;2;1;1;1;1;52;308;0;573812.5;
9009452;1;2;28;COOPERATIVA UNIVERSAL DE SERVICIOS COOPERATIVOS;900280404;2;1;1;1;1;52;308;0;573812.5;
9009452;1;2;28;COOPERATIVA UNIVERSAL DE SERVICIOS COOPERATIVOS;900280404;2;1;1;1;1;52;308;0;573812.5;
9009452;1;2;28;COOPERATIVA UNIVERSAL DE SERVICIOS COOPERATIVOS;900280404;2;1;1;1;1;52;308;0;573812.5;
9009452;1;2;28;COOPERATIVA UNIVERSAL DE SERVICIOS COOPERATIVOS;900280404;2;1;1;1;1;52;308;0;573812.5;
9009452;1;2;28;COOPERATIVA UNIVERSAL DE SERVICIOS COOPERATIVOS;900280404;2;1;1;1;1;52;308;0;573812.5;
9009452;1;2;28;COOPERATIVA UNIVERSAL DE SERVICIOS COOPERATIVOS;900280404;2;1;1;1;1;52;308;0;573812.5;
9009452;1;2;28;COOPERATIVA UNIVERSAL DE SERVICIOS COOPERATIVOS;900280404;2;1;1;1;1;52;308;0;573812.5;
9009452;1;2;28;COOPERATIVA UNIVERSAL DE SERVICIOS COOPERATIVOS;900280404;2;1;1;1;1;52;308;0;573812.5;
9009452;1;2;28;COOPERATIVA UNIVERSAL DE SERVICIOS COOPERATIVOS;900280404;2;1;1;1;1;52;308;0;573812.5;
9009452;1;2;28;COOPERATIVA UNIVERSAL DE SERVICIOS COOPERATIVOS;900280404;2;1;1;1;1;52;308;0;573812.5;
9009452;1;2;28;COOPERATIVA UNIVERSAL DE SERVICIOS COOPERATIVOS;900280404;2;1;1;1;1;52;308;0;573812.5;
9009452;1;2;28;COOPERATIVA UNIVERSAL DE SERVICIOS COOPERATIVOS;900280404;2;1;1;1;1;52;308;0;573812.5;
9009452;1;2;28;COOPERATIVA UNIVERSAL DE SERVICIOS COOPERATIVOS;900280404;2;1;1;1;1;52;308;0;573812.5;
9009452;1;2;28;COOPERATIVA UNIVERSAL DE SERVICIOS COOPERATIVOS;900280404;2;1;1;1;1;52;308;0;573812.5;
9009452;1;2;28;COOPERATIVA UNIVERSAL DE SERVICIOS COOPERATIVOS;900280404;2;1;1;1;1;52;308;0;573812.5;
9009452;1;2;28;COOPERATIVA UNIVERSAL DE SERVICIOS COOPERATIVOS;900280404;2;1;1;1;1;52;308;0;573812.5;
9009452;1;2;28;COOPERATIVA UNIVERSAL DE SERVICIOS COOPERATIVOS;900280404;2;1;1;1;1;52;308;0;573812.5;
9009452;1;2;16;G.M.A.C. FINANCIERA DE COLOMBIA S.A.CF;860029396;2;1;1;1;2;11;384;0;1015330000;
9009452;1;2;16;FINANCIERA DE DESARROLLO TERRITORIAL S.A.;800096329;2;1;1;1;2;6;175;0;1005320000;
9009452;1;2;16;SUFINANCIAMIENTO S.A.;860032330;2;1;1;1;2;6;57;0;503645000;
9009452;1;2;29;LATIN AMERICA DISTRIBUTION COLOMBIA S.A.;900197709;2;1;1;1;1;52;9;0;25599897.93;
9009452;1;2;29;LATIN AMERICA DISTRIBUTION COLOMBIA S.A.;900197709;2;1;1;1;1;52;9;0;70104371.88;
9009452;1;2;29;LATIN AMERICA DISTRIBUTION COLOMBIA S.A.;900197709;2;1;1;1;1;52;9;0;15953652.11;
9009452;1;2;29;LATIN AMERICA DISTRIBUTION COLOMBIA S.A.;900197709;2;1;1;1;1;52;9;0;23331146.16;
9009452;1;2;29;LATIN AMERICA DISTRIBUTION COLOMBIA S.A.;900197709;2;1;1;1;1;52;9;0;106533267.98;
9009452;1;2;29;LATIN AMERICA DISTRIBUTION COLOMBIA S.A.;900197709;2;1;1;1;1;52;9;0;18418923.35;
9009452;1;2;29;LATIN AMERICA DISTRIBUTION COLOMBIA S.A.;900197709;2;1;1;1;1;52;9;0;24757717.47;
9009452;1;2;16;BANCO DAVIVIENDA S.A.;860034313;2;1;1;1;2;1;428;0;504855000;
9009452;1;2;3;BANCO PICHINCHA S.A.;890200756;2;1;1;1;2;11;281;0;1025050000;
9009452;1;2;29;LATIN AMERICA DISTRIBUTION COLOMBIA S.A.;900197709;2;1;1;1;1;52;22;0;82442178.54;
9009452;1;2;29;LATIN AMERICA DISTRIBUTION COLOMBIA S.A.;900197709;2;1;1;1;1;52;22;0;21620364.88;
9009452;1;2;29;LATIN AMERICA DISTRIBUTION COLOMBIA S.A.;900197709;2;1;1;1;1;52;22;0;37403901.32;
9009452;1;2;29;LATIN AMERICA DISTRIBUTION COLOMBIA S.A.;900197709;2;1;1;1;1;52;22;0;179246493.52;
9009452;1;2;29;LATIN AMERICA DISTRIBUTION COLOMBIA S.A.;900197709;2;1;1;1;1;52;23;0;30372009.29;
9009452;1;2;29;LATIN AMERICA DISTRIBUTION COLOMBIA S.A.;900197709;2;1;1;1;1;52;23;0;75403702.7;
9009452;1;2;29;LATIN AMERICA DISTRIBUTION COLOMBIA S.A.;900197709;2;1;1;1;1;52;23;0;16707244.22;
9009452;1;2;16;BANCO COMPARTIR S.A.;860025971;2;1;1;1;2;14;15;0;1014630000;
9009452;1;2;29;LATIN AMERICA DISTRIBUTION COLOMBIA S.A.;900197709;2;1;1;1;1;52;30;0;36719370.18;
9009452;1;2;29;LATIN AMERICA DISTRIBUTION COLOMBIA S.A.;900197709;2;1;1;1;1;52;30;0;179540588.65;
9009452;1;2;29;LATIN AMERICA DISTRIBUTION COLOMBIA S.A.;900197709;2;1;1;1;1;52;45;0;31314440.65;
9009452;1;2;16;BANCOLOMBIA S.A.;890903938;2;1;1;1;2;1;295;0;1027780000;
9009452;1;2;10;FONDO PARA EL FINANCIAMIENTO DEL SECTOR AGROPECUARIO S.A. FI;800116398;2;1;1;1;2;14;300;0;604611545.4;
9009452;1;2;16;LEASING BANCOLOMBIA COMPAÑIA DE FINANCIAMIENTO COM;860059294;2;1;1;1;2;1;683;0;503295000;
9009452;1;2;16;LEASING BANCOLOMBIA COMPAÑIA DE FINANCIAMIENTO COM;860059294;2;1;1;1;2;1;683;0;1008080000;
9009452;1;2;29;LATIN AMERICA DISTRIBUTION COLOMBIA S.A.;900197709;2;1;1;1;1;52;92;0;11422284.06;
9009452;1;2;16;LEASING BANCOLDEX S.A.;800225385;2;1;1;1;2;1;325;0;502430000;
9009452;1;2;3;DIRECCION DEL TESORO NACIONAL;899999090;2;1;1;1;4;9;328;0;518750000;
9009452;1;2;16;BANCO COMPARTIR S.A.;860025971;2;1;1;1;2;14;93;0;501955000;
9009452;1;2;29;SALGADO SALGADO EVER JOSE;7917558;2;1;1;1;1;51;77;0;975005891.16;
