COD;TIPO ACTIVO;VINCULADO O NO;TIPÒ TITULO;EMISOR ;NIT;TIPO INVERSION;TIPO REGISTRO;SISTEMA TRANSACCIONAL;TIPO MONEDA;TIPO SECTOR;CALIFICACION;DIAS AL VTO;DURACIÓN;VPN
91011952;1;2;16;Banco Davivienda S.A.;8600343137;2;1;1;1;2;1;169;0;2020900000,00
91011952;1;2;16;Banco Gnb Sudameris S.A.;8600507501;2;1;1;1;2;11;285;0;8060400000,00
91011952;1;2;16;Banco Santander De Negocios Colombia S.A.;9006281103;2;1;1;1;2;1;275;0;30387300000,00
91011952;1;2;16;Banco De Bogota S.A.;8600029644;2;1;1;1;2;1;475;0;10001700000,00
91011952;1;2;16;Banco Av Villas S.A.;8600358275;2;1;1;1;2;1;118;0;10096400000,00
91011952;1;2;16;Bancolombia S.A.;8909039388;2;1;1;1;2;1;197;0;14161140000,00
91011952;1;2;16;Banco De Occidente S.A.;8903002794;2;1;1;1;2;1;204;0;5116550000,00
91011952;1;2;16;Banco De Bogota S.A.;8600029644;2;1;1;1;2;1;219;0;2019580000,00
91011952;1;2;16;Banco De Bogota S.A.;8600029644;2;1;1;1;2;1;357;0;20936600000,00
91011952;1;2;16;Banco De Bogota S.A.;8600029644;2;1;1;1;2;1;358;0;8371360000,00
91011952;1;2;16;Banco De Occidente S.A.;8903002794;2;1;1;1;2;1;116;0;10117400000,00
91011952;1;2;16;Banco Santander De Negocios Colombia S.A.;9006281103;2;1;1;1;2;1;337;0;7622625000,00
91011952;1;2;16;Banco De Occidente S.A.;8903002794;2;1;1;1;2;1;221;0;10106500000,00
91011952;1;2;16;Banco De Bogota S.A.;8600029644;2;1;1;1;2;1;119;0;14623975000,00
91011952;1;2;16;Bancolombia S.A.;8909039388;2;1;1;1;2;1;198;0;2024240000,00
91011952;1;2;16;Banco De Bogota S.A.;8600029644;2;1;1;1;2;1;346;0;5019200000,00
91011952;1;2;16;Banco Av Villas S.A.;8600358275;2;1;1;1;2;1;279;0;10114500000,00
91011952;1;2;16;Banco De Bogota S.A.;8600029644;2;1;1;1;2;1;346;0;15048000000,00
91011952;1;2;16;Banco De Bogota S.A.;8600029644;2;1;1;1;2;1;342;0;5027150000,00
91011952;1;2;16;Banco Popular S.A.;8600077389;2;1;1;1;2;1;220;0;5069000000,00
91011952;1;2;16;Bancolombia S.A.;8909039388;2;1;1;1;2;1;197;0;10115100000,00
91011952;1;2;16;Bancolombia S.A.;8909039388;2;1;1;1;2;1;197;0;1518750000,00
91011952;1;2;16;Banco De Bogota S.A.;8600029644;2;1;1;1;2;1;218;0;3032430000,00
91011952;1;2;16;Banco Popular S.A.;8600077389;2;1;1;1;2;1;352;0;15498000000,00
91011952;1;2;16;Banco Gnb Sudameris S.A.;8600507501;2;1;1;1;2;11;223;0;35266350000,00
91011952;1;2;16;Banco De Bogota S.A.;8600029644;2;1;1;1;2;1;113;0;10151000000,00
91011952;1;2;16;Banco De Bogota S.A.;8600029644;2;1;1;1;2;1;224;0;14096740000,00
91011952;1;2;16;Banco Davivienda S.A.;8600343137;2;1;1;1;2;1;351;0;20646800000,00
91011952;1;2;16;Banco De Bogota S.A.;8600029644;2;1;1;1;2;1;356;0;5236250000,00
91011952;1;2;16;Banco Av Villas S.A.;8600358275;2;1;1;1;2;1;402;0;5040550000,00
91011952;1;2;16;Banco Gnb Sudameris S.A.;8600507501;2;1;1;1;2;11;223;0;5038050000,00
91011952;1;2;16;Banco Gnb Sudameris S.A.;8600507501;2;1;1;1;2;11;285;0;10075500000,00
91011952;1;2;16;Banco Santander De Negocios Colombia S.A.;9006281103;2;1;1;1;2;1;214;0;10113500000,00
91011952;1;2;16;Banco Popular S.A.;8600077389;2;1;1;1;2;1;199;0;1004880000,00
91011952;1;2;16;Banco Davivienda S.A.;8600343137;2;1;1;1;2;1;169;0;1003880000,00
91011952;1;2;16;Financiera De Desarrollo Territorial S.A. Findeter;8000963291;2;1;1;1;2;1;133;0;10049500000,00
91011952;1;2;16;Financiera De Desarrollo Territorial S.A. Findeter;8000963291;2;1;1;1;2;1;129;0;5031700000,00
91011952;1;2;16;Financiera De Desarrollo Territorial S.A. Findeter;8000963291;2;1;1;1;2;1;351;0;2067200000,00
91011952;1;2;16;Financiera De Desarrollo Territorial S.A. Findeter;8000963291;2;1;1;1;2;1;208;0;5135150000,00
91011952;1;2;16;Financiera De Desarrollo Territorial S.A. Findeter;8000963291;2;1;1;1;2;1;351;0;1550400000,00
91011952;1;2;16;Financiera De Desarrollo Territorial S.A. Findeter;8000963291;2;1;1;1;2;1;285;0;5032950000,00
91011952;1;2;16;Financiera De Desarrollo Territorial S.A. Findeter;8000963291;2;1;1;1;2;1;345;0;10204700000,00
91011952;1;2;16;Financiera De Desarrollo Territorial S.A. Findeter;8000963291;2;1;1;1;2;1;286;0;5125050000,00
91011952;1;2;16;Financiera De Desarrollo Territorial S.A. Findeter;8000963291;2;1;1;1;2;1;321;0;20319000000,00
91011952;1;2;16;Bancolombia S.A.;8909039388;2;1;1;1;2;1;364;0;2521300000,00
91011952;1;2;16;Banco De Occidente S.A.;8903002794;2;1;1;1;2;1;137;0;2055100000,00
91011952;1;2;16;Banco Popular S.A.;8600077389;2;1;1;1;2;1;175;0;3050460000,00
91011952;1;2;16;Financiera De Desarrollo Territorial S.A. Findeter;8000963291;2;1;1;1;2;1;221;0;3053220000,00
91011952;1;2;16;Financiera De Desarrollo Territorial S.A. Findeter;8000963291;2;1;1;1;2;1;220;0;2036280000,00
91011952;1;2;16;Financiera De Desarrollo Territorial S.A. Findeter;8000963291;2;1;1;1;2;1;222;0;2034700000,00
91011952;1;2;16;Bancolombia S.A.;8909039388;2;1;1;1;2;1;1451;0;5154400000,00
91011952;1;2;16;Banco De Occidente S.A.;8903002794;2;1;1;1;2;1;322;0;3086910000,00
91011952;1;2;16;Banco De Bogota S.A.;8600029644;2;1;1;1;2;1;555;0;4179080000,00
91011952;1;2;16;Banco Colpatria Multibanca Colpatria S.A.;8600345941;2;1;1;1;2;1;591;0;3078270000,00
91011952;1;2;16;Banco De Bogota S.A.;8600029644;2;1;1;1;2;1;323;0;10489200000,00
91011952;1;2;16;Banco De Bogota S.A.;8600029644;2;1;1;1;2;1;323;0;9440280000,00
91011952;1;2;16;Banco De Occidente S.A.;8903002794;2;1;1;1;2;1;435;0;3559850000,00
91011952;1;2;16;Banco De Occidente S.A.;8903002794;2;1;1;1;2;1;593;0;15258900000,00
91011952;1;2;16;Banco Davivienda S.A.;8600343137;2;1;1;1;2;1;378;0;2562525000,00
91011952;1;2;16;Banco Colpatria Multibanca Colpatria S.A.;8600345941;2;1;1;1;2;1;385;0;952710000,00
91011952;1;2;16;Banco De Bogota S.A.;8600029644;2;1;1;1;2;1;161;0;2560275000,00
91011952;1;2;16;Banco De Occidente S.A.;8903002794;2;1;1;1;2;1;177;0;5089850000,00
91011952;1;2;16;Banco De Bogota S.A.;8600029644;2;1;1;1;2;1;120;0;2074460000,00
91011952;1;2;16;Banco Davivienda S.A.;8600343137;2;1;1;1;2;1;335;0;8356720000,00
91011952;1;2;16;Banco Falabella S.A.;9000479818;2;1;1;1;2;18;242;0;2008300000,00
91011952;1;2;16;Banco De Bogota S.A.;8600029644;2;1;1;1;2;1;133;0;17479800000,00
91011952;1;2;16;Banco De Occidente S.A.;8903002794;2;1;1;1;2;1;394;0;1046790000,00
91011952;1;2;16;Banco Falabella S.A.;9000479818;2;1;1;1;2;18;239;0;10052100000,00
91011952;1;2;16;Banco De Bogota S.A.;8600029644;2;1;1;1;2;1;125;0;10360300000,00
91011952;1;2;16;Banco Colpatria Multibanca Colpatria S.A.;8600345941;2;1;1;1;2;1;355;0;15562050000,00
91011952;1;2;16;Banco Colpatria Multibanca Colpatria S.A.;8600345941;2;1;1;1;2;1;316;0;5116150000,00
91011952;1;2;16;Banco De Bogota S.A.;8600029644;2;1;1;1;2;1;579;0;3506420000,00
91011952;1;2;16;Banco Colpatria Multibanca Colpatria S.A.;8600345941;2;1;1;1;2;1;411;0;8686575000,00
91011952;1;2;16;Bancolombia S.A.;8909039388;2;1;1;1;2;1;394;0;1035640000,00
91011952;1;2;16;Banco De Occidente S.A.;8903002794;2;1;1;1;2;1;569;0;4629960000,00
91011952;1;2;16;Banco De Occidente S.A.;8903002794;2;1;1;1;2;1;463;0;6035640000,00
91011952;1;2;16;Banco Davivienda S.A.;8600343137;2;1;1;1;2;1;571;0;5204950000,00
91011952;1;2;16;Banco Davivienda S.A.;8600343137;2;1;1;1;2;1;1034;0;10583100000,00
91011952;1;2;16;Banco Popular S.A.;8600077389;2;1;1;1;2;1;308;0;1021430000,00
91011952;1;2;16;Banco Colpatria Multibanca Colpatria S.A.;8600345941;2;1;1;1;2;1;311;0;4852400000,00
91011952;1;2;16;Banco De Bogota S.A.;8600029644;2;1;1;1;2;1;534;0;5282550000,00
91011952;1;2;16;Banco De Occidente S.A.;8903002794;2;1;1;1;2;1;570;0;1066340000,00
91011952;1;2;16;Banco Colpatria Multibanca Colpatria S.A.;8600345941;2;1;1;1;2;1;406;0;3061950000,00
91011952;1;2;16;Banco De Bogota S.A.;8600029644;2;1;1;1;2;1;464;0;9557190000,00
91011952;1;2;16;Bancolombia S.A.;8909039388;2;1;1;1;2;1;687;0;6226440000,00
91011952;1;2;16;Banco De Occidente S.A.;8903002794;2;1;1;1;2;1;571;0;7462000000,00
91011952;1;2;16;Bancolombia S.A.;8909039388;2;1;1;1;2;1;369;0;9273150000,00
91011952;1;2;16;Banco Davivienda S.A.;8600343137;2;1;1;1;2;1;1038;0;8456400000,00
91011952;1;2;16;Banco Davivienda S.A.;8600343137;2;1;1;1;2;1;676;0;10413300000,00
91011952;1;2;16;Banco Davivienda S.A.;8600343137;2;1;1;1;2;1;676;0;2603325000,00
91011952;1;2;16;Banco De Occidente S.A.;8903002794;2;1;1;1;2;1;683;0;5198800000,00
91011952;1;2;16;Banco Popular S.A.;8600077389;2;1;1;1;2;1;901;0;10953100000,00
91011952;1;2;16;Banco De Bogota S.A.;8600029644;2;1;1;1;2;1;929;0;2130760000,00
91011952;1;2;16;Banco Colpatria Multibanca Colpatria S.A.;8600345941;2;1;1;1;2;1;878;0;9401425000,00
91011952;1;2;16;Banco Itaú S.A;8909039370;2;1;1;1;2;1;871;0;1561935000,00
91011952;1;2;16;Banco De Bogota S.A.;8600029644;2;1;1;1;2;1;371;0;5148300000,00
91011952;1;2;16;Banco Colpatria Multibanca Colpatria S.A.;8600345941;2;1;1;1;2;1;337;0;4612365000,00
91011952;1;2;16;Banco De Bogota S.A.;8600029644;2;1;1;1;2;1;239;0;5104250000,00
91011952;1;2;16;Banco De Bogota S.A.;8600029644;2;1;1;1;2;1;372;0;10166500000,00
91011952;1;2;16;Banco De Occidente S.A.;8903002794;2;1;1;1;2;1;395;0;10352900000,00
91011952;1;2;16;Banco Davivienda S.A.;8600343137;2;1;1;1;2;1;377;0;4101440000,00
91011952;1;2;16;Banco Davivienda S.A.;8600343137;2;1;1;1;2;1;388;0;31363500000,00
91011952;1;2;16;Banco De Occidente S.A.;8903002794;2;1;1;1;2;1;310;0;10325700000,00
91011952;1;2;16;Banco Davivienda S.A.;8600343137;2;1;1;1;2;1;457;0;10104900000,00
91011952;1;2;16;Bancolombia S.A.;8909039388;2;1;1;1;2;1;549;0;5244200000,00
91011952;1;2;16;Banco Davivienda S.A.;8600343137;2;1;1;1;2;1;534;0;5282550000,00
91011952;1;2;16;Banco Popular S.A.;8600077389;2;1;1;1;2;1;620;0;2040780000,00
91011952;1;2;16;Banco De Occidente S.A.;8903002794;2;1;1;1;2;1;583;0;1043130000,00
91011952;1;2;16;Banco De Occidente S.A.;8903002794;2;1;1;1;2;1;582;0;5918460000,00
91011952;1;2;16;Bancolombia S.A.;8909039388;2;1;1;1;2;1;1025;0;8488240000,00
91011952;1;2;16;Banco Davivienda S.A.;8600343137;2;1;1;1;2;1;948;0;1047030000,00
91011952;1;2;16;Banco Davivienda S.A.;8600343137;2;1;1;1;2;1;1807;0;2099040000,00
91011952;1;2;16;Banco Popular S.A.;8600077389;2;1;1;1;2;1;361;0;958440000,00
91011952;1;2;16;Banco Colpatria Multibanca Colpatria S.A.;8600345941;2;1;1;1;2;1;776;0;5153200000,00
91011952;1;2;16;Banco De Bogota S.A.;8600029644;2;1;1;1;2;1;181;0;495355000,00
91011952;1;2;16;Banco Av Villas S.A.;8600358275;2;1;1;1;2;1;358;0;15546150000,00
91011952;1;2;16;Banco De Bogota S.A.;8600029644;2;1;1;1;2;1;216;0;3096660000,00
91011952;1;2;16;Banco De Bogota S.A.;8600029644;2;1;1;1;2;1;154;0;10257100000,00
91011952;1;2;16;Banco Popular S.A.;8600077389;2;1;1;1;2;1;536;0;2109600000,00
91011952;1;2;16;Bancolombia S.A.;8909039388;2;1;1;1;2;1;177;0;1984400000,00
91011952;1;2;16;Bancolombia S.A.;8909039388;2;1;1;1;2;1;177;0;1984400000,00
91011952;1;2;16;Banco Davivienda S.A.;8600343137;2;1;1;1;2;1;219;0;15393750000,00
91011952;1;2;16;Banco De Occidente S.A.;8903002794;2;1;1;1;2;1;603;0;2960520000,00
91011952;1;1;16;Bbva Colombia S.A.;8600030201;2;1;1;1;2;1;571;0;2343875000,00
91011952;1;2;16;Banco Colpatria Multibanca Colpatria S.A.;8600345941;2;1;1;1;2;1;350;0;31186800000,00
91011952;1;2;16;Banco De Bogota S.A.;8600029644;2;1;1;1;2;1;300;0;2110560000,00
91011952;1;2;16;Banco De Occidente S.A.;8903002794;2;1;1;1;2;1;177;0;5089850000,00
91011952;1;2;16;Banco Davivienda S.A.;8600343137;2;1;1;1;2;1;584;0;10302800000,00
91011952;1;2;16;Banco Av Villas S.A.;8600358275;2;1;1;1;2;1;166;0;4087640000,00
91011952;1;2;16;Banco Av Villas S.A.;8600358275;2;1;1;1;2;1;166;0;2554775000,00
91011952;1;2;16;Bancolombia S.A.;8909039388;2;1;1;1;2;1;349;0;22715260000,00
91011952;1;2;16;Bancolombia S.A.;8909039388;2;1;1;1;2;1;349;0;4158400000,00
91011952;1;2;16;Banco De Bogota S.A.;8600029644;2;1;1;1;2;1;401;0;16503360000,00
91011952;1;2;16;Banco Davivienda S.A.;8600343137;2;1;1;1;2;1;948;0;5235150000,00
91011952;1;2;16;Banco De Occidente S.A.;8903002794;2;1;1;1;2;1;577;0;4720050000,00
91011952;1;2;16;Banco De Bogota S.A.;8600029644;2;1;1;1;2;1;572;0;522840000,00
91011952;1;2;16;Banco Davivienda S.A.;8600343137;2;1;1;1;2;1;680;0;5720110000,00
91011952;1;2;16;Banco Itaú S.A;8909039370;2;1;1;1;2;1;402;0;3577140000,00
91011952;1;2;16;Banco Itaú S.A;8909039370;2;1;1;1;2;1;240;0;4017640000,00
91011952;1;2;16;Banco Itaú S.A;8909039370;2;1;1;1;2;1;877;0;5197050000,00
91011952;1;2;16;Banco De Occidente S.A.;8903002794;2;1;1;1;2;1;582;0;4932050000,00
91011952;1;2;16;Banco De Occidente S.A.;8903002794;2;1;1;1;2;1;582;0;2959230000,00
91011952;1;2;16;Banco Davivienda S.A.;8600343137;2;1;1;1;2;1;563;0;5179900000,00
91011952;1;2;16;Banco De Occidente S.A.;8903002794;2;1;1;1;2;1;592;0;25691000000,00
91011952;1;2;16;Banco Av Villas S.A.;8600358275;2;1;1;1;2;1;379;0;10158300000,00
91011952;1;2;16;Banco De Occidente S.A.;8903002794;2;1;1;1;2;1;394;0;3112080000,00
91011952;1;2;16;Banco Itaú S.A;8909039370;2;1;1;1;2;1;872;0;3643430000,00
91011952;1;2;16;Banco De Occidente S.A.;8903002794;2;1;1;1;2;1;390;0;3149610000,00
91011952;1;2;16;Banco Itaú S.A;8909039370;2;1;1;1;2;1;583;0;10205200000,00
91011952;1;2;16;Banco De Occidente S.A.;8903002794;2;1;1;1;2;1;581;0;4175200000,00
91011952;1;2;16;Banco De Occidente S.A.;8903002794;2;1;1;1;2;1;880;0;3628380000,00
91011952;1;2;16;Banco Colpatria Multibanca Colpatria S.A.;8600345941;2;1;1;1;2;1;588;0;10163700000,00
91011952;1;2;16;Banco Davivienda S.A.;8600343137;2;1;1;1;2;1;572;0;15732150000,00
91011952;1;2;16;Banco De Bogota S.A.;8600029644;2;1;1;1;2;1;907;0;3277410000,00
91011952;1;2;16;Banco Popular S.A.;8600077389;2;1;1;1;2;1;391;0;2077600000,00
91011952;1;2;16;Banco De Occidente S.A.;8903002794;2;1;1;1;2;1;571;0;3731000000,00
91011952;1;2;16;Financiera De Desarrollo Territorial S.A. Findeter;8000963291;2;1;1;1;2;1;336;0;4101280000,00
91011952;1;2;16;Financiera De Desarrollo Territorial S.A. Findeter;8000963291;2;1;1;1;2;1;356;0;10482700000,00
91011952;1;2;16;Financiera De Desarrollo Territorial S.A. Findeter;8000963291;2;1;1;1;2;1;667;0;6274440000,00
91011952;1;2;16;Financiera De Desarrollo Territorial S.A. Findeter;8000963291;2;1;1;1;2;1;652;0;5080950000,00
91011952;1;2;16;Financiera De Desarrollo Territorial S.A. Findeter;8000963291;2;1;1;1;2;1;451;0;5068900000,00
91011952;1;2;16;Financiera De Desarrollo Territorial S.A. Findeter;8000963291;2;1;1;1;2;1;646;0;3561250000,00
91011952;1;2;16;Financiera De Desarrollo Territorial S.A. Findeter;8000963291;2;1;1;1;2;1;356;0;9434430000,00
91011952;1;2;16;Financiera De Desarrollo Territorial S.A. Findeter;8000963291;2;1;1;1;2;1;356;0;10482700000,00
91011952;1;2;16;Financiera De Desarrollo Territorial S.A. Findeter;8000963291;2;1;1;1;2;1;695;0;4143400000,00
91011952;1;2;16;Financiera De Desarrollo Territorial S.A. Findeter;8000963291;2;1;1;1;2;1;462;0;10071200000,00
91011952;1;2;16;Financiera De Desarrollo Nacional Sa;8605090229;2;1;1;1;4;1;308;0;1550445000,00
91011952;1;2;16;Financiera De Desarrollo Territorial S.A. Findeter;8000963291;2;1;1;1;2;1;448;0;15393900000,00
91011952;2;2;0;Banco Falabella S.A.;9000479818;0;0;0;0;0;0;0;0;53195293,70
91011952;2;2;0;Banco Santander De Negocios Colombia S.A.;9006281103;0;0;0;0;0;0;0;0;11149777729,80
91011952;2;2;0;Banco De Comercio Ext. De Colombia S.A. Bancoldex;8001499236;0;0;0;0;0;0;0;0;122827050,41
91011952;2;1;0;Bbva Colombia S.A.;8600030201;0;0;0;0;0;0;0;0;499999463,99
91011952;2;2;0;Jpmorgan Corporacion Financiera S.A;9001143468;0;0;0;0;0;0;0;0;52895779924,44
91011952;2;2;0;Banco Popular S.A.;8600077389;0;0;0;0;0;0;0;0;43324304108,70
91011952;2;2;0;Banco De Occidente S.A.;8903002794;0;0;0;0;0;0;0;0;139402042218,65
91011952;2;2;0;Banco Colpatria Multibanca Colpatria S.A.;8600345941;0;0;0;0;0;0;0;0;1584027496,70
91011952;2;2;0;Banco Itaú S.A;8909039370;0;0;0;0;0;0;0;0;2045622647,68
91011952;2;1;0;Bbva Colombia S.A.;8600030201;0;0;0;0;0;0;0;0;41347856800,10
91011952;2;2;0;Banco Agrario De Colombia S.A;8000378008;0;0;0;0;0;0;0;0;106802973,65
91011952;2;2;0;Banco Gnb Sudameris S.A.;8600507501;0;0;0;0;0;0;0;0;211454462238,70
91011952;2;2;0;Banco Davivienda S.A.;8600343137;0;0;0;0;0;0;0;0;203807272863,69
91011952;2;2;0;Bancolombia S.A.;8909039388;0;0;0;0;0;0;0;0;1047995059,74
91011952;2;2;0;Banco Colpatria Multibanca Colpatria S.A.;8600345941;0;0;0;0;0;0;0;0;1198529663,63
91011952;2;2;0;Banco Caja Social;8600073354;0;0;0;0;0;0;0;0;10531030449,03
91011952;2;2;0;Banco Av Villas S.A.;8600358275;0;0;0;0;0;0;0;0;1002512868,26
91011952;2;2;0;Banco De Bogota S.A.;8600029644;0;0;0;0;0;0;0;0;28355498669,48
91011952;1;2;7;Ministerio De Hacienda Y Credito Publico;8999990902;2;1;1;1;4;9;307;0;18836200000,00
91011952;1;2;7;Ministerio De Hacienda Y Credito Publico;8999990902;2;1;1;1;4;9;307;0;9418100000,00
91011952;1;2;7;Ministerio De Hacienda Y Credito Publico;8999990902;2;1;1;1;4;9;124;0;9957800000,00
91011952;1;2;10;Ministerio De Hacienda Y Credito Publico;8999990902;2;1;1;1;4;9;846;0;500500000,00
91011952;1;2;10;Ministerio De Hacienda Y Credito Publico;8999990902;2;1;1;1;4;9;846;0;1001000000,00
91011952;1;2;10;Ministerio De Hacienda Y Credito Publico;8999990902;2;1;1;1;4;9;1119;0;19264000000,00
91011952;1;2;10;Ministerio De Hacienda Y Credito Publico;8999990902;2;1;1;1;4;9;1553;0;1742220000,00
91011952;1;2;10;Ministerio De Hacienda Y Credito Publico;8999990902;2;1;1;1;4;9;1553;0;8711100000,00
91011952;1;2;10;Ministerio De Hacienda Y Credito Publico;8999990902;2;1;1;1;4;9;1553;0;871110000,00
91011952;1;2;10;Ministerio De Hacienda Y Credito Publico;8999990902;2;1;1;1;4;9;846;0;500500000,00
91011952;1;2;10;Ministerio De Hacienda Y Credito Publico;8999990902;2;1;1;1;4;9;1553;0;8711100000,00
91011952;1;2;10;Ministerio De Hacienda Y Credito Publico;8999990902;2;1;1;1;4;9;1553;0;3135996000,00
91008742;1;2;3;Banco Davivienda S.A.;8600343137;2;1;1;1;2;18;1660;0;903170000,00
91008742;1;2;3;Banco Davivienda S.A.;8600343137;2;1;1;1;2;1;1660;0;903170000,00
91008742;1;2;3;Banco Davivienda S.A.;8600343137;2;1;1;1;2;1;930;0;2574960000,00
91008742;1;2;2;Interconexion Electrica S.A. E.S.P. Isa;8600166103;2;1;1;1;1;1;120;0;3748885000,00
91008742;1;2;3;Interconexion Electrica S.A. E.S.P. Isa;8600166103;2;1;1;1;1;1;259;0;6865110000,00
91008742;1;2;16;Corporacion Financiera Colombiana S.A.;8903006536;2;1;1;1;2;1;133;0;3013860000,00
91008742;1;2;16;Corporacion Financiera Colombiana S.A.;8903006536;2;1;1;1;2;1;132;0;7034790000,00
91008742;1;2;16;Corporacion Financiera Colombiana S.A.;8903006536;2;1;1;1;2;1;141;0;5026950000,00
91008742;1;2;16;Banco De Occidente S.A.;8903002794;2;1;1;1;2;1;411;0;2010580000,00
91008742;1;2;16;Banco De Occidente S.A.;8903002794;2;1;1;1;2;1;227;0;10086900000,00
91008742;1;2;16;Banco De Bogota S.A.;8600029644;2;1;1;1;2;1;141;0;502725000,00
91008742;1;2;16;Banco Santander De Negocios Colombia S.A.;9006281103;2;1;1;1;2;1;214;0;10113500000,00
91008742;1;2;16;Banco De Bogota S.A.;8600029644;2;1;1;1;2;1;165;0;5015200000,00
91008742;1;2;16;Bancolombia S.A.;8909039388;2;1;1;1;2;1;197;0;3034530000,00
91008742;1;2;16;Banco Colpatria Multibanca Colpatria S.A.;8600345941;2;1;1;1;2;1;259;0;5024700000,00
91008742;1;2;16;Banco De Occidente S.A.;8903002794;2;1;1;1;2;1;224;0;2019340000,00
91008742;1;2;16;Banco Av Villas S.A.;8600358275;2;1;1;1;2;1;402;0;5040550000,00
91008742;1;2;16;Banco De Bogota S.A.;8600029644;2;1;1;1;2;1;346;0;10032000000,00
91008742;1;2;16;Banco De Bogota S.A.;8600029644;2;1;1;1;2;1;475;0;10001700000,00
91008742;1;2;16;Banco De Comercio Ext. De Colombia S.A. Bancoldex;8001499236;2;1;1;1;2;1;291;0;5004350000,00
91008742;1;2;16;Banco Santander De Negocios Colombia S.A.;9006281103;2;1;1;1;2;1;275;0;12154920000,00
91008742;1;2;16;Banco De Occidente S.A.;8903002794;2;1;1;1;2;1;204;0;5116550000,00
91008742;1;2;16;Banco Popular S.A.;8600077389;2;1;1;1;2;1;219;0;5052200000,00
91008742;1;1;16;Bbva Colombia S.A.;8600030201;2;1;1;1;2;1;237;0;7226310000,00
91008742;1;2;16;Banco Av Villas S.A.;8600358275;2;1;1;1;2;1;279;0;5057250000,00
91008742;1;2;16;Banco De Occidente S.A.;8903002794;2;1;1;1;2;1;188;0;5091750000,00
91008742;1;2;16;Banco Davivienda S.A.;8600343137;2;1;1;1;2;1;351;0;10323400000,00
91008742;1;2;16;Banco Colpatria Multibanca Colpatria S.A.;8600345941;2;1;1;1;2;1;165;0;5022600000,00
91008742;1;2;16;Banco Popular S.A.;8600077389;2;1;1;1;2;1;194;0;5074250000,00
91008742;1;2;16;Banco De Bogota S.A.;8600029644;2;1;1;1;2;1;173;0;9222390000,00
91008742;1;2;16;Banco Gnb Sudameris S.A.;8600507501;2;1;1;1;2;11;285;0;5037750000,00
91008742;1;2;16;Banco De Occidente S.A.;8903002794;2;1;1;1;2;1;138;0;5014550000,00
91008742;1;2;16;Banco Popular S.A.;8600077389;2;1;1;1;2;1;352;0;5166000000,00
91008742;1;2;16;Banco Davivienda S.A.;8600343137;2;1;1;1;2;1;195;0;5071800000,00
91008742;1;2;16;Banco De Bogota S.A.;8600029644;2;1;1;1;2;1;356;0;5236250000,00
91008742;1;2;16;Banco De Bogota S.A.;8600029644;2;1;1;1;2;1;224;0;503455000,00
91008742;1;2;16;Banco De Bogota S.A.;8600029644;2;1;1;1;2;1;342;0;5027150000,00
91008742;1;2;16;Banco Gnb Sudameris S.A.;8600507501;2;1;1;1;2;11;223;0;10076100000,00
91008742;1;2;16;Banco Davivienda S.A.;8600343137;2;1;1;1;2;1;187;0;7127610000,00
91008742;1;2;16;Banco De Occidente S.A.;8903002794;2;1;1;1;2;1;188;0;5091750000,00
91008742;1;2;16;Banco Gnb Sudameris S.A.;8600507501;2;1;1;1;2;11;223;0;25190250000,00
91008742;1;2;16;Financiera De Desarrollo Territorial S.A. Findeter;8000963291;2;1;1;1;2;1;277;0;773617500,00
91008742;1;2;16;Financiera De Desarrollo Territorial S.A. Findeter;8000963291;2;1;1;1;2;1;345;0;5102350000,00
91008742;1;2;16;Financiera De Desarrollo Territorial S.A. Findeter;8000963291;2;1;1;1;2;1;268;0;1035330000,00
91008742;1;2;16;Financiera De Desarrollo Territorial S.A. Findeter;8000963291;2;1;1;1;2;1;351;0;5168000000,00
91008742;1;2;16;Financiera De Desarrollo Territorial S.A. Findeter;8000963291;2;1;1;1;2;1;208;0;5135150000,00
91008742;1;2;16;Financiera De Desarrollo Territorial S.A. Findeter;8000963291;2;1;1;1;2;1;351;0;2067200000,00
91008742;1;2;16;Financiera De Desarrollo Territorial S.A. Findeter;8000963291;2;1;1;1;2;1;351;0;5168000000,00
91008742;1;2;16;Financiera De Desarrollo Territorial S.A. Findeter;8000963291;2;1;1;1;2;1;285;0;6039540000,00
91008742;1;2;16;Banco Colpatria Multibanca Colpatria S.A.;8600345941;2;1;1;1;2;1;459;0;1956680000,00
91008742;1;2;16;Bancolombia S.A.;8909039388;2;1;1;1;2;1;364;0;2521300000,00
91008742;1;2;16;Financiera De Desarrollo Territorial S.A. Findeter;8000963291;2;1;1;1;2;1;222;0;3052050000,00
91008742;1;2;16;Rci Colombia S.A.;9009776291;2;1;1;1;2;1;310;0;3113610000,00
91008742;1;2;16;Rci Colombia S.A.;9009776291;2;1;1;1;2;1;142;0;3349547500,00
91008742;1;2;16;Rci Colombia S.A.;9009776291;2;1;1;1;2;1;142;0;15466050000,00
91008742;1;2;16;Rci Colombia S.A.;9009776291;2;1;1;1;2;1;173;0;5101800000,00
91008742;1;2;16;Corporacion Financiera Colombiana S.A.;8903006536;2;1;1;1;2;1;1785;0;5160900000,00
91008742;1;2;16;Banco De Bogota S.A.;8600029644;2;1;1;1;2;1;576;0;10341800000,00
91008742;1;2;16;Banco Colpatria Multibanca Colpatria S.A.;8600345941;2;1;1;1;2;1;316;0;5116150000,00
91008742;1;2;16;Banco Itaú S.A;8909039370;2;1;1;1;2;1;871;0;5206450000,00
91008742;1;2;16;Banco De Comercio Ext. De Colombia S.A. Bancoldex;8001499236;2;1;1;1;2;1;442;0;947970000,00
91008742;1;2;16;Bancolombia S.A.;8909039388;2;1;1;1;2;1;349;0;4158400000,00
91008742;1;2;16;Bancolombia S.A.;8909039388;2;1;1;1;2;1;367;0;1013260000,00
91008742;1;2;16;Banco De Bogota S.A.;8600029644;2;1;1;1;2;1;181;0;990710000,00
91008742;1;2;16;Banco Colpatria Multibanca Colpatria S.A.;8600345941;2;1;1;1;2;1;453;0;2364550000,00
91008742;1;2;16;Banco Colpatria Multibanca Colpatria S.A.;8600345941;2;1;1;1;2;1;416;0;3964280000,00
91008742;1;2;16;Banco Colpatria Multibanca Colpatria S.A.;8600345941;2;1;1;1;2;1;412;0;1984840000,00
91008742;1;2;16;Banco De Occidente S.A.;8903002794;2;1;1;1;2;1;555;0;10457900000,00
91008742;1;2;16;Banco De Occidente S.A.;8903002794;2;1;1;1;2;1;555;0;5228950000,00
91008742;1;2;16;Banco Av Villas S.A.;8600358275;2;1;1;1;2;1;157;0;2032740000,00
91008742;1;2;16;Banco De Occidente S.A.;8903002794;2;1;1;1;2;1;188;0;1988160000,00
91008742;1;2;16;Banco Falabella S.A.;9000479818;2;1;1;1;2;18;604;0;4948500000,00
91008742;1;2;16;Bancolombia S.A.;8909039388;2;1;1;1;2;1;605;0;4927850000,00
91008742;1;2;16;Banco Davivienda S.A.;8600343137;2;1;1;1;2;1;309;0;5121900000,00
91008742;1;1;16;Bbva Colombia S.A.;8600030201;2;1;1;1;2;1;281;0;484160000,00
91008742;1;2;16;Banco Colpatria Multibanca Colpatria S.A.;8600345941;2;1;1;1;2;1;355;0;15562050000,00
91008742;1;2;16;Banco De Bogota S.A.;8600029644;2;1;1;1;2;1;401;0;2062920000,00
91008742;1;2;16;Banco De Occidente S.A.;8903002794;2;1;1;1;2;1;592;0;10276400000,00
91008742;1;2;16;Banco Davivienda S.A.;8600343137;2;1;1;1;2;1;576;0;4659480000,00
91008742;1;2;16;Banco Colpatria Multibanca Colpatria S.A.;8600345941;2;1;1;1;2;1;453;0;4729100000,00
91008742;1;2;16;Banco De Bogota S.A.;8600029644;2;1;1;1;2;1;728;0;1602825000,00
91008742;1;2;16;Banco Falabella S.A.;9000479818;2;1;1;1;2;18;242;0;5020750000,00
91008742;1;1;16;Bbva Colombia S.A.;8600030201;2;1;1;1;2;1;281;0;968320000,00
91008742;1;2;16;Banco De Occidente S.A.;8903002794;2;1;1;1;2;1;554;0;4184520000,00
91008742;1;2;16;Banco Popular S.A.;8600077389;2;1;1;1;2;1;536;0;5274000000,00
91008742;1;2;16;Banco Davivienda S.A.;8600343137;2;1;1;1;2;1;753;0;2619325000,00
91008742;1;2;16;Banco De Bogota S.A.;8600029644;2;1;1;1;2;1;717;0;1073590000,00
91008742;1;2;16;Banco De Bogota S.A.;8600029644;2;1;1;1;2;1;239;0;5104250000,00
91008742;1;2;16;Banco Itaú S.A;8909039370;2;1;1;1;2;1;402;0;3066120000,00
91008742;1;2;16;Banco Davivienda S.A.;8600343137;2;1;1;1;2;1;400;0;2048060000,00
91008742;1;2;16;Banco Davivienda S.A.;8600343137;2;1;1;1;2;1;493;0;5186500000,00
91008742;1;2;16;Banco Itaú S.A;8909039370;2;1;1;1;2;1;877;0;5197050000,00
91008742;1;2;16;Banco Colpatria Multibanca Colpatria S.A.;8600345941;2;1;1;1;2;1;596;0;10244500000,00
91008742;1;2;16;Banco Itaú S.A;8909039370;2;1;1;1;2;1;876;0;5198650000,00
91008742;1;2;16;Bancolombia S.A.;8909039388;2;1;1;1;2;1;554;0;6270660000,00
91008742;1;2;16;Banco De Bogota S.A.;8600029644;2;1;1;1;2;1;1030;0;3178440000,00
91008742;1;2;16;Banco Itaú S.A;8909039370;2;1;1;1;2;1;583;0;15307800000,00
91008742;1;2;16;Banco De Bogota S.A.;8600029644;2;1;1;1;2;1;378;0;7172900000,00
91008742;1;2;16;Banco Colpatria Multibanca Colpatria S.A.;8600345941;2;1;1;1;2;1;598;0;2959500000,00
91008742;1;2;16;Banco Popular S.A.;8600077389;2;1;1;1;2;1;536;0;527400000,00
91008742;1;2;16;Banco Davivienda S.A.;8600343137;2;1;1;1;2;1;948;0;4188120000,00
91008742;1;2;16;Banco Popular S.A.;8600077389;2;1;1;1;2;1;312;0;1940280000,00
91008742;1;2;16;Bancolombia S.A.;8909039388;2;1;1;1;2;1;370;0;10300000000,00
91008742;1;2;16;Banco Davivienda S.A.;8600343137;2;1;1;1;2;1;948;0;3141090000,00
91008742;1;2;16;Banco Davivienda S.A.;8600343137;2;1;1;1;2;1;549;0;1047820000,00
91008742;1;2;16;Banco Av Villas S.A.;8600358275;2;1;1;1;2;1;358;0;15546150000,00
91008742;1;2;16;Banco Davivienda S.A.;8600343137;2;1;1;1;2;1;948;0;1047030000,00
91008742;1;1;16;Bbva Colombia S.A.;8600030201;2;1;1;1;2;1;572;0;2343125000,00
91008742;1;2;16;Banco Av Villas S.A.;8600358275;2;1;1;1;2;1;379;0;4096160000,00
91008742;1;2;16;Banco Popular S.A.;8600077389;2;1;1;1;2;1;536;0;1054800000,00
91008742;1;2;16;Banco De Comercio Ext. De Colombia S.A. Bancoldex;8001499236;2;1;1;1;2;1;442;0;1421955000,00
91008742;1;2;16;Bancolombia S.A.;8909039388;2;1;1;1;2;1;554;0;1045110000,00
91008742;1;2;16;Banco Itaú S.A;8909039370;2;1;1;1;2;1;248;0;1000010000,00
91008742;1;2;16;Bancolombia S.A.;8909039388;2;1;1;1;2;1;604;0;2957640000,00
91008742;1;2;16;Banco De Bogota S.A.;8600029644;2;1;1;1;2;1;199;0;1506540000,00
91008742;1;1;16;Bbva Colombia S.A.;8600030201;2;1;1;1;2;1;571;0;3750200000,00
91008742;1;2;16;Banco De Bogota S.A.;8600029644;2;1;1;1;2;1;300;0;4221120000,00
91008742;1;2;16;Bancolombia S.A.;8909039388;2;1;1;1;2;1;451;0;517590000,00
91008742;1;2;16;Banco Davivienda S.A.;8600343137;2;1;1;1;2;1;753;0;3470940000,00
91008742;1;2;16;Banco De Occidente S.A.;8903002794;2;1;1;1;2;1;396;0;4170640000,00
91008742;1;2;16;Banco De Bogota S.A.;8600029644;2;1;1;1;2;1;900;0;5473900000,00
91008742;1;2;16;Bancolombia S.A.;8909039388;2;1;1;1;2;1;1031;0;5296000000,00
91008742;1;2;16;Banco De Occidente S.A.;8903002794;2;1;1;1;2;1;570;0;1066340000,00
91008742;1;2;16;Banco Colpatria Multibanca Colpatria S.A.;8600345941;2;1;1;1;2;1;311;0;4852400000,00
91008742;1;2;16;Bancolombia S.A.;8909039388;2;1;1;1;2;1;1451;0;5154400000,00
91008742;1;2;16;Banco De Occidente S.A.;8903002794;2;1;1;1;2;1;1010;0;5182750000,00
91008742;1;2;16;Banco Colpatria Multibanca Colpatria S.A.;8600345941;2;1;1;1;2;1;406;0;5103250000,00
91008742;1;2;16;Banco Colpatria Multibanca Colpatria S.A.;8600345941;2;1;1;1;2;1;406;0;5103250000,00
91008742;1;2;16;Banco De Bogota S.A.;8600029644;2;1;1;1;2;1;464;0;10060200000,00
91008742;1;2;16;Banco Popular S.A.;8600077389;2;1;1;1;2;1;361;0;1916880000,00
91008742;1;2;16;Banco Itaú S.A;8909039370;2;1;1;1;2;1;877;0;10394100000,00
91008742;1;2;16;Bancolombia S.A.;8909039388;2;1;1;1;2;1;289;0;5025100000,00
91008742;1;2;16;Banco De Occidente S.A.;8903002794;2;1;1;1;2;1;395;0;10352900000,00
91008742;1;2;16;Banco De Bogota S.A.;8600029644;2;1;1;1;2;1;672;0;5213250000,00
91008742;1;2;16;Banco Davivienda S.A.;8600343137;2;1;1;1;2;1;1807;0;5247600000,00
91008742;1;2;16;Banco Davivienda S.A.;8600343137;2;1;1;1;2;1;395;0;1035720000,00
91008742;1;2;16;Banco De Bogota S.A.;8600029644;2;1;1;1;2;1;674;0;5209950000,00
91008742;1;2;16;Banco Davivienda S.A.;8600343137;2;1;1;1;2;1;1034;0;8995635000,00
91008742;1;2;16;Bancolombia S.A.;8909039388;2;1;1;1;2;1;1025;0;5305150000,00
91008742;1;2;16;Financiera De Desarrollo Territorial S.A. Findeter;8000963291;2;1;1;1;2;1;448;0;5131300000,00
91008742;1;2;16;Financiera De Desarrollo Territorial S.A. Findeter;8000963291;2;1;1;1;2;1;646;0;5087500000,00
91008742;1;2;16;Financiera De Desarrollo Territorial S.A. Findeter;8000963291;2;1;1;1;2;1;668;0;5219800000,00
91008742;1;2;16;Financiera De Desarrollo Territorial S.A. Findeter;8000963291;2;1;1;1;2;1;356;0;5241350000,00
91008742;1;2;16;Financiera De Desarrollo Territorial S.A. Findeter;8000963291;2;1;1;1;2;1;121;0;4148840000,00
91008742;1;2;16;Financiera De Desarrollo Territorial S.A. Findeter;8000963291;2;1;1;1;2;1;693;0;5182500000,00
91008742;1;2;16;Financiera De Desarrollo Territorial S.A. Findeter;8000963291;2;1;1;1;2;1;695;0;5179250000,00
91008742;1;2;16;Financiera De Desarrollo Territorial S.A. Findeter;8000963291;2;1;1;1;2;1;454;0;15317850000,00
91008742;1;2;16;Financiera De Desarrollo Territorial S.A. Findeter;8000963291;2;1;1;1;2;1;451;0;5068900000,00
91008742;1;2;16;Financiera De Desarrollo Territorial S.A. Findeter;8000963291;2;1;1;1;2;1;336;0;512660000,00
91008742;1;2;16;Financiera De Desarrollo Territorial S.A. Findeter;8000963291;2;1;1;1;2;1;462;0;10071200000,00
91008742;1;2;16;Banco Gnb Sudameris S.A.;8600507501;2;1;1;1;2;11;407;0;10250500000,00
91008742;2;2;0;Banco De Comercio Ext. De Colombia S.A. Bancoldex;8001499236;0;0;0;0;0;0;0;0;86661971,95
91008742;2;2;0;Banco Falabella S.A.;9000479818;0;0;0;0;0;0;0;0;53804587,25
91008742;2;2;0;Banco Santander De Negocios Colombia S.A.;9006281103;0;0;0;0;0;0;0;0;748599362,27
91008742;2;2;0;Bancafe Panama;8600029621;0;0;0;0;0;0;0;0;37368108978,77
91008742;2;2;0;Bnp Paribas Ny;4647158952;0;0;0;0;0;0;0;0;29617256,22
91008742;2;1;0;Bbva Colombia S.A.;8600030201;0;0;0;0;0;0;0;0;499999209,66
91008742;2;2;0;Jpmorgan Corporacion Financiera S.A;9001143468;0;0;0;0;0;0;0;0;1048708816,13
91008742;2;2;0;Banco Coomeva S.A. Bancoomeva;9004061505;0;0;0;0;0;0;0;0;117617,56
91008742;2;1;0;Bbva Colombia S.A.;8600030201;0;0;0;0;0;0;0;0;20281210512,05
91008742;2;2;0;Banco Popular S.A.;8600077389;0;0;0;0;0;0;0;0;4059700076,84
91008742;2;2;0;Banco Itaú S.A;8909039370;0;0;0;0;0;0;0;0;2568929211,09
91008742;2;2;0;Banco Colpatria Multibanca Colpatria S.A.;8600345941;0;0;0;0;0;0;0;0;408405357,60
91008742;2;2;0;Banco Davivienda S.A.;8600343137;0;0;0;0;0;0;0;0;89849624153,34
91008742;2;1;0;Bbva Colombia S.A.;8600030201;0;0;0;0;0;0;0;0;67974545,63
91008742;2;2;0;Banco Agrario De Colombia S.A;8000378008;0;0;0;0;0;0;0;0;52575612,89
91008742;2;2;0;Bancolombia S.A.;8909039388;0;0;0;0;0;0;0;0;3176344476,38
91008742;2;2;0;Banco Gnb Sudameris S.A.;8600507501;0;0;0;0;0;0;0;0;120526462438,56
91008742;2;2;0;Banco De Occidente S.A.;8903002794;0;0;0;0;0;0;0;0;120899399603,14
91008742;2;2;0;Banco Colpatria Multibanca Colpatria S.A.;8600345941;0;0;0;0;0;0;0;0;1286645234,83
91008742;2;2;0;Banco Caja Social;8600073354;0;0;0;0;0;0;0;0;5823787429,77
91008742;2;2;0;Banco De Bogota S.A.;8600029644;0;0;0;0;0;0;0;0;385812658,06
91008742;2;2;0;Banco Av Villas S.A.;8600358275;0;0;0;0;0;0;0;0;1212253087,09
91008742;1;2;7;Ministerio De Hacienda Y Credito Publico;8999990902;2;1;1;1;4;9;215;0;6780060000,00
91008742;1;2;10;Ministerio De Hacienda Y Credito Publico;8999990902;2;1;1;1;4;9;2792;0;4398650000,00
91008742;1;2;10;Ministerio De Hacienda Y Credito Publico;8999990902;2;1;1;1;4;9;1553;0;7839990000,00
91008742;1;2;10;Ministerio De Hacienda Y Credito Publico;8999990902;2;1;1;1;4;9;2792;0;9677030000,00
91008742;1;2;10;Ministerio De Hacienda Y Credito Publico;8999990902;2;1;1;1;4;9;1553;0;8711100000,00
91008742;1;2;10;Ministerio De Hacienda Y Credito Publico;8999990902;2;1;1;1;4;9;2792;0;2639190000,00
91008742;1;2;10;Ministerio De Hacienda Y Credito Publico;8999990902;2;1;1;1;4;9;2792;0;879730000,00
91008742;1;2;18;Titularizadora Colombiana S.A. Hitos;8300895306;2;1;1;1;1;1;1686;0;233630578,52
92008686;1;2;2;Secretaria Distrital De Hacienda;8999990619;2;1;1;1;4;1;572;0;991820000,00
92008686;1;2;3;Banco Davivienda S.A.;8600343137;2;1;1;1;2;1;1660;0;451585000,00
92008686;1;2;3;Banco Davivienda S.A.;8600343137;2;1;1;1;2;1;930;0;858320000,00
92008686;1;2;16;Banco Davivienda S.A.;8600343137;2;1;1;1;2;1;169;0;1515675000,00
92008686;1;2;16;Banco Gnb Sudameris S.A.;8600507501;2;1;1;1;2;11;223;0;1007610000,00
92008686;1;2;16;Banco Davivienda S.A.;8600343137;2;1;1;1;2;1;352;0;515490000,00
92008686;1;2;16;Banco De Comercio Ext. De Colombia S.A. Bancoldex;8001499236;2;1;1;1;2;1;291;0;1000870000,00
92008686;1;2;16;Bancolombia S.A.;8909039388;2;1;1;1;2;1;183;0;509990000,00
92008686;1;2;16;Bancolombia S.A.;8909039388;2;1;1;1;2;1;197;0;1011510000,00
92008686;1;2;16;Banco De Occidente S.A.;8903002794;2;1;1;1;2;1;204;0;511655000,00
92008686;1;2;16;Banco Popular S.A.;8600077389;2;1;1;1;2;1;219;0;505220000,00
92008686;1;2;16;Financiera De Desarrollo Territorial S.A. Findeter;8000963291;2;1;1;1;2;1;285;0;1006590000,00
92008686;1;2;16;Financiera De Desarrollo Territorial S.A. Findeter;8000963291;2;1;1;1;2;1;274;0;1032690000,00
92008686;1;2;16;Bancolombia S.A.;8909039388;2;1;1;1;2;1;270;0;1008580000,00
92008686;1;2;16;Banco Colpatria Multibanca Colpatria S.A.;8600345941;2;1;1;1;2;1;459;0;978340000,00
92008686;1;2;16;Bancolombia S.A.;8909039388;2;1;1;1;2;1;364;0;1008520000,00
92008686;1;2;16;Financiera De Desarrollo Territorial S.A. Findeter;8000963291;2;1;1;1;2;1;298;0;1027600000,00
92008686;1;2;16;Financiera De Desarrollo Territorial S.A. Findeter;8000963291;2;1;1;1;2;1;221;0;508795000,00
92008686;1;2;16;Financiera De Desarrollo Territorial S.A. Findeter;8000963291;2;1;1;1;2;1;237;0;1020500000,00
92008686;1;2;16;Bancolombia S.A.;8909039388;2;1;1;1;2;1;4153;0;726330000,00
92008686;1;2;16;Corporacion Financiera Colombiana S.A.;8903006536;2;1;1;1;2;1;1785;0;1032180000,00
92008686;1;2;16;Banco Itaú S.A;8909039370;2;1;1;1;2;1;1048;0;1042120000,00
92008686;1;2;16;Banco De Occidente S.A.;8903002794;2;1;1;1;2;1;554;0;523065000,00
92008686;1;2;16;Banco De Bogota S.A.;8600029644;2;1;1;1;2;1;674;0;1041990000,00
92008686;1;2;16;Banco De Occidente S.A.;8903002794;2;1;1;1;2;1;570;0;1066340000,00
92008686;1;2;16;Bancolombia S.A.;8909039388;2;1;1;1;2;1;2547;0;1597020000,00
92008686;1;2;16;Banco Itaú S.A;8909039370;2;1;1;1;2;1;1052;0;1040880000,00
92008686;1;2;16;Banco Falabella S.A.;9000479818;2;1;1;1;2;18;242;0;1004150000,00
92008686;1;2;16;Banco Popular S.A.;8600077389;2;1;1;1;2;1;554;0;522555000,00
92008686;1;2;16;Banco De Occidente S.A.;8903002794;2;1;1;1;2;1;811;0;1466205000,00
92008686;1;2;16;Bancolombia S.A.;8909039388;2;1;1;1;2;1;604;0;1478820000,00
92008686;1;2;16;Banco Colpatria Multibanca Colpatria S.A.;8600345941;2;1;1;1;2;1;598;0;986500000,00
92008686;1;2;16;Banco De Occidente S.A.;8903002794;2;1;1;1;2;1;605;0;1971140000,00
92008686;1;2;16;Banco De Occidente S.A.;8903002794;2;1;1;1;2;1;1000;0;999610000,00
92008686;1;2;16;Banco De Occidente S.A.;8903002794;2;1;1;1;2;1;267;0;497800000,00
92008686;1;2;16;Banco Colpatria Multibanca Colpatria S.A.;8600345941;2;1;1;1;2;1;776;0;515320000,00
92008686;1;2;16;Banco Colpatria Multibanca Colpatria S.A.;8600345941;2;1;1;1;2;1;416;0;991070000,00
92008686;1;2;16;Banco Popular S.A.;8600077389;2;1;1;1;2;1;800;0;1026230000,00
92008686;1;2;16;Banco De Bogota S.A.;8600029644;2;1;1;1;2;1;900;0;1094780000,00
92008686;1;2;16;Banco De Bogota S.A.;8600029644;2;1;1;1;2;1;672;0;521325000,00
92008686;1;2;16;Banco Itaú S.A;8909039370;2;1;1;1;2;1;248;0;500005000,00
92008686;1;2;16;Bancolombia S.A.;8909039388;2;1;1;1;2;1;554;0;1045110000,00
92008686;1;2;16;Bancolombia S.A.;8909039388;2;1;1;1;2;1;554;0;1045110000,00
92008686;1;2;16;Banco Davivienda S.A.;8600343137;2;1;1;1;2;1;1034;0;529155000,00
92008686;1;2;16;Banco De Bogota S.A.;8600029644;2;1;1;1;2;1;199;0;502180000,00
92008686;1;2;16;Banco Popular S.A.;8600077389;2;1;1;1;2;1;536;0;527400000,00
92008686;1;2;16;Banco De Occidente S.A.;8903002794;2;1;1;1;2;1;582;0;986410000,00
92008686;1;2;16;Banco Colpatria Multibanca Colpatria S.A.;8600345941;2;1;1;1;2;1;586;0;493860000,00
92008686;1;2;16;Banco Colpatria Multibanca Colpatria S.A.;8600345941;2;1;1;1;2;1;355;0;1037470000,00
92008686;1;2;16;Banco Itaú S.A;8909039370;2;1;1;1;2;1;871;0;520645000,00
92008686;1;1;16;Bbva Colombia S.A.;8600030201;2;1;1;1;2;1;572;0;937250000,00
92008686;1;2;16;Banco Davivienda S.A.;8600343137;2;1;1;1;2;1;395;0;1035720000,00
92008686;1;2;16;Banco De Comercio Ext. De Colombia S.A. Bancoldex;8001499236;2;1;1;1;2;1;442;0;947970000,00
92008686;1;2;16;Banco De Bogota S.A.;8600029644;2;1;1;1;2;1;1030;0;1059480000,00
92008686;1;2;16;Banco Itaú S.A;8909039370;2;1;1;1;2;1;583;0;2041040000,00
92008686;1;2;16;Banco Davivienda S.A.;8600343137;2;1;1;1;2;1;948;0;1047030000,00
92008686;1;2;16;Banco Itaú S.A;8909039370;2;1;1;1;2;1;238;0;1005340000,00
92008686;1;2;16;Banco Popular S.A.;8600077389;2;1;1;1;2;1;388;0;1045020000,00
92008686;1;2;16;Bancolombia S.A.;8909039388;2;1;1;1;2;1;1025;0;1061030000,00
92008686;1;2;16;Financiera De Desarrollo Territorial S.A. Findeter;8000963291;2;1;1;1;2;1;646;0;508750000,00
92008686;1;2;16;Financiera De Desarrollo Territorial S.A. Findeter;8000963291;2;1;1;1;2;1;694;0;1036170000,00
92008686;1;2;16;Banco Gnb Sudameris S.A.;8600507501;2;1;1;1;2;11;407;0;1025050000,00
92008686;2;2;0;Banco De Comercio Ext. De Colombia S.A. Bancoldex;8001499236;0;0;0;0;0;0;0;0;70773424,31
92008686;2;2;0;Banco Falabella S.A.;9000479818;0;0;0;0;0;0;0;0;10486308,69
92008686;2;2;0;Banco Santander De Negocios Colombia S.A.;9006281103;0;0;0;0;0;0;0;0;145722812,18
92008686;2;2;0;Bancafe Panama;8600029621;0;0;0;0;0;0;0;0;2496974517,71
92008686;2;2;0;Bnp Paribas Ny;4647158952;0;0;0;0;0;0;0;0;1513957,48
92008686;2;1;0;Bbva Colombia S.A.;8600030201;0;0;0;0;0;0;0;0;199999014,92
92008686;2;2;0;Jpmorgan Corporacion Financiera S.A;9001143468;0;0;0;0;0;0;0;0;0,01
92008686;2;1;0;Bbva Colombia S.A.;8600030201;0;0;0;0;0;0;0;0;2182338139,38
92008686;2;2;0;Banco Popular S.A.;8600077389;0;0;0;0;0;0;0;0;5299846015,28
92008686;2;2;0;Banco Itaú S.A;8909039370;0;0;0;0;0;0;0;0;105407268,77
92008686;2;2;0;Banco Colpatria Multibanca Colpatria S.A.;8600345941;0;0;0;0;0;0;0;0;91721273,41
92008686;2;2;0;Banco Gnb Sudameris S.A.;8600507501;0;0;0;0;0;0;0;0;7726886786,24
92008686;2;2;0;Banco Davivienda S.A.;8600343137;0;0;0;0;0;0;0;0;531594993,16
92008686;2;2;0;Banco De Occidente S.A.;8903002794;0;0;0;0;0;0;0;0;2068517871,94
92008686;2;2;0;Bancolombia S.A.;8909039388;0;0;0;0;0;0;0;0;175254338,53
92008686;2;2;0;Banco Colpatria Multibanca Colpatria S.A.;8600345941;0;0;0;0;0;0;0;0;25508250,01
92008686;2;2;0;Banco De Bogota S.A.;8600029644;0;0;0;0;0;0;0;0;114317668,45
92008686;2;2;0;Banco Av Villas S.A.;8600358275;0;0;0;0;0;0;0;0;67658404,81
92008686;1;2;10;Ministerio De Hacienda Y Credito Publico;8999990902;2;1;1;1;4;9;1553;0;871110000,00
91008734;1;2;16;Banco Popular S.A.;8600077389;2;1;1;1;2;1;352;0;4132800000,00
91008734;1;2;16;Banco Davivienda S.A.;8600343137;2;1;1;1;2;1;142;0;4066760000,00
91008734;1;2;16;Banco De Occidente S.A.;8903002794;2;1;1;1;2;1;204;0;9209790000,00
91008734;1;2;16;Banco De Comercio Ext. De Colombia S.A. Bancoldex;8001499236;2;1;1;1;2;1;225;0;7038850000,00
91008734;1;2;16;Banco Gnb Sudameris S.A.;8600507501;2;1;1;1;2;11;285;0;5037750000,00
91008734;1;2;16;Banco De Bogota S.A.;8600029644;2;1;1;1;2;1;141;0;5027250000,00
91008734;1;2;16;Banco Colpatria Multibanca Colpatria S.A.;8600345941;2;1;1;1;2;1;232;0;5029900000,00
91008734;1;2;16;Banco Davivienda S.A.;8600343137;2;1;1;1;2;1;161;0;3042090000,00
91008734;1;2;16;Banco De Comercio Ext. De Colombia S.A. Bancoldex;8001499236;2;1;1;1;2;1;132;0;3011910000,00
91008734;1;2;16;Bancolombia S.A.;8909039388;2;1;1;1;2;1;197;0;16184160000,00
91008734;1;2;16;Banco Gnb Sudameris S.A.;8600507501;2;1;1;1;2;11;223;0;10076100000,00
91008734;1;2;16;Banco De Occidente S.A.;8903002794;2;1;1;1;2;1;221;0;10106500000,00
91008734;1;2;16;Banco De Comercio Ext. De Colombia S.A. Bancoldex;8001499236;2;1;1;1;2;1;386;0;20765800000,00
91008734;1;2;16;Banco Santander De Negocios Colombia S.A.;9006281103;2;1;1;1;2;1;184;0;5041950000,00
91008734;1;2;16;Banco De Occidente S.A.;8903002794;2;1;1;1;2;1;227;0;10086900000,00
91008734;1;2;16;Banco De Occidente S.A.;8903002794;2;1;1;1;2;1;263;0;1511145000,00
91008734;1;2;16;Banco Colpatria Multibanca Colpatria S.A.;8600345941;2;1;1;1;2;1;134;0;10038500000,00
91008734;1;2;16;Banco Colpatria Multibanca Colpatria S.A.;8600345941;2;1;1;1;2;1;165;0;5022600000,00
91008734;1;2;16;Banco Av Villas S.A.;8600358275;2;1;1;1;2;1;127;0;5035200000,00
91008734;1;2;16;Banco De Comercio Ext. De Colombia S.A. Bancoldex;8001499236;2;1;1;1;2;1;132;0;3513895000,00
91008734;1;2;16;Banco Av Villas S.A.;8600358275;2;1;1;1;2;1;249;0;4065200000,00
91008734;1;2;16;Banco De Occidente S.A.;8903002794;2;1;1;1;2;1;220;0;4054560000,00
91008734;1;2;16;Banco De Bogota S.A.;8600029644;2;1;1;1;2;1;166;0;5059800000,00
91008734;1;2;16;Banco De Bogota S.A.;8600029644;2;1;1;1;2;1;112;0;5075500000,00
91008734;1;2;16;Banco De Bogota S.A.;8600029644;2;1;1;1;2;1;173;0;1024710000,00
91008734;1;2;16;Banco De Comercio Ext. De Colombia S.A. Bancoldex;8001499236;2;1;1;1;2;1;202;0;2007500000,00
91008734;1;2;16;Banco Davivienda S.A.;8600343137;2;1;1;1;2;1;171;0;7022050000,00
91008734;1;2;16;Banco De Comercio Ext. De Colombia S.A. Bancoldex;8001499236;2;1;1;1;2;1;291;0;5004350000,00
91008734;1;2;16;Banco De Occidente S.A.;8903002794;2;1;1;1;2;1;229;0;10020800000,00
91008734;1;2;16;Banco Davivienda S.A.;8600343137;2;1;1;1;2;1;171;0;5015750000,00
91008734;1;2;16;Banco De Occidente S.A.;8903002794;2;1;1;1;2;1;253;0;1010900000,00
91008734;1;2;16;Banco De Occidente S.A.;8903002794;2;1;1;1;2;1;266;0;10193500000,00
91008734;1;2;16;Banco De Occidente S.A.;8903002794;2;1;1;1;2;1;270;0;509140000,00
91008734;1;2;16;Banco Colpatria Multibanca Colpatria S.A.;8600345941;2;1;1;1;2;1;259;0;2009880000,00
91008734;1;2;16;Banco Av Villas S.A.;8600358275;2;1;1;1;2;1;288;0;3530765000,00
91008734;1;2;16;Banco Davivienda S.A.;8600343137;2;1;1;1;2;1;169;0;505225000,00
91008734;1;2;16;Banco De Bogota S.A.;8600029644;2;1;1;1;2;1;342;0;10054300000,00
91008734;1;2;16;Banco De Bogota S.A.;8600029644;2;1;1;1;2;1;162;0;2026840000,00
91008734;1;2;16;Banco Av Villas S.A.;8600358275;2;1;1;1;2;1;127;0;5031450000,00
91008734;1;2;16;Banco De Comercio Ext. De Colombia S.A. Bancoldex;8001499236;2;1;1;1;2;1;225;0;4033920000,00
91008734;1;2;16;Banco De Comercio Ext. De Colombia S.A. Bancoldex;8001499236;2;1;1;1;2;1;128;0;10060700000,00
91008734;1;2;16;Banco De Occidente S.A.;8903002794;2;1;1;1;2;1;224;0;10096700000,00
91008734;1;2;16;Banco Colpatria Multibanca Colpatria S.A.;8600345941;2;1;1;1;2;1;155;0;4032200000,00
91008734;1;2;16;Banco Av Villas S.A.;8600358275;2;1;1;1;2;1;402;0;2016220000,00
91008734;1;2;16;Banco Gnb Sudameris S.A.;8600507501;2;1;1;1;2;11;223;0;5038050000,00
91008734;1;2;16;Banco De Comercio Ext. De Colombia S.A. Bancoldex;8001499236;2;1;1;1;2;1;386;0;10382900000,00
91008734;1;2;16;Banco Gnb Sudameris S.A.;8600507501;2;1;1;1;2;11;223;0;4030440000,00
91008734;1;2;16;Banco De Bogota S.A.;8600029644;2;1;1;1;2;1;187;0;1018350000,00
91008734;1;2;16;Bancolombia S.A.;8909039388;2;1;1;1;2;1;198;0;1012120000,00
91008734;1;2;16;Banco De Occidente S.A.;8903002794;2;1;1;1;2;1;270;0;3054840000,00
91008734;1;2;16;Banco De Bogota S.A.;8600029644;2;1;1;1;2;1;119;0;8068400000,00
91008734;1;2;16;Banco Davivienda S.A.;8600343137;2;1;1;1;2;1;161;0;5070150000,00
91008734;1;2;16;Banco De Bogota S.A.;8600029644;2;1;1;1;2;1;346;0;15048000000,00
91008734;1;2;16;Banco Santander De Negocios Colombia S.A.;9006281103;2;1;1;1;2;1;275;0;25322750000,00
91008734;1;2;16;Banco Davivienda S.A.;8600343137;2;1;1;1;2;1;169;0;5052250000,00
91008734;1;2;16;Banco De Occidente S.A.;8903002794;2;1;1;1;2;1;263;0;1007430000,00
91008734;1;2;16;Banco Davivienda S.A.;8600343137;2;1;1;1;2;1;211;0;15251100000,00
91008734;1;2;16;Banco Gnb Sudameris S.A.;8600507501;2;1;1;1;2;11;285;0;5037750000,00
91008734;1;2;16;Banco Popular S.A.;8600077389;2;1;1;1;2;1;130;0;5029550000,00
91008734;1;2;16;Banco Popular S.A.;8600077389;2;1;1;1;2;1;130;0;2011820000,00
91008734;1;2;16;Banco De Occidente S.A.;8903002794;2;1;1;1;2;1;111;0;0,00
91008734;1;2;16;Banco De Bogota S.A.;8600029644;2;1;1;1;2;1;173;0;5123550000,00
91008734;1;2;16;Banco Falabella S.A.;9000479818;2;1;1;1;2;18;174;0;10142000000,00
91008734;1;2;16;Banco Davivienda S.A.;8600343137;2;1;1;1;2;1;233;0;5063450000,00
91008734;1;2;16;Banco Itaú S.A;8909039370;2;1;1;1;2;1;237;0;20235400000,00
91008734;1;2;16;Banco Popular S.A.;8600077389;2;1;1;1;2;1;160;0;5024250000,00
91008734;1;2;16;Bancolombia S.A.;8909039388;2;1;1;1;2;1;188;0;17299370000,00
91008734;1;2;16;Banco De Bogota S.A.;8600029644;2;1;1;1;2;1;346;0;2007680000,00
91008734;1;2;16;Banco Colpatria Multibanca Colpatria S.A.;8600345941;2;1;1;1;2;1;155;0;10080500000,00
91008734;1;2;16;Banco Colpatria Multibanca Colpatria S.A.;8600345941;2;1;1;1;2;1;138;0;4026000000,00
91008734;1;2;16;Banco Santander De Negocios Colombia S.A.;9006281103;2;1;1;1;2;1;214;0;10113500000,00
91008734;1;2;16;Banco Av Villas S.A.;8600358275;2;1;1;1;2;1;245;0;10099300000,00
91008734;1;2;16;Banco De Comercio Ext. De Colombia S.A. Bancoldex;8001499236;2;1;1;1;2;1;126;0;10066800000,00
91008734;1;2;16;Banco Av Villas S.A.;8600358275;2;1;1;1;2;1;217;0;2528800000,00
91008734;1;2;16;Banco Popular S.A.;8600077389;2;1;1;1;2;1;219;0;6567860000,00
91008734;1;2;16;Banco De Comercio Ext. De Colombia S.A. Bancoldex;8001499236;2;1;1;1;2;1;127;0;1006290000,00
91008734;1;2;16;Banco De Occidente S.A.;8903002794;2;1;1;1;2;1;204;0;9721445000,00
91008734;1;2;16;Banco Av Villas S.A.;8600358275;2;1;1;1;2;1;118;0;10096400000,00
91008734;1;2;16;Banco Colpatria Multibanca Colpatria S.A.;8600345941;2;1;1;1;2;1;123;0;5038150000,00
91008734;1;2;16;Banco Av Villas S.A.;8600358275;2;1;1;1;2;1;238;0;6100080000,00
91008734;1;2;16;Banco De Bogota S.A.;8600029644;2;1;1;1;2;1;475;0;10001700000,00
91008734;1;2;16;Banco De Occidente S.A.;8903002794;2;1;1;1;2;1;411;0;2010580000,00
91008734;1;2;16;Banco De Occidente S.A.;8903002794;2;1;1;1;2;1;235;0;5093250000,00
91008734;1;2;16;Banco Colpatria Multibanca Colpatria S.A.;8600345941;2;1;1;1;2;1;311;0;5031050000,00
91008734;1;2;16;Banco Av Villas S.A.;8600358275;2;1;1;1;2;1;147;0;1011670000,00
91008734;1;2;16;Banco Av Villas S.A.;8600358275;2;1;1;1;2;1;288;0;5043950000,00
91008734;1;2;16;Banco Colpatria Multibanca Colpatria S.A.;8600345941;2;1;1;1;2;1;124;0;1510920000,00
91008734;1;2;16;Banco De Occidente S.A.;8903002794;2;1;1;1;2;1;183;0;5101150000,00
91008734;1;2;16;Financiera De Desarrollo Territorial S.A. Findeter;8000963291;2;1;1;1;2;1;265;0;1014880000,00
91008734;1;2;16;Financiera De Desarrollo Territorial S.A. Findeter;8000963291;2;1;1;1;2;1;167;0;2023180000,00
91008734;1;2;16;Financiera De Desarrollo Territorial S.A. Findeter;8000963291;2;1;1;1;2;1;286;0;5125050000,00
91008734;1;2;16;Financiera De Desarrollo Territorial S.A. Findeter;8000963291;2;1;1;1;2;1;289;0;1007910000,00
91008734;1;2;16;Financiera De Desarrollo Territorial S.A. Findeter;8000963291;2;1;1;1;2;1;258;0;15195000000,00
91008734;1;2;16;Financiera De Desarrollo Territorial S.A. Findeter;8000963291;2;1;1;1;2;1;129;0;10063400000,00
91008734;1;2;16;Financiera De Desarrollo Territorial S.A. Findeter;8000963291;2;1;1;1;2;1;114;0;1517565000,00
91008734;1;2;16;Financiera De Desarrollo Territorial S.A. Findeter;8000963291;2;1;1;1;2;1;222;0;10129400000,00
91008734;1;2;16;Financiera De Desarrollo Territorial S.A. Findeter;8000963291;2;1;1;1;2;1;167;0;5057950000,00
91008734;1;2;16;Financiera De Desarrollo Territorial S.A. Findeter;8000963291;2;1;1;1;2;1;121;0;2018720000,00
91008734;1;2;16;Financiera De Desarrollo Territorial S.A. Findeter;8000963291;2;1;1;1;2;1;253;0;20299000000,00
91008734;1;2;16;Financiera De Desarrollo Territorial S.A. Findeter;8000963291;2;1;1;1;2;1;291;0;10138700000,00
91008734;1;2;16;Financiera De Desarrollo Territorial S.A. Findeter;8000963291;2;1;1;1;2;1;279;0;1029730000,00
91008734;1;2;16;Financiera De Desarrollo Territorial S.A. Findeter;8000963291;2;1;1;1;2;1;129;0;1006340000,00
91008734;1;2;16;Financiera De Desarrollo Territorial S.A. Findeter;8000963291;2;1;1;1;2;1;263;0;4045080000,00
91008734;1;2;16;Financiera De Desarrollo Nacional Sa;8605090229;2;1;1;1;4;1;371;0;5037750000,00
91008734;1;2;16;Financiera De Desarrollo Territorial S.A. Findeter;8000963291;2;1;1;1;2;1;129;0;2012680000,00
91008734;1;2;16;Financiera De Desarrollo Territorial S.A. Findeter;8000963291;2;1;1;1;2;1;133;0;5024750000,00
91008734;1;2;16;Financiera De Desarrollo Territorial S.A. Findeter;8000963291;2;1;1;1;2;1;133;0;10049500000,00
91008734;1;2;16;Financiera De Desarrollo Territorial S.A. Findeter;8000963291;2;1;1;1;2;1;182;0;15316500000,00
91008734;1;2;16;Financiera De Desarrollo Territorial S.A. Findeter;8000963291;2;1;1;1;2;1;288;0;20301000000,00
91008734;1;2;16;Financiera De Desarrollo Territorial S.A. Findeter;8000963291;2;1;1;1;2;1;380;0;2059780000,00
91008734;1;2;16;Financiera De Desarrollo Territorial S.A. Findeter;8000963291;2;1;1;1;2;1;283;0;2525050000,00
91008734;1;2;16;Financiera De Desarrollo Territorial S.A. Findeter;8000963291;2;1;1;1;2;1;191;0;8588230000,00
91008734;1;2;16;Financiera De Desarrollo Territorial S.A. Findeter;8000963291;2;1;1;1;2;1;129;0;5031700000,00
91008734;1;2;16;Financiera De Desarrollo Territorial S.A. Findeter;8000963291;2;1;1;1;2;1;128;0;2013380000,00
91008734;1;2;16;Financiera De Desarrollo Territorial S.A. Findeter;8000963291;2;1;1;1;2;1;208;0;5135150000,00
91008734;1;2;16;Financiera De Desarrollo Territorial S.A. Findeter;8000963291;2;1;1;1;2;1;214;0;5076350000,00
91008734;1;2;16;Financiera De Desarrollo Territorial S.A. Findeter;8000963291;2;1;1;1;2;1;222;0;20258800000,00
91008734;1;2;16;Financiera De Desarrollo Territorial S.A. Findeter;8000963291;2;1;1;1;2;1;182;0;5105500000,00
91008734;1;2;16;Financiera De Desarrollo Territorial S.A. Findeter;8000963291;2;1;1;1;2;1;228;0;1007340000,00
91008734;1;2;16;Financiera De Desarrollo Territorial S.A. Findeter;8000963291;2;1;1;1;2;1;345;0;14286580000,00
91008734;1;2;16;Financiera De Desarrollo Territorial S.A. Findeter;8000963291;2;1;1;1;2;1;386;0;1037500000,00
91008734;1;2;16;Financiera De Desarrollo Territorial S.A. Findeter;8000963291;2;1;1;1;2;1;273;0;1013210000,00
91008734;1;2;16;Bancolombia S.A.;8909039388;2;1;1;1;2;1;277;0;1508655000,00
91008734;1;2;16;Bancolombia S.A.;8909039388;2;1;1;1;2;1;133;0;5175200000,00
91008734;1;2;16;Banco De Occidente S.A.;8903002794;2;1;1;1;2;1;219;0;3618580000,00
91008734;1;2;16;Bancolombia S.A.;8909039388;2;1;1;1;2;1;178;0;10157900000,00
91008734;1;2;16;Banco Caja Social;8600073354;2;1;1;1;2;1;217;0;2087420000,00
91008734;1;2;16;Bancolombia S.A.;8909039388;2;1;1;1;2;1;248;0;1527585000,00
91008734;1;2;16;Banco Av Villas S.A.;8600358275;2;1;1;1;2;1;244;0;10133200000,00
91008734;1;2;16;Banco Davivienda S.A.;8600343137;2;1;1;1;2;1;124;0;10352600000,00
91008734;1;2;16;Banco Itaú S.A;8909039370;2;1;1;1;2;1;477;0;10316100000,00
91008734;1;2;16;Bancolombia S.A.;8909039388;2;1;1;1;2;1;394;0;5178200000,00
91008734;1;2;16;Banco Davivienda S.A.;8600343137;2;1;1;1;2;1;378;0;2562525000,00
91008734;1;2;16;Banco Davivienda S.A.;8600343137;2;1;1;1;2;1;309;0;1024380000,00
91008734;1;2;16;Banco Davivienda S.A.;8600343137;2;1;1;1;2;1;190;0;15102750000,00
91008734;1;2;16;Banco Itaú S.A;8909039370;2;1;1;1;2;1;877;0;10394100000,00
91008734;1;2;16;Banco Popular S.A.;8600077389;2;1;1;1;2;1;403;0;4116120000,00
91008734;1;2;16;Bancolombia S.A.;8909039388;2;1;1;1;2;1;299;0;7259700000,00
91008734;1;2;16;Banco De Bogota S.A.;8600029644;2;1;1;1;2;1;185;0;5042450000,00
91008734;1;2;16;Banco De Bogota S.A.;8600029644;2;1;1;1;2;1;391;0;8826145000,00
91008734;1;2;16;Banco Colpatria Multibanca Colpatria S.A.;8600345941;2;1;1;1;2;1;225;0;5141500000,00
91008734;1;2;16;Banco Colpatria Multibanca Colpatria S.A.;8600345941;2;1;1;1;2;1;221;0;3025200000,00
91008734;1;2;16;Banco Davivienda S.A.;8600343137;2;1;1;1;2;1;388;0;15681750000,00
91008734;1;2;16;Banco Colpatria Multibanca Colpatria S.A.;8600345941;2;1;1;1;2;1;255;0;10878800000,00
91008734;1;2;16;Banco De Occidente S.A.;8903002794;2;1;1;1;2;1;452;0;1036080000,00
91008734;1;2;16;Bancolombia S.A.;8909039388;2;1;1;1;2;1;358;0;10351500000,00
91008734;1;2;16;Banco Colpatria Multibanca Colpatria S.A.;8600345941;2;1;1;1;2;1;421;0;5096800000,00
91008734;1;2;16;Banco Av Villas S.A.;8600358275;2;1;1;1;2;1;365;0;5165050000,00
91008734;1;2;16;Banco Colpatria Multibanca Colpatria S.A.;8600345941;2;1;1;1;2;1;353;0;4889900000,00
91008734;1;2;16;Banco De Occidente S.A.;8903002794;2;1;1;1;2;1;683;0;5198800000,00
91008734;1;2;16;Banco De Bogota S.A.;8600029644;2;1;1;1;2;1;216;0;2064440000,00
91008734;1;2;16;Banco Colpatria Multibanca Colpatria S.A.;8600345941;2;1;1;1;2;1;355;0;8299760000,00
91008734;1;2;16;Banco De Bogota S.A.;8600029644;2;1;1;1;2;1;401;0;16503360000,00
91008734;1;2;16;Banco De Bogota S.A.;8600029644;2;1;1;1;2;1;464;0;10060200000,00
91008734;1;2;16;Bancolombia S.A.;8909039388;2;1;1;1;2;1;473;0;3096480000,00
91008734;1;2;16;Banco De Occidente S.A.;8903002794;2;1;1;1;2;1;434;0;10246700000,00
91008734;1;2;16;Banco Colpatria Multibanca Colpatria S.A.;8600345941;2;1;1;1;2;1;469;0;20070200000,00
91008734;1;2;16;Bancolombia S.A.;8909039388;2;1;1;1;2;1;114;0;1038770000,00
91008734;1;2;16;Banco De Occidente S.A.;8903002794;2;1;1;1;2;1;398;0;5171150000,00
91008734;1;2;16;Banco Davivienda S.A.;8600343137;2;1;1;1;2;1;216;0;5156650000,00
91008734;1;2;16;Banco Av Villas S.A.;8600358275;2;1;1;1;2;1;342;0;9211860000,00
91008734;1;2;16;Banco De Occidente S.A.;8903002794;2;1;1;1;2;1;435;0;20342000000,00
91008734;1;2;16;Bancolombia S.A.;8909039388;2;1;1;1;2;1;370;0;2060000000,00
91008734;1;2;16;Banco Itaú S.A;8909039370;2;1;1;1;2;1;402;0;10220400000,00
91008734;1;2;16;Banco Davivienda S.A.;8600343137;2;1;1;1;2;1;1034;0;10583100000,00
91008734;1;2;16;Banco De Occidente S.A.;8903002794;2;1;1;1;2;1;177;0;5089850000,00
91008734;1;2;16;Banco Colpatria Multibanca Colpatria S.A.;8600345941;2;1;1;1;2;1;173;0;4076640000,00
91008734;1;2;16;Banco Colpatria Multibanca Colpatria S.A.;8600345941;2;1;1;1;2;1;168;0;5106000000,00
91008734;1;2;16;Banco De Occidente S.A.;8903002794;2;1;1;1;2;1;514;0;5158750000,00
91008734;1;2;16;Banco De Bogota S.A.;8600029644;2;1;1;1;2;1;163;0;5114850000,00
91008734;1;2;16;Banco Colpatria Multibanca Colpatria S.A.;8600345941;2;1;1;1;2;1;167;0;2027500000,00
91008734;1;2;16;Banco De Bogota S.A.;8600029644;2;1;1;1;2;1;125;0;5180150000,00
91008734;1;2;16;Banco Itaú S.A;8909039370;2;1;1;1;2;1;305;0;1025790000,00
91008734;1;2;16;Banco Colpatria Multibanca Colpatria S.A.;8600345941;2;1;1;1;2;1;173;0;6114960000,00
91008734;1;2;16;Banco De Occidente S.A.;8903002794;2;1;1;1;2;1;177;0;5089850000,00
91008734;1;2;16;Banco Av Villas S.A.;8600358275;2;1;1;1;2;1;358;0;10364100000,00
91008734;1;2;16;Banco De Occidente S.A.;8903002794;2;1;1;1;2;1;394;0;5233950000,00
91008734;1;2;16;Banco Itaú S.A;8909039370;2;1;1;1;2;1;548;0;3836440000,00
91008734;1;2;16;Bancolombia S.A.;8909039388;2;1;1;1;2;1;288;0;10053800000,00
91008734;1;2;16;Banco De Bogota S.A.;8600029644;2;1;1;1;2;1;169;0;5103150000,00
91008734;1;2;16;Banco De Occidente S.A.;8903002794;2;1;1;1;2;1;386;0;5277900000,00
91008734;1;2;16;Banco Av Villas S.A.;8600358275;2;1;1;1;2;1;300;0;5185400000,00
91008734;1;2;16;Banco De Bogota S.A.;8600029644;2;1;1;1;2;1;239;0;18375300000,00
91008734;1;2;16;Banco De Bogota S.A.;8600029644;2;1;1;1;2;1;315;0;10304700000,00
91008734;1;2;16;Bancolombia S.A.;8909039388;2;1;1;1;2;1;316;0;1030110000,00
91008734;1;2;16;Banco Av Villas S.A.;8600358275;2;1;1;1;2;1;161;0;7164990000,00
91008734;1;2;16;Banco De Bogota S.A.;8600029644;2;1;1;1;2;1;251;0;5274000000,00
91008734;1;2;16;Banco Davivienda S.A.;8600343137;2;1;1;1;2;1;309;0;3073140000,00
91008734;1;2;16;Banco De Bogota S.A.;8600029644;2;1;1;1;2;1;342;0;3582390000,00
91008734;1;2;16;Banco Popular S.A.;8600077389;2;1;1;1;2;1;391;0;7271600000,00
91008734;1;2;16;Banco De Bogota S.A.;8600029644;2;1;1;1;2;1;373;0;10166300000,00
91008734;1;2;16;Banco Itaú S.A;8909039370;2;1;1;1;2;1;197;0;5025300000,00
91008734;1;2;16;Banco Av Villas S.A.;8600358275;2;1;1;1;2;1;370;0;2060000000,00
91008734;1;2;16;Banco De Occidente S.A.;8903002794;2;1;1;1;2;1;395;0;20705800000,00
91008734;1;2;16;Bancolombia S.A.;8909039388;2;1;1;1;2;1;288;0;5026900000,00
91008734;1;2;16;Banco Colpatria Multibanca Colpatria S.A.;8600345941;2;1;1;1;2;1;250;0;10924000000,00
91008734;1;2;16;Bancolombia S.A.;8909039388;2;1;1;1;2;1;463;0;10067900000,00
91008734;1;2;16;Bancolombia S.A.;8909039388;2;1;1;1;2;1;457;0;10104900000,00
91008734;1;2;16;Banco Av Villas S.A.;8600358275;2;1;1;1;2;1;301;0;10360800000,00
91008734;1;2;16;Banco Itaú S.A;8909039370;2;1;1;1;2;1;261;0;3984520000,00
91008734;1;2;16;Banco Colpatria Multibanca Colpatria S.A.;8600345941;2;1;1;1;2;1;268;0;7584150000,00
91008734;1;2;16;Banco De Bogota S.A.;8600029644;2;1;1;1;2;1;154;0;10257100000,00
91008734;1;2;16;Banco Popular S.A.;8600077389;2;1;1;1;2;1;480;0;7502180000,00
91008734;1;2;16;Banco De Bogota S.A.;8600029644;2;1;1;1;2;1;309;0;10335800000,00
91008734;1;2;16;Banco De Bogota S.A.;8600029644;2;1;1;1;2;1;674;0;5209950000,00
91008734;1;2;16;Banco Davivienda S.A.;8600343137;2;1;1;1;2;1;216;0;4125320000,00
91008734;1;2;16;Banco De Occidente S.A.;8903002794;2;1;1;1;2;1;435;0;3051300000,00
91008734;1;2;16;Banco De Bogota S.A.;8600029644;2;1;1;1;2;1;154;0;15385650000,00
91008734;1;2;16;Banco De Occidente S.A.;8903002794;2;1;1;1;2;1;477;0;11000000000,00
91008734;1;2;16;Banco Colpatria Multibanca Colpatria S.A.;8600345941;2;1;1;1;2;1;259;0;7092820000,00
91008734;1;2;16;Banco Colpatria Multibanca Colpatria S.A.;8600345941;2;1;1;1;2;1;337;0;4612365000,00
91008734;1;2;16;Banco De Bogota S.A.;8600029644;2;1;1;1;2;1;287;0;5028650000,00
91008734;1;2;16;Financiera De Desarrollo Territorial S.A. Findeter;8000963291;2;1;1;1;2;1;667;0;5228700000,00
91008734;1;2;16;Financiera De Desarrollo Territorial S.A. Findeter;8000963291;2;1;1;1;2;1;328;0;15402900000,00
91008734;1;2;16;Financiera De Desarrollo Territorial S.A. Findeter;8000963291;2;1;1;1;2;1;356;0;10482700000,00
91008734;1;2;16;Financiera De Desarrollo Territorial S.A. Findeter;8000963291;2;1;1;1;2;1;451;0;5068900000,00
91008734;1;2;16;Financiera De Desarrollo Territorial S.A. Findeter;8000963291;2;1;1;1;2;1;315;0;2061600000,00
91008734;1;2;16;Financiera De Desarrollo Territorial S.A. Findeter;8000963291;2;1;1;1;2;1;448;0;14367640000,00
91008734;1;2;16;Banco Gnb Sudameris S.A.;8600507501;2;1;1;1;2;11;223;0;15358050000,00
91008734;2;2;0;Banco Santander De Negocios Colombia S.A.;9006281103;0;0;0;0;0;0;0;0;15548729052,42
91008734;2;2;0;Banco Falabella S.A.;9000479818;0;0;0;0;0;0;0;0;171467036,76
91008734;2;1;0;Bbva Colombia S.A.;8600030201;0;0;0;0;0;0;0;0;499999163,49
91008734;2;2;0;Jpmorgan Corporacion Financiera S.A;9001143468;0;0;0;0;0;0;0;0;133925545253,43
91008734;2;2;0;Banco De Comercio Ext. De Colombia S.A. Bancoldex;8001499236;0;0;0;0;0;0;0;0;1237394563,64
91008734;2;2;0;Banco De Occidente S.A.;8903002794;0;0;0;0;0;0;0;0;188502806125,54
91008734;2;1;0;Bbva Colombia S.A.;8600030201;0;0;0;0;0;0;0;0;32093025740,21
91008734;2;2;0;Banco Agrario De Colombia S.A;8000378008;0;0;0;0;0;0;0;0;557594253,87
91008734;2;2;0;Banco Popular S.A.;8600077389;0;0;0;0;0;0;0;0;170735957478,43
91008734;2;2;0;Bancolombia S.A.;8909039388;0;0;0;0;0;0;0;0;4807829689,04
91008734;2;2;0;Banco Itaú S.A;8909039370;0;0;0;0;0;0;0;0;2774373262,14
91008734;2;2;0;Banco Davivienda S.A.;8600343137;0;0;0;0;0;0;0;0;483952008145,36
91008734;2;2;0;Banco Gnb Sudameris S.A.;8600507501;0;0;0;0;0;0;0;0;304540427616,75
91008734;2;2;0;Banco Colpatria Multibanca Colpatria S.A.;8600345941;0;0;0;0;0;0;0;0;14904625662,06
91008734;2;2;0;Banco Caja Social;8600073354;0;0;0;0;0;0;0;0;11455015846,26
91008734;2;2;0;Banco Colpatria Multibanca Colpatria S.A.;8600345941;0;0;0;0;0;0;0;0;1070579080,74
91008734;2;2;0;Banco Av Villas S.A.;8600358275;0;0;0;0;0;0;0;0;1433119723,51
91008734;2;2;0;Banco De Bogota S.A.;8600029644;0;0;0;0;0;0;0;0;253162585046,77
91008734;1;2;7;Ministerio De Hacienda Y Credito Publico;8999990902;2;1;1;1;4;9;124;0;19915600000,00
91008734;1;2;7;Ministerio De Hacienda Y Credito Publico;8999990902;2;1;1;1;4;9;124;0;9957800000,00
91008734;1;2;7;Ministerio De Hacienda Y Credito Publico;8999990902;2;1;1;1;4;9;307;0;18836200000,00
91008734;1;2;7;Ministerio De Hacienda Y Credito Publico;8999990902;2;1;1;1;4;9;307;0;9418100000,00
91008734;1;2;7;Ministerio De Hacienda Y Credito Publico;8999990902;2;1;1;1;4;9;398;0;18311800000,00
91008734;1;2;7;Ministerio De Hacienda Y Credito Publico;8999990902;2;1;1;1;4;9;124;0;9957800000,00
91008734;1;2;7;Ministerio De Hacienda Y Credito Publico;8999990902;2;1;1;1;4;9;215;0;9685800000,00
91008734;1;2;7;Ministerio De Hacienda Y Credito Publico;8999990902;2;1;1;1;4;9;398;0;18311800000,00
91008734;1;2;7;Ministerio De Hacienda Y Credito Publico;8999990902;2;1;1;1;4;9;124;0;24894500000,00
91008734;1;2;7;Ministerio De Hacienda Y Credito Publico;8999990902;2;1;1;1;4;9;307;0;9418100000,00
91008734;1;2;7;Ministerio De Hacienda Y Credito Publico;8999990902;2;1;1;1;4;9;215;0;8717220000,00
91008734;1;2;7;Ministerio De Hacienda Y Credito Publico;8999990902;2;1;1;1;4;9;215;0;9685800000,00
91008734;1;2;7;Ministerio De Hacienda Y Credito Publico;8999990902;2;1;1;1;4;9;215;0;19371600000,00
91008734;1;2;7;Ministerio De Hacienda Y Credito Publico;8999990902;2;1;1;1;4;9;307;0;15068960000,00
91008734;1;2;7;Ministerio De Hacienda Y Credito Publico;8999990902;2;1;1;1;4;9;124;0;9957800000,00
91008734;1;2;10;Ministerio De Hacienda Y Credito Publico;8999990902;2;1;1;1;4;9;846;0;5005000000,00
91008734;1;2;10;Ministerio De Hacienda Y Credito Publico;8999990902;2;1;1;1;4;9;846;0;10010000000,00
91008734;1;2;10;Ministerio De Hacienda Y Credito Publico;8999990902;2;1;1;1;4;9;846;0;3003000000,00
91008734;1;2;10;Ministerio De Hacienda Y Credito Publico;8999990902;2;1;1;1;4;9;846;0;15015000000,00
9169368;1;2;37;Interconexion Electrica S.A. E.S.P. Isa;8600166103;2;1;1;1;1;1;0;0;27125000,00
9169368;1;2;16;Banco Colpatria Multibanca Colpatria S.A.;8600345941;2;1;1;1;2;1;624;0;489200000,00
9169368;1;2;16;Bancolombia S.A.;8909039388;2;1;1;1;2;1;349;0;155940000,00
9169368;2;2;0;Bnp Paribas Ny;4647158952;0;0;0;0;0;0;0;0;264814060,45
9169368;2;2;0;Bnp Paribas Ny;4647158952;0;0;0;0;0;0;0;0;9287,49
9169368;2;1;0;Bbva Colombia S.A.;8600030201;0;0;0;0;0;0;0;0;1999556,29
9169368;2;2;0;Jpmorgan Corporacion Financiera S.A;9001143468;0;0;0;0;0;0;0;0;0,01
9169368;2;2;0;Bancolombia S.A.;8909039388;0;0;0;0;0;0;0;0;607244,20
9169368;2;1;0;Bbva Colombia S.A.;8600030201;0;0;0;0;0;0;0;0;73884716,73
9169368;2;2;0;Banco De Occidente S.A.;8903002794;0;0;0;0;0;0;0;0;474967,60
9169368;2;2;0;Banco Davivienda S.A.;8600343137;0;0;0;0;0;0;0;0;60052725,60
9169368;2;2;0;Banco Gnb Sudameris S.A.;8600507501;0;0;0;0;0;0;0;0;66368600,80
9169368;1;2;50;Fondo Bursatil Horizons Colombia Select De S&P;9007201801;2;1;1;1;2;51;0;0;348250336,00
9169368;1;2;50;Fondo Bursatil Ishares Colcap;9004402831;2;1;1;1;2;51;0;0;1248689616,00
9169368;1;2;50;Ishares Msci Emu Index Fund;6298754123;2;1;1;2;2;51;0;0;42145924,51
9169368;1;2;50;Ishares Msci Emerging Markets Etf;1361254895;2;1;1;2;2;51;0;0;15040785,99
9169368;1;2;50;Ossiam Shiller Barclays Cape Us;2727272727;2;1;1;2;2;51;0;0;54810580,93
9169368;1;2;50;Ishares Msci Acwi Etf Usd Acwi;5628947132;2;1;1;2;2;51;0;0;2646385895,25
91087342;1;2;3;Interconexion Electrica S.A. E.S.P. Isa;8600166103;2;1;1;1;1;1;2202;0;31394000,00
91087342;1;2;3;Interconexion Electrica S.A. E.S.P. Isa;8600166103;2;1;1;1;1;1;2202;0;7848500,00
91087342;1;2;16;Banco Av Villas S.A.;8600358275;2;1;1;1;2;1;402;0;504055000,00
91087342;1;2;16;Banco De Occidente S.A.;8903002794;2;1;1;1;2;1;111;0;0,00
91087342;1;2;16;Banco Av Villas S.A.;8600358275;2;1;1;1;2;1;249;0;1016300000,00
91087342;1;1;16;Bbva Colombia S.A.;8600030201;2;1;1;1;2;1;254;0;503230000,00
91087342;1;2;16;Banco Gnb Sudameris S.A.;8600507501;2;1;1;1;2;11;223;0;1007610000,00
91087342;1;2;16;Banco De Bogota S.A.;8600029644;2;1;1;1;2;1;475;0;1000170000,00
91087342;1;2;16;Banco De Occidente S.A.;8903002794;2;1;1;1;2;1;220;0;1013640000,00
91087342;1;2;16;Banco De Comercio Ext. De Colombia S.A. Bancoldex;8001499236;2;1;1;1;2;1;211;0;1013140000,00
91087342;1;2;16;Banco Colpatria Multibanca Colpatria S.A.;8600345941;2;1;1;1;2;1;227;0;1007720000,00
91087342;1;2;16;Banco De Comercio Ext. De Colombia S.A. Bancoldex;8001499236;2;1;1;1;2;1;291;0;1000870000,00
91087342;1;2;16;Banco Gnb Sudameris S.A.;8600507501;2;1;1;1;2;11;285;0;2015100000,00
91087342;1;2;16;Banco De Comercio Ext. De Colombia S.A. Bancoldex;8001499236;2;1;1;1;2;1;122;0;1009010000,00
91087342;1;2;16;Banco De Bogota S.A.;8600029644;2;1;1;1;2;1;181;0;2042940000,00
91087342;1;1;16;Bbva Colombia S.A.;8600030201;2;1;1;1;2;1;129;0;503230000,00
91087342;1;2;16;Banco De Occidente S.A.;8903002794;2;1;1;1;2;1;230;0;1001710000,00
91087342;1;2;16;Banco Colpatria Multibanca Colpatria S.A.;8600345941;2;1;1;1;2;1;155;0;1008050000,00
91087342;1;2;16;Banco Av Villas S.A.;8600358275;2;1;1;1;2;1;288;0;1513185000,00
91087342;1;2;16;Banco De Bogota S.A.;8600029644;2;1;1;1;2;1;346;0;3009600000,00
91087342;1;2;16;Banco Popular S.A.;8600077389;2;1;1;1;2;1;352;0;1033200000,00
91087342;1;2;16;Banco De Comercio Ext. De Colombia S.A. Bancoldex;8001499236;2;1;1;1;2;1;225;0;3016650000,00
91087342;1;2;16;Banco Popular S.A.;8600077389;2;1;1;1;2;1;208;0;2039640000,00
91087342;1;2;16;Bancolombia S.A.;8909039388;2;1;1;1;2;1;183;0;3059940000,00
91087342;1;2;16;Banco De Bogota S.A.;8600029644;2;1;1;1;2;1;356;0;523625000,00
91087342;1;2;16;Banco Davivienda S.A.;8600343137;2;1;1;1;2;1;188;0;1017860000,00
91087342;1;2;16;Banco De Comercio Ext. De Colombia S.A. Bancoldex;8001499236;2;1;1;1;2;1;132;0;2007940000,00
91087342;1;2;16;Banco De Occidente S.A.;8903002794;2;1;1;1;2;1;182;0;510305000,00
91087342;1;2;16;Banco Davivienda S.A.;8600343137;2;1;1;1;2;1;351;0;516800000,00
91087342;1;2;16;Banco De Bogota S.A.;8600029644;2;1;1;1;2;1;187;0;1018350000,00
91087342;1;2;16;Banco De Bogota S.A.;8600029644;2;1;1;1;2;1;377;0;516630000,00
91087342;1;2;16;Banco De Occidente S.A.;8903002794;2;1;1;1;2;1;204;0;1023310000,00
91087342;1;2;16;Financiera De Desarrollo Territorial S.A. Findeter;8000963291;2;1;1;1;2;1;380;0;2059780000,00
91087342;1;2;16;Financiera De Desarrollo Territorial S.A. Findeter;8000963291;2;1;1;1;2;1;279;0;2021720000,00
91087342;1;2;16;Financiera De Desarrollo Territorial S.A. Findeter;8000963291;2;1;1;1;2;1;190;0;505380000,00
91087342;1;2;16;Financiera De Desarrollo Territorial S.A. Findeter;8000963291;2;1;1;1;2;1;345;0;1020470000,00
91087342;1;2;16;Financiera De Desarrollo Territorial S.A. Findeter;8000963291;2;1;1;1;2;1;416;0;1002900000,00
91087342;1;2;16;Financiera De Desarrollo Territorial S.A. Findeter;8000963291;2;1;1;1;2;1;351;0;1033600000,00
91087342;1;2;16;Financiera De Desarrollo Territorial S.A. Findeter;8000963291;2;1;1;1;2;1;263;0;1011270000,00
91087342;1;2;16;Financiera De Desarrollo Territorial S.A. Findeter;8000963291;2;1;1;1;2;1;351;0;1033600000,00
91087342;1;2;16;Banco Colpatria Multibanca Colpatria S.A.;8600345941;2;1;1;1;2;1;207;0;514880000,00
91087342;1;2;16;Financiera De Desarrollo Territorial S.A. Findeter;8000963291;2;1;1;1;2;1;227;0;507685000,00
91087342;1;2;16;Rci Colombia S.A.;9009776291;2;1;1;1;2;1;142;0;5155350000,00
91087342;1;2;16;Corporacion Financiera Colombiana S.A.;8903006536;2;1;1;1;2;1;1772;0;1044830000,00
91087342;1;2;16;Banco De Occidente S.A.;8903002794;2;1;1;1;2;1;394;0;523395000,00
91087342;1;2;16;Bancolombia S.A.;8909039388;2;1;1;1;2;1;473;0;516080000,00
91087342;1;2;16;Banco De Occidente S.A.;8903002794;2;1;1;1;2;1;582;0;493205000,00
91087342;1;2;16;Bancolombia S.A.;8909039388;2;1;1;1;2;1;554;0;1045110000,00
91087342;1;2;16;Banco Davivienda S.A.;8600343137;2;1;1;1;2;1;948;0;523515000,00
91087342;1;2;16;Banco De Bogota S.A.;8600029644;2;1;1;1;2;1;484;0;1040390000,00
91087342;1;2;16;Banco Davivienda S.A.;8600343137;2;1;1;1;2;1;1034;0;529155000,00
91087342;1;2;16;Banco Itaú S.A;8909039370;2;1;1;1;2;1;871;0;520645000,00
91087342;1;2;16;Banco Itaú S.A;8909039370;2;1;1;1;2;1;877;0;519705000,00
91087342;1;2;16;Banco Davivienda S.A.;8600343137;2;1;1;1;2;1;680;0;1037870000,00
91087342;1;2;16;Banco Popular S.A.;8600077389;2;1;1;1;2;1;673;0;1043040000,00
91087342;1;2;16;Banco Itaú S.A;8909039370;2;1;1;1;2;1;1052;0;1040880000,00
91087342;1;2;16;Banco Colpatria Multibanca Colpatria S.A.;8600345941;2;1;1;1;2;1;443;0;507400000,00
91087342;1;2;16;Banco De Bogota S.A.;8600029644;2;1;1;1;2;1;464;0;503010000,00
91087342;1;2;16;Banco De Occidente S.A.;8903002794;2;1;1;1;2;1;435;0;1017100000,00
91087342;1;2;16;Banco De Bogota S.A.;8600029644;2;1;1;1;2;1;239;0;2041700000,00
91087342;1;2;16;Banco De Bogota S.A.;8600029644;2;1;1;1;2;1;555;0;522385000,00
91087342;1;2;16;Banco De Occidente S.A.;8903002794;2;1;1;1;2;1;477;0;1000000000,00
91087342;1;2;16;Banco Colpatria Multibanca Colpatria S.A.;8600345941;2;1;1;1;2;1;586;0;987720000,00
91087342;1;2;16;Banco De Occidente S.A.;8903002794;2;1;1;1;2;1;452;0;1036080000,00
91087342;1;2;16;Banco Colpatria Multibanca Colpatria S.A.;8600345941;2;1;1;1;2;1;469;0;1204212000,00
91087342;1;2;16;Banco Davivienda S.A.;8600343137;2;1;1;1;2;1;226;0;1028600000,00
91087342;1;2;16;Banco Colpatria Multibanca Colpatria S.A.;8600345941;2;1;1;1;2;1;487;0;519675000,00
91087342;1;2;16;Banco Itaú S.A;8909039370;2;1;1;1;2;1;452;0;954140000,00
91087342;1;2;16;Banco Colpatria Multibanca Colpatria S.A.;8600345941;2;1;1;1;2;1;355;0;1037470000,00
91087342;1;2;16;Banco De Bogota S.A.;8600029644;2;1;1;1;2;1;561;0;520355000,00
91087342;1;2;16;Banco Davivienda S.A.;8600343137;2;1;1;1;2;1;219;0;1026250000,00
91087342;1;2;16;Banco De Bogota S.A.;8600029644;2;1;1;1;2;1;555;0;522385000,00
91087342;1;2;16;Banco De Occidente S.A.;8903002794;2;1;1;1;2;1;582;0;493205000,00
91087342;1;2;16;Banco Itaú S.A;8909039370;2;1;1;1;2;1;365;0;516195000,00
91087342;1;2;16;Banco De Bogota S.A.;8600029644;2;1;1;1;2;1;300;0;1055280000,00
91087342;1;2;16;Banco Popular S.A.;8600077389;2;1;1;1;2;1;388;0;522510000,00
91087342;1;2;16;Banco Colpatria Multibanca Colpatria S.A.;8600345941;2;1;1;1;2;1;168;0;1021200000,00
91087342;1;2;16;Banco Davivienda S.A.;8600343137;2;1;1;1;2;1;948;0;523515000,00
91087342;1;2;16;Banco De Occidente S.A.;8903002794;2;1;1;1;2;1;582;0;493205000,00
91087342;1;2;16;Banco Itaú S.A;8909039370;2;1;1;1;2;1;248;0;500005000,00
91087342;1;2;16;Banco De Occidente S.A.;8903002794;2;1;1;1;2;1;249;0;499490000,00
91087342;1;1;16;Bbva Colombia S.A.;8600030201;2;1;1;1;2;1;248;0;499215000,00
91087342;1;2;16;Banco Davivienda S.A.;8600343137;2;1;1;1;2;1;335;0;1044590000,00
91087342;1;2;16;Banco Colpatria Multibanca Colpatria S.A.;8600345941;2;1;1;1;2;1;453;0;472910000,00
91087342;1;2;16;Banco Colpatria Multibanca Colpatria S.A.;8600345941;2;1;1;1;2;1;129;0;512060000,00
91087342;1;2;16;Banco De Occidente S.A.;8903002794;2;1;1;1;2;1;394;0;1046790000,00
91087342;1;2;16;Banco De Bogota S.A.;8600029644;2;1;1;1;2;1;357;0;518380000,00
91087342;1;2;16;Banco Colpatria Multibanca Colpatria S.A.;8600345941;2;1;1;1;2;1;776;0;1030640000,00
91087342;1;2;16;Banco Colpatria Multibanca Colpatria S.A.;8600345941;2;1;1;1;2;1;592;0;1025760000,00
91087342;1;2;16;Banco Davivienda S.A.;8600343137;2;1;1;1;2;1;188;0;1013330000,00
91087342;1;2;16;Banco De Bogota S.A.;8600029644;2;1;1;1;2;1;181;0;495355000,00
91087342;1;2;16;Bancolombia S.A.;8909039388;2;1;1;1;2;1;133;0;1549845000,00
91087342;1;2;16;Banco Av Villas S.A.;8600358275;2;1;1;1;2;1;358;0;518205000,00
