Fondo;TIPO ACTIVO;VINCULADO AL FONDO;TIPO DE TÍTULO;EMISOR;NIT;TIPO INVERSIÓN ;TIPO REGISTRO;SISTEMA TRANSACCIONAL;TIPO MONEDA;TIPO SECTOR;CALIFICACIÓN;DÍAS AL VTO.;duración;VPN
60543;1;2;16;Bancolombia S.A.;8909039388;2;1;1;1;2;1;42;0;302673000
60543;1;2;16;Banco Colpatria;8901001806;2;1;1;1;2;1;167;0;200946000
60543;1;2;16;Banco Davivienda S.A.;8600343137;2;1;1;1;2;1;99;0;50741000
60543;1;2;16;Financiera De Desarrollo Territorial S.A. Findeter;8000963291;2;1;1;1;2;1;104;0;306144000
60543;1;2;16;Leasing Bancoldex S.A. Compañia De Financiamiento;8002253859;2;1;1;1;2;1;44;0;204624000
60543;1;2;16;Banco Davivienda S.A.;8600343137;2;1;1;1;2;1;92;0;51416500
60543;1;2;16;Banco Davivienda S.A.;8600343137;2;1;1;1;2;1;92;0;102857000
60543;1;2;16;Banco Davivienda S.A.;8600343137;2;1;1;1;2;1;92;0;196960594.23
60543;1;2;10;Gobierno Nacional;1111222333;2;1;1;1;4;9;284;0;506300000
60543;1;2;10;Gobierno Nacional;1111222333;2;1;1;1;4;9;284;0;506300000
60543;2;2;0;Banco Colpatria;8901001806;0;0;0;0;0;0;0;0;15088706.08
60543;2;2;0;Banco De Bogota S.A.;8600029644;0;0;0;0;0;0;0;0;16620687.16
60543;2;2;0;Banco De Occidente S.A.;8903002794;0;0;0;0;0;0;0;0;4513524.76
60543;2;2;0;Banco De Occidente S.A.;8903002794;0;0;0;0;0;0;0;0;647116.08
60543;2;2;0;Bancolombia S.A.;8909039388;0;0;0;0;0;0;0;0;3024696.76
60543;2;2;0;Bancolombia S.A.;8909039388;0;0;0;0;0;0;0;0;1013545.04
60543;2;2;0;Banco De Bogota S.A.;8600029644;0;0;0;0;0;0;0;0;232865671.9
60543;2;2;0;Banco Colpatria;8901001806;0;0;0;0;0;0;0;0;1115906.58
60543;2;2;0;Banco De Occidente S.A.;8903002794;0;0;0;0;0;0;0;0;223829372.6
60543;2;2;0;Bancolombia S.A.;8909039388;0;0;0;0;0;0;0;0;14865412.75
60404;1;2;34;Celsia S.A. E.S.P.;8110303227;2;1;1;1;1;45;1;0;91208590
60404;1;2;34;Celsia S.A. E.S.P.;8110303227;2;1;1;1;1;45;1;0;6394960
60404;1;2;34;Celsia S.A. E.S.P.;8110303227;2;1;1;1;1;45;1;0;23413500
60404;1;2;34;Corporacion Financiera Colombiana S.A.;8903006536;2;1;1;1;2;45;1;0;1274000
60404;1;2;34;Grupo Argos S.A.;8909002663;2;1;1;1;1;45;1;0;3162000
60404;1;2;34;Corporacion Financiera Colombiana S.A.;8903006536;2;1;1;1;2;45;1;0;1612000
60404;1;2;34;Suramericana S.A.;8110190124;2;1;1;1;1;45;1;0;2516000
60404;1;2;34;Bancolombia S.A.;8909039388;2;1;1;1;2;45;1;0;4243200
60404;1;2;34;Corporacion Financiera Colombiana S.A.;8903006536;2;1;1;1;2;45;1;0;7176000
60404;1;2;34;Cementos Argos S.A.;8901002510;2;1;1;1;1;45;1;0;4932000
60404;1;2;34;Interconexion Electrica S.A. E.S.P. Isa;8600166103;2;1;1;1;1;45;1;0;8777420
60404;1;2;34;Empresa De Telecomunicaciones De Bogota S.A. E.S.P;8999991158;2;1;1;1;3;45;1;0;4274661
60404;1;2;34;Grupo Argos S.A.;8909002663;2;1;1;1;1;45;1;0;25520400
60404;1;2;34;Grupo Nutresa S.A.;8909000501;2;1;1;1;1;45;1;0;13314580
60404;1;2;34;Corporacion Financiera Colombiana S.A.;8903006536;2;1;1;1;2;45;1;0;15548000
60404;1;2;34;Suramericana S.A.;8110190124;2;1;1;1;1;45;1;0;18500000
60404;1;2;34;Ecopetrol S.A.;8999990681;2;1;1;1;3;45;1;0;4919845
60404;1;2;34;Suramericana S.A.;8110190124;2;1;1;1;1;45;1;0;18685000
60404;1;2;34;Suramericana S.A.;8110190124;2;1;1;1;1;45;1;0;20720000
60404;1;2;34;Cementos Argos S.A.;8901002510;2;1;1;1;1;45;1;0;14382000
60404;1;2;34;Banco Davivienda S.A.;8600343137;2;1;1;1;2;45;1;0;28822500
60404;1;2;34;Bancolombia S.A.;8909039388;2;1;1;1;2;45;1;0;27175200
60404;1;2;34;Grupo Argos S.A.;8909002663;2;1;1;1;2;45;1;0;64545600
60404;1;2;34;Grupo Nutresa S.A.;8909000501;2;1;1;1;1;45;1;0;33846920
60404;1;2;34;Suramericana S.A.;8110190124;2;1;1;1;1;45;1;0;30858000
60404;1;2;34;Bancolombia S.A.;8909039388;2;1;1;1;2;45;1;0;42588000
60404;1;2;34;Grupo Nutresa S.A.;8909000501;2;1;1;1;1;45;1;0;52602160
60404;1;2;34;Corporacion Financiera Colombiana S.A.;8903006536;2;1;1;1;2;45;1;0;51714000
60404;1;2;34;Cementos Argos S.A.;8901002510;2;1;1;1;1;45;1;0;32670000
60404;1;2;34;Grupo Nutresa S.A.;8909000501;2;1;1;1;1;45;1;0;69088180
60404;1;2;34;Cemex Latam Holdings S.A.U.;4444440361;2;1;1;1;1;45;1;0;33706080
60404;1;2;34;Ecopetrol S.A.;8999990681;2;1;1;1;3;45;1;0;20853885
60404;1;2;34;Ecopetrol S.A.;8999990681;2;1;1;1;3;45;1;0;23055790
60404;1;2;34;Cemex Latam Holdings S.A.U.;4444440361;2;1;1;1;1;45;1;0;48928520
60404;1;2;34;Suramericana S.A.;8110190124;2;1;1;1;1;45;1;0;98753000
60404;1;2;34;Bancolombia S.A.;8909039388;2;1;1;1;2;45;1;0;94068000
60404;1;2;34;Empresa De Telecomunicaciones De Bogota S.A. E.S.P;8999991158;2;1;1;1;3;45;1;0;42466788
60404;1;2;34;Interconexion Electrica S.A. E.S.P. Isa;8600166103;2;1;1;1;1;45;1;0;99841380
60404;1;2;34;Banco Davivienda S.A.;8600343137;2;1;1;1;2;45;1;0;177345000
60404;1;2;34;Cementos Argos S.A.;8901002510;2;1;1;1;1;45;1;0;111699000
60404;1;2;34;Interconexion Electrica S.A. E.S.P. Isa;8600166103;2;1;1;1;1;45;1;0;181121140
60404;1;2;34;Ecopetrol S.A.;8999990681;2;1;1;1;3;45;1;0;218934270
60404;1;2;34;Aviancataca Holding S.A.;4444000011;2;1;1;1;1;45;1;0;2613870
60404;1;2;34;Aviancataca Holding S.A.;4444000011;2;1;1;1;1;45;1;0;56700000
60404;2;2;0;Banco De Occidente S.A.;8903002794;0;0;0;0;0;0;0;0;140665575.48
60604;1;2;30;Habitat Cooperativa;4015401540;2;2;4;1;1;52;-25;0;0.01
60604;1;2;30;Habitat Cooperativa;4015401540;2;2;4;1;1;52;527;0;0
60604;1;2;30;Habitat Cooperativa;4015401540;2;2;4;1;1;52;-25;0;0
60604;1;2;30;Habitat Cooperativa;4015401540;2;2;4;1;1;52;87;0;0
60604;1;2;30;Habitat Cooperativa;4015401540;2;2;4;1;1;52;90;0;0
60604;1;2;30;Habitat Cooperativa;4015401540;2;2;4;1;1;52;-25;0;0
60604;1;2;30;Habitat Cooperativa;4015401540;2;2;4;1;1;52;165;0;0
60604;1;2;30;Habitat Cooperativa;4015401540;2;2;4;1;1;52;165;0;0
60604;1;2;30;Habitat Cooperativa;4015401540;2;2;4;1;1;52;87;0;0
60604;1;2;30;Habitat Cooperativa;4015401540;2;2;4;1;1;52;192;0;0
60604;1;2;30;Habitat Cooperativa;4015401540;2;2;4;1;1;52;-25;0;0
60604;1;2;30;Habitat Cooperativa;4015401540;2;2;4;1;1;52;17;0;0
60604;1;2;30;Habitat Cooperativa;4015401540;2;2;4;1;1;52;-25;0;0
60604;1;2;30;Habitat Cooperativa;4015401540;2;2;4;1;1;52;19;0;0
60604;1;2;30;Habitat Cooperativa;4015401540;2;2;4;1;1;52;515;0;0
60604;1;2;30;Habitat Cooperativa;4015401540;2;2;4;1;1;52;138;0;0
60604;1;2;30;Habitat Cooperativa;4015401540;2;2;4;1;1;52;121;0;0
60604;1;2;30;Habitat Cooperativa;4015401540;2;2;4;1;1;52;150;0;0
60604;1;2;30;Habitat Cooperativa;4015401540;2;2;4;1;1;52;78;0;0
60604;1;2;30;Habitat Cooperativa;4015401540;2;2;4;1;1;52;-25;0;0
60604;1;2;30;Habitat Cooperativa;4015401540;2;2;4;1;1;52;-25;0;0
60604;1;2;30;Habitat Cooperativa;4015401540;2;2;4;1;1;52;-25;0;0
60604;1;2;30;Habitat Cooperativa;4015401540;2;2;4;1;1;52;-25;0;0
60604;1;2;30;Habitat Cooperativa;4015401540;2;2;4;1;1;52;-25;0;0
60604;1;2;30;Habitat Cooperativa;4015401540;2;2;4;1;1;52;17;0;0.01
60604;1;2;30;Habitat Cooperativa;4015401540;2;2;4;1;1;52;-25;0;0
60604;1;2;30;Habitat Cooperativa;4015401540;2;2;4;1;1;52;18;0;0
60604;1;2;30;Habitat Cooperativa;4015401540;2;2;4;1;1;52;17;0;0
60604;1;2;30;Habitat Cooperativa;4015401540;2;2;4;1;1;52;70;0;0
60604;1;2;30;Habitat Cooperativa;4015401540;2;2;4;1;1;52;-25;0;-0.01
60604;1;2;30;Habitat Cooperativa;4015401540;2;2;4;1;1;52;-25;0;0
60604;1;2;30;Habitat Cooperativa;4015401540;2;2;4;1;1;52;-18;0;0
60604;1;2;30;Habitat Cooperativa;4015401540;2;2;4;1;1;52;-25;0;0
60604;1;2;30;Habitat Cooperativa;4015401540;2;2;4;1;1;52;-18;0;0
60604;1;2;30;Habitat Cooperativa;4015401540;2;2;4;1;1;52;515;0;0
60604;1;2;30;Habitat Cooperativa;4015401540;2;2;4;1;1;52;166;0;0
60604;1;2;30;Habitat Cooperativa;4015401540;2;2;4;1;1;52;-25;0;0
60604;1;2;30;Habitat Cooperativa;4015401540;2;2;4;1;1;52;-25;0;0
60604;1;2;30;Habitat Cooperativa;4015401540;2;2;4;1;1;52;-25;0;0
60604;1;2;30;Habitat Cooperativa;4015401540;2;2;4;1;1;52;-18;0;0
60604;1;2;30;Habitat Cooperativa;4015401540;2;2;4;1;1;52;-25;0;0
60604;1;2;30;Habitat Cooperativa;4015401540;2;2;4;1;1;52;-25;0;0
60604;1;2;30;Habitat Cooperativa;4015401540;2;2;4;1;1;52;18;0;0
60604;1;2;30;Habitat Cooperativa;4015401540;2;2;4;1;1;52;-25;0;0
60604;1;2;30;Habitat Cooperativa;4015401540;2;2;4;1;1;52;17;0;0
60604;1;2;30;Habitat Cooperativa;4015401540;2;2;4;1;1;52;-12;0;0
60604;1;2;30;Habitat Cooperativa;4015401540;2;2;4;1;1;52;-25;0;0.01
60604;1;2;30;Habitat Cooperativa;4015401540;2;2;4;1;1;52;17;0;0
60604;1;2;30;Habitat Cooperativa;4015401540;2;2;4;1;1;52;-25;0;0
60604;1;2;30;Habitat Cooperativa;4015401540;2;2;4;1;1;52;17;0;0
60604;1;2;30;Habitat Cooperativa;4015401540;2;2;4;1;1;52;-12;0;0
60604;1;2;30;Habitat Cooperativa;4015401540;2;2;4;1;1;52;-25;0;0
60604;1;2;30;Habitat Cooperativa;4015401540;2;2;4;1;1;52;-12;0;0
60604;1;2;30;Habitat Cooperativa;4015401540;2;2;4;1;1;52;-12;0;0
60604;1;2;30;Habitat Cooperativa;4015401540;2;2;4;1;1;52;17;0;-0.01
60604;1;2;30;Habitat Cooperativa;4015401540;2;2;4;1;1;52;-25;0;0
60604;1;2;30;Habitat Cooperativa;4015401540;2;2;4;1;1;52;-17;0;0.01
60604;1;2;30;Habitat Cooperativa;4015401540;2;2;4;1;1;52;-19;0;0
60604;1;2;30;Habitat Cooperativa;4015401540;2;2;4;1;1;52;-25;0;0
60604;1;2;30;Habitat Cooperativa;4015401540;2;2;4;1;1;52;-17;0;0
60604;1;2;30;Habitat Cooperativa;4015401540;2;2;4;1;1;52;-28;0;0
60604;1;2;30;Habitat Cooperativa;4015401540;2;2;4;1;1;52;17;0;0
60604;1;2;30;Habitat Cooperativa;4015401540;2;2;4;1;1;52;18;0;0
60604;1;2;30;Habitat Cooperativa;4015401540;2;2;4;1;1;52;515;0;0
60604;1;2;30;Habitat Cooperativa;4015401540;2;2;4;1;1;52;165;0;0
60604;1;2;30;Habitat Cooperativa;4015401540;2;2;4;1;1;52;19;0;0
60604;1;2;30;Habitat Cooperativa;4015401540;2;2;4;1;1;52;-12;0;0
60604;1;2;30;Habitat Cooperativa;4015401540;2;2;4;1;1;52;90;0;0
60604;1;2;30;Habitat Cooperativa;4015401540;2;2;4;1;1;52;90;0;0
60604;1;2;30;Habitat Cooperativa;4015401540;2;2;4;1;1;52;-12;0;0
60604;1;2;30;Habitat Cooperativa;4015401540;2;2;4;1;1;52;-25;0;0
60604;1;2;30;Habitat Cooperativa;4015401540;2;2;4;1;1;52;-18;0;0
60604;1;2;30;Habitat Cooperativa;4015401540;2;2;4;1;1;52;-12;0;0
60604;1;2;30;Habitat Cooperativa;4015401540;2;2;4;1;1;52;17;0;0
60604;1;2;30;Habitat Cooperativa;4015401540;2;2;4;1;1;52;421;0;0
60604;1;2;30;Habitat Cooperativa;4015401540;2;2;4;1;1;52;132;0;-0.01
60604;1;2;30;Habitat Cooperativa;4015401540;2;2;4;1;1;52;-25;0;0
60604;1;2;30;Habitat Cooperativa;4015401540;2;2;4;1;1;52;-18;0;0
60604;1;2;30;Habitat Cooperativa;4015401540;2;2;4;1;1;52;-12;0;0
60604;1;2;30;Habitat Cooperativa;4015401540;2;2;4;1;1;52;-25;0;0
60604;1;2;30;Habitat Cooperativa;4015401540;2;2;4;1;1;52;-25;0;0.01
60604;1;2;30;Habitat Cooperativa;4015401540;2;2;4;1;1;52;17;0;0
60604;1;2;30;Habitat Cooperativa;4015401540;2;2;4;1;1;52;18;0;-0.01
60604;1;2;30;Habitat Cooperativa;4015401540;2;2;4;1;1;52;46;0;0
60604;1;2;30;Habitat Cooperativa;4015401540;2;2;4;1;1;52;78;0;0
60604;1;2;30;Habitat Cooperativa;4015401540;2;2;4;1;1;52;165;0;0
60604;1;2;30;Habitat Cooperativa;4015401540;2;2;4;1;1;52;18;0;0
60604;1;2;30;Habitat Cooperativa;4015401540;2;2;4;1;1;52;262;0;0
60604;1;2;30;Habitat Cooperativa;4015401540;2;2;4;1;1;52;90;0;0
60604;1;2;30;Habitat Cooperativa;4015401540;2;2;4;1;1;52;-17;0;0
60604;1;2;30;Habitat Cooperativa;4015401540;2;2;4;1;1;52;-25;0;0
60604;1;2;30;Habitat Cooperativa;4015401540;2;2;4;1;1;52;-17;0;0
60604;1;2;30;Habitat Cooperativa;4015401540;2;2;4;1;1;52;247;0;0
60604;1;2;30;Habitat Cooperativa;4015401540;2;2;4;1;1;52;276;0;0
60604;1;2;30;Habitat Cooperativa;4015401540;2;2;4;1;1;52;274;0;0
60604;1;2;30;Habitat Cooperativa;4015401540;2;2;4;1;1;52;46;0;0
60604;1;2;30;Habitat Cooperativa;4015401540;2;2;4;1;1;52;19;0;0
60604;1;2;30;Habitat Cooperativa;4015401540;2;2;4;1;1;52;17;0;0
60604;1;2;30;Habitat Cooperativa;4015401540;2;2;4;1;1;52;-25;0;0
60604;1;2;30;Habitat Cooperativa;4015401540;2;2;4;1;1;52;105;0;0
60604;1;2;30;Habitat Cooperativa;4015401540;2;2;4;1;1;52;-12;0;0.01
60604;1;2;30;Habitat Cooperativa;4015401540;2;2;4;1;1;52;46;0;0
60604;1;2;30;Habitat Cooperativa;4015401540;2;2;4;1;1;52;18;0;0
60604;1;2;30;Habitat Cooperativa;4015401540;2;2;4;1;1;52;17;0;0
60604;1;2;30;Habitat Cooperativa;4015401540;2;2;4;1;1;52;17;0;0
60604;1;2;30;Habitat Cooperativa;4015401540;2;2;4;1;1;52;17;0;0
60604;1;2;30;Habitat Cooperativa;4015401540;2;2;4;1;1;52;277;0;0
60604;1;2;30;Habitat Cooperativa;4015401540;2;2;4;1;1;52;291;0;0
60604;1;2;30;Habitat Cooperativa;4015401540;2;2;4;1;1;52;90;0;0
60604;1;2;30;Habitat Cooperativa;4015401540;2;2;4;1;1;52;-11;0;0
60604;1;2;30;Habitat Cooperativa;4015401540;2;2;4;1;1;52;18;0;0
60604;1;2;30;Habitat Cooperativa;4015401540;2;2;4;1;1;52;-25;0;0
60604;1;2;30;Habitat Cooperativa;4015401540;2;2;4;1;1;52;-17;0;0
60604;1;2;30;Habitat Cooperativa;4015401540;2;2;4;1;1;52;18;0;0
60604;1;2;30;Habitat Cooperativa;4015401540;2;2;4;1;1;52;17;0;0
60604;1;2;30;Habitat Cooperativa;4015401540;2;2;4;1;1;52;-17;0;0
60604;1;2;30;Habitat Cooperativa;4015401540;2;2;4;1;1;52;-17;0;0
60604;1;2;30;Habitat Cooperativa;4015401540;2;2;4;1;1;52;87;0;0
60604;1;2;30;Habitat Cooperativa;4015401540;2;2;4;1;1;52;105;0;0
60604;1;2;30;Habitat Cooperativa;4015401540;2;2;4;1;1;52;165;0;0
60604;1;2;30;Habitat Cooperativa;4015401540;2;2;4;1;1;52;167;0;0
60604;1;2;30;Habitat Cooperativa;4015401540;2;2;4;1;1;52;-13;0;0
60604;1;2;30;Habitat Cooperativa;4015401540;2;2;4;1;1;52;-19;0;0
60604;1;2;30;Habitat Cooperativa;4015401540;2;2;4;1;1;52;-13;0;0.01
60604;1;2;30;Habitat Cooperativa;4015401540;2;2;4;1;1;52;-13;0;0
60604;1;2;30;Habitat Cooperativa;4015401540;2;2;4;1;1;52;-28;0;0
60604;1;2;30;Habitat Cooperativa;4015401540;2;2;4;1;1;52;105;0;0
60604;1;2;30;Habitat Cooperativa;4015401540;2;2;4;1;1;52;-12;0;0
60604;1;2;30;Habitat Cooperativa;4015401540;2;2;4;1;1;52;-12;0;0
60604;1;2;30;Habitat Cooperativa;4015401540;2;2;4;1;1;52;-25;0;0
60604;1;2;30;Habitat Cooperativa;4015401540;2;2;4;1;1;52;168;0;0
60604;1;2;30;Habitat Cooperativa;4015401540;2;2;4;1;1;52;101;0;0
60604;1;2;30;Habitat Cooperativa;4015401540;2;2;4;1;1;52;101;0;0
60604;1;2;30;Habitat Cooperativa;4015401540;2;2;4;1;1;52;98;0;-0.01
60604;1;2;30;Habitat Cooperativa;4015401540;2;2;4;1;1;52;48;0;0
60604;1;2;30;Habitat Cooperativa;4015401540;2;2;4;1;1;52;105;0;0
60604;1;2;30;Habitat Cooperativa;4015401540;2;2;4;1;1;52;19;0;-0.01
60604;1;2;30;Habitat Cooperativa;4015401540;2;2;4;1;1;52;90;0;0
60604;1;2;30;Habitat Cooperativa;4015401540;2;2;4;1;1;52;213;0;0
60604;1;2;30;Habitat Cooperativa;4015401540;2;2;4;1;1;52;-17;0;0
60604;1;2;30;Habitat Cooperativa;4015401540;2;2;4;1;1;52;-25;0;0
60604;1;2;30;Habitat Cooperativa;4015401540;2;2;4;1;1;52;-25;0;0
60604;1;2;30;Habitat Cooperativa;4015401540;2;2;4;1;1;52;18;0;0
60604;1;2;30;Habitat Cooperativa;4015401540;2;2;4;1;1;52;-17;0;0
60604;1;2;30;Habitat Cooperativa;4015401540;2;2;4;1;1;52;8;0;0
60604;1;2;30;Habitat Cooperativa;4015401540;2;2;4;1;1;52;-25;0;0
60604;1;2;30;Habitat Cooperativa;4015401540;2;2;4;1;1;52;-17;0;0
60604;1;2;30;Habitat Cooperativa;4015401540;2;2;4;1;1;52;-25;0;0
60604;1;2;30;Habitat Cooperativa;4015401540;2;2;4;1;1;52;-25;0;0
60604;1;2;30;Habitat Cooperativa;4015401540;2;2;4;1;1;52;18;0;0
60604;1;2;30;Habitat Cooperativa;4015401540;2;2;4;1;1;52;18;0;0
60604;1;2;30;Habitat Cooperativa;4015401540;2;2;4;1;1;52;18;0;0
60604;1;2;30;Habitat Cooperativa;4015401540;2;2;4;1;1;52;18;0;0
60604;1;2;30;Habitat Cooperativa;4015401540;2;2;4;1;1;52;121;0;0
60604;1;2;30;Habitat Cooperativa;4015401540;2;2;4;1;1;52;105;0;0
60604;1;2;30;Habitat Cooperativa;4015401540;2;2;4;1;1;52;138;0;0
60604;1;2;30;Habitat Cooperativa;4015401540;2;2;4;1;1;52;218;0;0
60604;1;2;30;Habitat Cooperativa;4015401540;2;2;4;1;1;52;213;0;0
60604;1;2;30;Habitat Cooperativa;4015401540;2;2;4;1;1;52;260;0;0
60604;1;2;30;Habitat Cooperativa;4015401540;2;2;4;1;1;52;215;0;0
60604;1;2;30;Habitat Cooperativa;4015401540;2;2;4;1;1;52;202;0;0
60604;1;2;30;Habitat Cooperativa;4015401540;2;2;4;1;1;52;202;0;0
60604;1;2;30;Habitat Cooperativa;4015401540;2;2;4;1;1;52;90;0;0
60604;1;2;30;Habitat Cooperativa;4015401540;2;2;4;1;1;52;19;0;0
60604;1;2;30;Habitat Cooperativa;4015401540;2;2;4;1;1;52;197;0;0
60604;1;2;30;Habitat Cooperativa;4015401540;2;2;4;1;1;52;165;0;0
60604;1;2;30;Habitat Cooperativa;4015401540;2;2;4;1;1;52;90;0;0
60604;1;2;30;Habitat Cooperativa;4015401540;2;2;4;1;1;52;213;0;0
60604;1;2;30;Habitat Cooperativa;4015401540;2;2;4;1;1;52;18;0;0
60604;1;2;30;Habitat Cooperativa;4015401540;2;2;4;1;1;52;130;0;0
60604;1;2;30;Habitat Cooperativa;4015401540;2;2;4;1;1;52;18;0;0
60604;1;2;30;Habitat Cooperativa;4015401540;2;2;4;1;1;52;107;0;0
60604;1;2;30;Habitat Cooperativa;4015401540;2;2;4;1;1;52;3;0;0
60604;1;2;30;Habitat Cooperativa;4015401540;2;2;4;1;1;52;90;0;0
60604;1;2;30;Habitat Cooperativa;4015401540;2;2;4;1;1;52;165;0;0
60604;1;2;30;Habitat Cooperativa;4015401540;2;2;4;1;1;52;132;0;0
60604;1;2;30;Habitat Cooperativa;4015401540;2;2;4;1;1;52;105;0;0
60604;1;2;30;Habitat Cooperativa;4015401540;2;2;4;1;1;52;165;0;0
60604;1;2;30;Habitat Cooperativa;4015401540;2;2;4;1;1;52;150;0;0
60604;1;2;30;Habitat Cooperativa;4015401540;2;2;4;1;1;52;167;0;0
60604;1;2;30;Habitat Cooperativa;4015401540;2;2;4;1;1;52;165;0;0
60604;1;2;30;Habitat Cooperativa;4015401540;2;2;4;1;1;52;199;0;0
60604;1;2;30;Habitat Cooperativa;4015401540;2;2;4;1;1;52;-19;0;0
60604;1;2;30;Habitat Cooperativa;4015401540;2;2;4;1;1;52;151;0;0
60604;1;2;30;Habitat Cooperativa;4015401540;2;2;4;1;1;52;-17;0;0
60604;1;2;30;Habitat Cooperativa;4015401540;2;2;4;1;1;52;-23;0;0
60604;1;2;30;Habitat Cooperativa;4015401540;2;2;4;1;1;52;-25;0;0
60604;1;2;30;Habitat Cooperativa;4015401540;2;2;4;1;1;52;121;0;0.01
60604;1;2;30;Habitat Cooperativa;4015401540;2;2;4;1;1;52;165;0;0
60604;1;2;30;Habitat Cooperativa;4015401540;2;2;4;1;1;52;383;0;0
60604;1;2;30;Habitat Cooperativa;4015401540;2;2;4;1;1;52;383;0;0
60604;1;2;30;Habitat Cooperativa;4015401540;2;2;4;1;1;52;165;0;0
60604;1;2;30;Habitat Cooperativa;4015401540;2;2;4;1;1;52;105;0;0
60604;1;2;30;Habitat Cooperativa;4015401540;2;2;4;1;1;52;78;0;0
60604;1;2;30;Habitat Cooperativa;4015401540;2;2;4;1;1;52;247;0;0
60604;1;2;30;Habitat Cooperativa;4015401540;2;2;4;1;1;52;87;0;0
60604;1;2;30;Habitat Cooperativa;4015401540;2;2;4;1;1;52;87;0;0
60604;1;2;30;Habitat Cooperativa;4015401540;2;2;4;1;1;52;260;0;0
60604;1;2;30;Habitat Cooperativa;4015401540;2;2;4;1;1;52;107;0;0
60604;1;2;30;Habitat Cooperativa;4015401540;2;2;4;1;1;52;262;0;-0.01
60604;1;2;30;Habitat Cooperativa;4015401540;2;2;4;1;1;52;291;0;0
60604;1;2;30;Habitat Cooperativa;4015401540;2;2;4;1;1;52;277;0;0
60604;1;2;30;Habitat Cooperativa;4015401540;2;2;4;1;1;52;262;0;0
60604;1;2;30;Habitat Cooperativa;4015401540;2;2;4;1;1;52;230;0;0.01
60604;1;2;30;Habitat Cooperativa;4015401540;2;2;4;1;1;52;221;0;0
60604;1;2;30;Habitat Cooperativa;4015401540;2;2;4;1;1;52;-17;0;0
60604;1;2;30;Habitat Cooperativa;4015401540;2;2;4;1;1;52;352;0;0
60604;1;2;30;Habitat Cooperativa;4015401540;2;2;4;1;1;52;87;0;-0.01
60604;1;2;30;Habitat Cooperativa;4015401540;2;2;4;1;1;52;92;0;0.01
60604;1;2;30;Habitat Cooperativa;4015401540;2;2;4;1;1;52;247;0;0
60604;1;2;30;Habitat Cooperativa;4015401540;2;2;4;1;1;52;262;0;0
60604;1;2;30;Habitat Cooperativa;4015401540;2;2;4;1;1;52;239;0;0.01
60604;1;2;30;Habitat Cooperativa;4015401540;2;2;4;1;1;52;199;0;0
60604;1;2;30;Habitat Cooperativa;4015401540;2;2;4;1;1;52;167;0;0
60604;1;2;30;Habitat Cooperativa;4015401540;2;2;4;1;1;52;197;0;0
60604;1;2;30;Habitat Cooperativa;4015401540;2;2;4;1;1;52;202;0;0
60604;1;2;30;Habitat Cooperativa;4015401540;2;2;4;1;1;52;202;0;0
60604;1;2;30;Habitat Cooperativa;4015401540;2;2;4;1;1;52;247;0;0
60604;1;2;30;Habitat Cooperativa;4015401540;2;2;4;1;1;52;46;0;0
60604;1;2;30;Habitat Cooperativa;4015401540;2;2;4;1;1;52;121;0;0
60604;1;2;30;Habitat Cooperativa;4015401540;2;2;4;1;1;52;165;0;0
60604;1;2;30;Habitat Cooperativa;4015401540;2;2;4;1;1;52;18;0;0
60604;1;2;30;Habitat Cooperativa;4015401540;2;2;4;1;1;52;199;0;0.01
60604;1;2;30;Habitat Cooperativa;4015401540;2;2;4;1;1;52;18;0;0.01
60604;1;2;30;Habitat Cooperativa;4015401540;2;2;4;1;1;52;18;0;0
60604;1;2;30;Habitat Cooperativa;4015401540;2;2;4;1;1;52;90;0;-0.01
60604;1;2;30;Habitat Cooperativa;4015401540;2;2;4;1;1;52;105;0;0.01
60604;1;2;30;Habitat Cooperativa;4015401540;2;2;4;1;1;52;90;0;0
60604;1;2;30;Habitat Cooperativa;4015401540;2;2;4;1;1;52;165;0;0
60604;1;2;30;Habitat Cooperativa;4015401540;2;2;4;1;1;52;138;0;0
60604;1;2;30;Habitat Cooperativa;4015401540;2;2;4;1;1;52;167;0;-0.01
60604;1;2;30;Habitat Cooperativa;4015401540;2;2;4;1;1;52;375;0;0
60604;1;2;30;Habitat Cooperativa;4015401540;2;2;4;1;1;52;90;0;0
60604;1;2;30;Habitat Cooperativa;4015401540;2;2;4;1;1;52;89;0;0
60604;1;2;30;Habitat Cooperativa;4015401540;2;2;4;1;1;52;48;0;0
60604;1;2;30;Habitat Cooperativa;4015401540;2;2;4;1;1;52;90;0;0
60604;1;2;30;Habitat Cooperativa;4015401540;2;2;4;1;1;52;90;0;0
60604;1;2;30;Habitat Cooperativa;4015401540;2;2;4;1;1;52;165;0;0
60604;1;2;30;Habitat Cooperativa;4015401540;2;2;4;1;1;52;105;0;0
60604;1;2;30;Habitat Cooperativa;4015401540;2;2;4;1;1;52;107;0;0
60604;1;2;30;Habitat Cooperativa;4015401540;2;2;4;1;1;52;19;0;0
60604;1;2;30;Habitat Cooperativa;4015401540;2;2;4;1;1;52;47;0;0
60604;1;2;30;Habitat Cooperativa;4015401540;2;2;4;1;1;52;247;0;0
60604;1;2;30;Habitat Cooperativa;4015401540;2;2;4;1;1;52;213;0;0
60604;1;2;30;Habitat Cooperativa;4015401540;2;2;4;1;1;52;197;0;0
60604;1;2;30;Habitat Cooperativa;4015401540;2;2;4;1;1;52;77;0;0
60604;1;2;30;Habitat Cooperativa;4015401540;2;2;4;1;1;52;197;0;0
60604;1;2;30;Habitat Cooperativa;4015401540;2;2;4;1;1;52;405;0;0
60604;1;2;30;Habitat Cooperativa;4015401540;2;2;4;1;1;52;89;0;0
60604;1;2;30;Habitat Cooperativa;4015401540;2;2;4;1;1;52;77;0;0
60604;1;2;30;Habitat Cooperativa;4015401540;2;2;4;1;1;52;90;0;0
60604;1;2;30;Habitat Cooperativa;4015401540;2;2;4;1;1;52;78;0;0
60604;1;2;30;Habitat Cooperativa;4015401540;2;2;4;1;1;52;47;0;0
60604;1;2;30;Habitat Cooperativa;4015401540;2;2;4;1;1;52;167;0;0
60604;1;2;30;Habitat Cooperativa;4015401540;2;2;4;1;1;52;121;0;0.01
60604;1;2;30;Habitat Cooperativa;4015401540;2;2;4;1;1;52;150;0;0
60604;1;2;30;Habitat Cooperativa;4015401540;2;2;4;1;1;52;123;0;0
60604;1;2;30;Habitat Cooperativa;4015401540;2;2;4;1;1;52;167;0;0
60604;1;2;30;Habitat Cooperativa;4015401540;2;2;4;1;1;52;87;0;0
60604;1;2;30;Habitat Cooperativa;4015401540;2;2;4;1;1;52;92;0;0
60604;1;2;30;Habitat Cooperativa;4015401540;2;2;4;1;1;52;165;0;0
60604;1;2;30;Habitat Cooperativa;4015401540;2;2;4;1;1;52;90;0;0
60604;1;2;30;Habitat Cooperativa;4015401540;2;2;4;1;1;52;87;0;0
60604;1;2;30;Habitat Cooperativa;4015401540;2;2;4;1;1;52;87;0;0
60604;1;2;30;Habitat Cooperativa;4015401540;2;2;4;1;1;52;497;0;0
60604;1;2;30;Habitat Cooperativa;4015401540;2;2;4;1;1;52;87;0;0
60604;1;2;30;Habitat Cooperativa;4015401540;2;2;4;1;1;52;87;0;0
60604;1;2;30;Habitat Cooperativa;4015401540;2;2;4;1;1;52;90;0;0
60604;1;2;30;Habitat Cooperativa;4015401540;2;2;4;1;1;52;105;0;0
60604;1;2;30;Habitat Cooperativa;4015401540;2;2;4;1;1;52;105;0;0
60604;1;2;30;Habitat Cooperativa;4015401540;2;2;4;1;1;52;125;0;0
60604;1;2;30;Habitat Cooperativa;4015401540;2;2;4;1;1;52;202;0;0
60604;1;2;30;Habitat Cooperativa;4015401540;2;2;4;1;1;52;239;0;0
60604;1;2;30;Habitat Cooperativa;4015401540;2;2;4;1;1;52;197;0;0
60604;1;2;30;Habitat Cooperativa;4015401540;2;2;4;1;1;52;247;0;0
60604;1;2;30;Habitat Cooperativa;4015401540;2;2;4;1;1;52;245;0;0
60604;1;2;30;Habitat Cooperativa;4015401540;2;2;4;1;1;52;281;0;0
60604;1;2;30;Habitat Cooperativa;4015401540;2;2;4;1;1;52;105;0;0
60604;1;2;30;Habitat Cooperativa;4015401540;2;2;4;1;1;52;162;0;0
60604;1;2;30;Habitat Cooperativa;4015401540;2;2;4;1;1;52;98;0;0
60604;1;2;30;Habitat Cooperativa;4015401540;2;2;4;1;1;52;87;0;0
60604;1;2;30;Habitat Cooperativa;4015401540;2;2;4;1;1;52;40;0;0
60604;1;2;30;Habitat Cooperativa;4015401540;2;2;4;1;1;52;78;0;0
60604;1;2;30;Habitat Cooperativa;4015401540;2;2;4;1;1;52;153;0;0
60604;1;2;30;Habitat Cooperativa;4015401540;2;2;4;1;1;52;197;0;0
60604;1;2;30;Habitat Cooperativa;4015401540;2;2;4;1;1;52;90;0;0
60604;1;2;30;Habitat Cooperativa;4015401540;2;2;4;1;1;52;105;0;0
60604;1;2;30;Habitat Cooperativa;4015401540;2;2;4;1;1;52;128;0;0
60604;1;2;30;Habitat Cooperativa;4015401540;2;2;4;1;1;52;213;0;0
60604;1;2;30;Habitat Cooperativa;4015401540;2;2;4;1;1;52;213;0;0
60604;1;2;30;Habitat Cooperativa;4015401540;2;2;4;1;1;52;90;0;0
60604;1;2;30;Habitat Cooperativa;4015401540;2;2;4;1;1;52;71;0;-0.01
60604;1;2;30;Habitat Cooperativa;4015401540;2;2;4;1;1;52;78;0;0
60604;1;2;30;Habitat Cooperativa;4015401540;2;2;4;1;1;52;70;0;0
60604;1;2;30;Habitat Cooperativa;4015401540;2;2;4;1;1;52;151;0;0
60604;1;2;30;Habitat Cooperativa;4015401540;2;2;4;1;1;52;87;0;0
60604;1;2;30;Habitat Cooperativa;4015401540;2;2;4;1;1;52;430;0;0
60604;1;2;30;Habitat Cooperativa;4015401540;2;2;4;1;1;52;527;0;0
60604;1;2;30;Habitat Cooperativa;4015401540;2;2;4;1;1;52;28;0;0
60604;1;2;30;Habitat Cooperativa;4015401540;2;2;4;1;1;52;421;0;0
60604;1;2;30;Habitat Cooperativa;4015401540;2;2;4;1;1;52;213;0;0
60604;1;2;30;Habitat Cooperativa;4015401540;2;2;4;1;1;52;213;0;0
60604;1;2;30;Habitat Cooperativa;4015401540;2;2;4;1;1;52;199;0;0
60604;1;2;30;Habitat Cooperativa;4015401540;2;2;4;1;1;52;150;0;0
60604;1;2;30;Habitat Cooperativa;4015401540;2;2;4;1;1;52;306;0;0
60604;1;2;30;Habitat Cooperativa;4015401540;2;2;4;1;1;52;92;0;0
60604;1;2;30;Habitat Cooperativa;4015401540;2;2;4;1;1;52;150;0;0
60604;1;2;30;Habitat Cooperativa;4015401540;2;2;4;1;1;52;193;0;0
60604;1;2;30;Habitat Cooperativa;4015401540;2;2;4;1;1;52;245;0;0
60604;1;2;30;Habitat Cooperativa;4015401540;2;2;4;1;1;52;281;0;0
60604;1;2;30;Habitat Cooperativa;4015401540;2;2;4;1;1;52;213;0;0
60604;1;2;30;Habitat Cooperativa;4015401540;2;2;4;1;1;52;165;0;0
60604;1;2;30;Habitat Cooperativa;4015401540;2;2;4;1;1;52;90;0;0
60604;1;2;30;Habitat Cooperativa;4015401540;2;2;4;1;1;52;78;0;0
60604;1;2;30;Habitat Cooperativa;4015401540;2;2;4;1;1;52;90;0;0
60604;1;2;30;Habitat Cooperativa;4015401540;2;2;4;1;1;52;89;0;0
60604;1;2;30;Habitat Cooperativa;4015401540;2;2;4;1;1;52;138;0;0
60604;1;2;30;Habitat Cooperativa;4015401540;2;2;4;1;1;52;165;0;0
60604;1;2;30;Habitat Cooperativa;4015401540;2;2;4;1;1;52;197;0;0
60604;1;2;30;Habitat Cooperativa;4015401540;2;2;4;1;1;52;197;0;0
60604;1;2;30;Habitat Cooperativa;4015401540;2;2;4;1;1;52;121;0;0
60604;1;2;30;Habitat Cooperativa;4015401540;2;2;4;1;1;52;213;0;0
60604;1;2;30;Habitat Cooperativa;4015401540;2;2;4;1;1;52;184;0;0
60604;1;2;30;Habitat Cooperativa;4015401540;2;2;4;1;1;52;78;0;0
60604;1;2;30;Habitat Cooperativa;4015401540;2;2;4;1;1;52;184;0;0
60604;1;2;30;Habitat Cooperativa;4015401540;2;2;4;1;1;52;168;0;0
60604;1;2;30;Habitat Cooperativa;4015401540;2;2;4;1;1;52;107;0;0
60604;1;2;30;Habitat Cooperativa;4015401540;2;2;4;1;1;52;78;0;0
60604;1;2;30;Habitat Cooperativa;4015401540;2;2;4;1;1;52;105;0;0
60604;1;2;30;Habitat Cooperativa;4015401540;2;2;4;1;1;52;167;0;0
60604;1;2;30;Habitat Cooperativa;4015401540;2;2;4;1;1;52;167;0;0
60604;1;2;30;Habitat Cooperativa;4015401540;2;2;4;1;1;52;121;0;0
60604;1;2;30;Habitat Cooperativa;4015401540;2;2;4;1;1;52;151;0;0
60604;1;2;30;Habitat Cooperativa;4015401540;2;2;4;1;1;52;247;0;0
60604;1;2;30;Habitat Cooperativa;4015401540;2;2;4;1;1;52;258;0;0
60604;1;2;30;Habitat Cooperativa;4015401540;2;2;4;1;1;52;150;0;0
60604;1;2;30;Habitat Cooperativa;4015401540;2;2;4;1;1;52;165;0;0
60604;1;2;30;Habitat Cooperativa;4015401540;2;2;4;1;1;52;167;0;0
60604;1;2;30;Habitat Cooperativa;4015401540;2;2;4;1;1;52;167;0;0
60604;1;2;30;Habitat Cooperativa;4015401540;2;2;4;1;1;52;167;0;0
60604;1;2;30;Habitat Cooperativa;4015401540;2;2;4;1;1;52;92;0;0
60604;1;2;30;Habitat Cooperativa;4015401540;2;2;4;1;1;52;165;0;0
60604;1;2;30;Habitat Cooperativa;4015401540;2;2;4;1;1;52;165;0;0
60604;1;2;30;Habitat Cooperativa;4015401540;2;2;4;1;1;52;291;0;0
60604;1;2;30;Habitat Cooperativa;4015401540;2;2;4;1;1;52;250;0;0
60604;1;2;30;Habitat Cooperativa;4015401540;2;2;4;1;1;52;151;0;-0.01
60604;1;2;30;Habitat Cooperativa;4015401540;2;2;4;1;1;52;167;0;0
60604;1;2;30;Habitat Cooperativa;4015401540;2;2;4;1;1;52;202;0;0
60604;1;2;30;Habitat Cooperativa;4015401540;2;2;4;1;1;52;167;0;0
60604;1;2;30;Habitat Cooperativa;4015401540;2;2;4;1;1;52;230;0;0
60604;1;2;30;Habitat Cooperativa;4015401540;2;2;4;1;1;52;159;0;0
60604;1;2;30;Habitat Cooperativa;4015401540;2;2;4;1;1;52;161;0;0
60604;1;2;30;Habitat Cooperativa;4015401540;2;2;4;1;1;52;151;0;0
60604;1;2;30;Habitat Cooperativa;4015401540;2;2;4;1;1;52;167;0;0
60604;1;2;30;Habitat Cooperativa;4015401540;2;2;4;1;1;52;171;0;0
60604;1;2;30;Habitat Cooperativa;4015401540;2;2;4;1;1;52;202;0;0
60604;1;2;30;Habitat Cooperativa;4015401540;2;2;4;1;1;52;202;0;0
60604;1;2;30;Habitat Cooperativa;4015401540;2;2;4;1;1;52;167;0;0
60604;1;2;30;Habitat Cooperativa;4015401540;2;2;4;1;1;52;197;0;0
60604;1;2;30;Habitat Cooperativa;4015401540;2;2;4;1;1;52;213;0;0
60604;1;2;30;Habitat Cooperativa;4015401540;2;2;4;1;1;52;159;0;0
60604;1;2;30;Habitat Cooperativa;4015401540;2;2;4;1;1;52;197;0;0
60604;1;2;30;Habitat Cooperativa;4015401540;2;2;4;1;1;52;346;0;0
60604;1;2;30;Habitat Cooperativa;4015401540;2;2;4;1;1;52;151;0;0
60604;1;2;30;Habitat Cooperativa;4015401540;2;2;4;1;1;52;167;0;0
60604;1;2;30;Habitat Cooperativa;4015401540;2;2;4;1;1;52;167;0;0
60604;1;2;30;Habitat Cooperativa;4015401540;2;2;4;1;1;52;168;0;0
60604;1;2;30;Habitat Cooperativa;4015401540;2;2;4;1;1;52;304;0;0
60604;1;2;30;Habitat Cooperativa;4015401540;2;2;4;1;1;52;546;0;0
60604;1;2;30;Habitat Cooperativa;4015401540;2;2;4;1;1;52;158;0;0
60604;1;2;30;Habitat Cooperativa;4015401540;2;2;4;1;1;52;71;0;0
60604;1;2;30;Habitat Cooperativa;4015401540;2;2;4;1;1;52;202;0;0
60604;1;2;30;Habitat Cooperativa;4015401540;2;2;4;1;1;52;213;0;0
60604;1;2;30;Habitat Cooperativa;4015401540;2;2;4;1;1;52;153;0;0
60604;1;2;30;Habitat Cooperativa;4015401540;2;2;4;1;1;52;213;0;0
60604;1;2;30;Habitat Cooperativa;4015401540;2;2;4;1;1;52;258;0;0
60604;1;2;30;Habitat Cooperativa;4015401540;2;2;4;1;1;52;153;0;0
60604;1;2;30;Habitat Cooperativa;4015401540;2;2;4;1;1;52;12;0;0
60604;1;2;30;Habitat Cooperativa;4015401540;2;2;4;1;1;52;105;0;0
60604;1;2;30;Habitat Cooperativa;4015401540;2;2;4;1;1;52;165;0;0
60604;1;2;30;Habitat Cooperativa;4015401540;2;2;4;1;1;52;165;0;0
60604;1;2;30;Habitat Cooperativa;4015401540;2;2;4;1;1;52;132;0;0
60604;1;2;30;Habitat Cooperativa;4015401540;2;2;4;1;1;52;121;0;0.01
60604;1;2;30;Habitat Cooperativa;4015401540;2;2;4;1;1;52;165;0;0
60604;1;2;30;Habitat Cooperativa;4015401540;2;2;4;1;1;52;277;0;0
60604;1;2;30;Habitat Cooperativa;4015401540;2;2;4;1;1;52;213;0;0
60604;1;2;30;Habitat Cooperativa;4015401540;2;2;4;1;1;52;189;0;0
60604;1;2;30;Habitat Cooperativa;4015401540;2;2;4;1;1;52;202;0;0
60604;1;2;30;Habitat Cooperativa;4015401540;2;2;4;1;1;52;213;0;0
60604;1;2;30;Habitat Cooperativa;4015401540;2;2;4;1;1;52;123;0;0
60604;1;2;30;Habitat Cooperativa;4015401540;2;2;4;1;1;52;239;0;0.01
60604;1;2;30;Habitat Cooperativa;4015401540;2;2;4;1;1;52;224;0;0
60604;1;2;30;Habitat Cooperativa;4015401540;2;2;4;1;1;52;138;0;0
60604;1;2;30;Habitat Cooperativa;4015401540;2;2;4;1;1;52;245;0;0
60604;1;2;30;Habitat Cooperativa;4015401540;2;2;4;1;1;52;165;0;0
60604;1;2;30;Habitat Cooperativa;4015401540;2;2;4;1;1;52;138;0;0
60604;1;2;30;Habitat Cooperativa;4015401540;2;2;4;1;1;52;150;0;0
60604;1;2;30;Habitat Cooperativa;4015401540;2;2;4;1;1;52;121;0;0
60604;1;2;30;Habitat Cooperativa;4015401540;2;2;4;1;1;52;213;0;0
60604;1;2;30;Habitat Cooperativa;4015401540;2;2;4;1;1;52;150;0;0
60604;1;2;30;Habitat Cooperativa;4015401540;2;2;4;1;1;52;285;0;0
60604;1;2;30;Habitat Cooperativa;4015401540;2;2;4;1;1;52;197;0;0
60604;1;2;30;Habitat Cooperativa;4015401540;2;2;4;1;1;52;182;0;0
60604;1;2;30;Habitat Cooperativa;4015401540;2;2;4;1;1;52;213;0;0
60604;1;2;30;Habitat Cooperativa;4015401540;2;2;4;1;1;52;168;0;0
60604;1;2;30;Habitat Cooperativa;4015401540;2;2;4;1;1;52;167;0;0
60604;1;2;30;Habitat Cooperativa;4015401540;2;2;4;1;1;52;165;0;0
60604;1;2;30;Habitat Cooperativa;4015401540;2;2;4;1;1;52;189;0;0
60604;1;2;30;Habitat Cooperativa;4015401540;2;2;4;1;1;52;167;0;0
60604;1;2;30;Habitat Cooperativa;4015401540;2;2;4;1;1;52;202;0;0
60604;1;2;30;Habitat Cooperativa;4015401540;2;2;4;1;1;52;224;0;0
60604;1;2;30;Habitat Cooperativa;4015401540;2;2;4;1;1;52;277;0;0
60604;1;2;30;Habitat Cooperativa;4015401540;2;2;4;1;1;52;151;0;0
60604;1;2;30;Habitat Cooperativa;4015401540;2;2;4;1;1;52;121;0;0
60604;1;2;30;Habitat Cooperativa;4015401540;2;2;4;1;1;52;121;0;0.01
60604;1;2;30;Habitat Cooperativa;4015401540;2;2;4;1;1;52;165;0;0
60604;1;2;30;Habitat Cooperativa;4015401540;2;2;4;1;1;52;165;0;0
60604;1;2;30;Habitat Cooperativa;4015401540;2;2;4;1;1;52;150;0;0
60604;1;2;30;Habitat Cooperativa;4015401540;2;2;4;1;1;52;247;0;0
60604;1;2;30;Habitat Cooperativa;4015401540;2;2;4;1;1;52;167;0;0
60604;1;2;30;Habitat Cooperativa;4015401540;2;2;4;1;1;52;274;0;0
60604;1;2;30;Habitat Cooperativa;4015401540;2;2;4;1;1;52;213;0;0
60604;1;2;30;Habitat Cooperativa;4015401540;2;2;4;1;1;52;197;0;0
60604;1;2;30;Habitat Cooperativa;4015401540;2;2;4;1;1;52;197;0;0
60604;1;2;30;Habitat Cooperativa;4015401540;2;2;4;1;1;52;197;0;0
60604;1;2;30;Habitat Cooperativa;4015401540;2;2;4;1;1;52;213;0;0
60604;1;2;30;Habitat Cooperativa;4015401540;2;2;4;1;1;52;375;0;0
60604;1;2;30;Habitat Cooperativa;4015401540;2;2;4;1;1;52;213;0;0
60604;1;2;30;Habitat Cooperativa;4015401540;2;2;4;1;1;52;197;0;0.01
60604;1;2;30;Habitat Cooperativa;4015401540;2;2;4;1;1;52;190;0;0
60604;1;2;30;Habitat Cooperativa;4015401540;2;2;4;1;1;52;274;0;0
60604;1;2;30;Habitat Cooperativa;4015401540;2;2;4;1;1;52;213;0;0
60604;1;2;30;Habitat Cooperativa;4015401540;2;2;4;1;1;52;258;0;0
60604;1;2;30;Habitat Cooperativa;4015401540;2;2;4;1;1;52;213;0;0.01
60604;1;2;30;Habitat Cooperativa;4015401540;2;2;4;1;1;52;184;0;0
60604;1;2;30;Habitat Cooperativa;4015401540;2;2;4;1;1;52;197;0;0
60604;1;2;30;Habitat Cooperativa;4015401540;2;2;4;1;1;52;171;0;0
60604;1;2;30;Habitat Cooperativa;4015401540;2;2;4;1;1;52;215;0;0
60604;1;2;30;Habitat Cooperativa;4015401540;2;2;4;1;1;52;213;0;0
60604;1;2;30;Habitat Cooperativa;4015401540;2;2;4;1;1;52;258;0;0
60604;1;2;30;Habitat Cooperativa;4015401540;2;2;4;1;1;52;245;0;0
60604;1;2;30;Habitat Cooperativa;4015401540;2;2;4;1;1;52;213;0;0
60604;1;2;30;Habitat Cooperativa;4015401540;2;2;4;1;1;52;202;0;0
60604;1;2;30;Habitat Cooperativa;4015401540;2;2;4;1;1;52;16;0;0
60604;1;2;30;Habitat Cooperativa;4015401540;2;2;4;1;1;52;215;0;0
60604;1;2;30;Habitat Cooperativa;4015401540;2;2;4;1;1;52;181;0;0
60604;1;2;30;Habitat Cooperativa;4015401540;2;2;4;1;1;52;436;0;0
60604;1;2;30;Habitat Cooperativa;4015401540;2;2;4;1;1;52;430;0;0
60604;1;2;30;Habitat Cooperativa;4015401540;2;2;4;1;1;52;213;0;0
60604;1;2;30;Habitat Cooperativa;4015401540;2;2;4;1;1;52;-26;0;0
60604;1;2;30;Habitat Cooperativa;4015401540;2;2;4;1;1;52;466;0;0
60604;1;2;30;Habitat Cooperativa;4015401540;2;2;4;1;1;52;449;0;0
60604;1;2;30;Habitat Cooperativa;4015401540;2;2;4;1;1;52;466;0;0.01
60604;1;2;30;Habitat Cooperativa;4015401540;2;2;4;1;1;52;342;0;0
60604;1;2;30;Habitat Cooperativa;4015401540;2;2;4;1;1;52;230;0;0.01
60604;1;2;30;Habitat Cooperativa;4015401540;2;2;4;1;1;52;274;0;0
60604;1;2;30;Habitat Cooperativa;4015401540;2;2;4;1;1;52;65;0;0
60604;1;2;30;Habitat Cooperativa;4015401540;2;2;4;1;1;52;213;0;0
60604;1;2;30;Habitat Cooperativa;4015401540;2;2;4;1;1;52;258;0;0
60604;1;2;30;Habitat Cooperativa;4015401540;2;2;4;1;1;52;230;0;0
60604;1;2;30;Habitat Cooperativa;4015401540;2;2;4;1;1;52;377;0;0
60604;1;2;30;Habitat Cooperativa;4015401540;2;2;4;1;1;52;370;0;0
60604;1;2;30;Habitat Cooperativa;4015401540;2;2;4;1;1;52;247;0;0
60604;1;2;30;Habitat Cooperativa;4015401540;2;2;4;1;1;52;202;0;0
60604;1;2;30;Habitat Cooperativa;4015401540;2;2;4;1;1;52;202;0;0
60604;1;2;30;Habitat Cooperativa;4015401540;2;2;4;1;1;52;258;0;0
60604;1;2;30;Habitat Cooperativa;4015401540;2;2;4;1;1;52;285;0;0
60604;1;2;30;Habitat Cooperativa;4015401540;2;2;4;1;1;52;213;0;0
60604;1;2;30;Habitat Cooperativa;4015401540;2;2;4;1;1;52;202;0;0
60604;1;2;30;Habitat Cooperativa;4015401540;2;2;4;1;1;52;202;0;0
60604;1;2;30;Habitat Cooperativa;4015401540;2;2;4;1;1;52;202;0;0
60604;1;2;30;Habitat Cooperativa;4015401540;2;2;4;1;1;52;202;0;0
60604;1;2;30;Habitat Cooperativa;4015401540;2;2;4;1;1;52;277;0;0
60604;1;2;30;Habitat Cooperativa;4015401540;2;2;4;1;1;52;258;0;0
60604;1;2;30;Habitat Cooperativa;4015401540;2;2;4;1;1;52;245;0;0
60604;1;2;30;Habitat Cooperativa;4015401540;2;2;4;1;1;52;247;0;0
60604;1;2;30;Habitat Cooperativa;4015401540;2;2;4;1;1;52;258;0;0
60604;1;2;30;Habitat Cooperativa;4015401540;2;2;4;1;1;52;239;0;0
60604;1;2;30;Habitat Cooperativa;4015401540;2;2;4;1;1;52;274;0;0
60604;1;2;30;Habitat Cooperativa;4015401540;2;2;4;1;1;52;449;0;0
60604;1;2;30;Habitat Cooperativa;4015401540;2;2;4;1;1;52;277;0;0
60604;1;2;30;Habitat Cooperativa;4015401540;2;2;4;1;1;52;213;0;0
60604;1;2;30;Habitat Cooperativa;4015401540;2;2;4;1;1;52;247;0;0
60604;1;2;30;Habitat Cooperativa;4015401540;2;2;4;1;1;52;247;0;0
60604;1;2;30;Habitat Cooperativa;4015401540;2;2;4;1;1;52;247;0;0
60604;1;2;30;Habitat Cooperativa;4015401540;2;2;4;1;1;52;258;0;0
60604;1;2;30;Habitat Cooperativa;4015401540;2;2;4;1;1;52;239;0;0
60604;1;2;30;Habitat Cooperativa;4015401540;2;2;4;1;1;52;277;0;0
60604;1;2;30;Habitat Cooperativa;4015401540;2;2;4;1;1;52;276;0;0
60604;1;2;30;Habitat Cooperativa;4015401540;2;2;4;1;1;52;202;0;0
60604;1;2;30;Habitat Cooperativa;4015401540;2;2;4;1;1;52;213;0;0
60604;1;2;30;Habitat Cooperativa;4015401540;2;2;4;1;1;52;247;0;0
60604;1;2;30;Habitat Cooperativa;4015401540;2;2;4;1;1;52;213;0;0
60604;1;2;30;Habitat Cooperativa;4015401540;2;2;4;1;1;52;276;0;0
60604;1;2;30;Habitat Cooperativa;4015401540;2;2;4;1;1;52;239;0;0
60604;1;2;30;Habitat Cooperativa;4015401540;2;2;4;1;1;52;274;0;0
60604;1;2;30;Habitat Cooperativa;4015401540;2;2;4;1;1;52;5;0;0
60604;1;2;30;Habitat Cooperativa;4015401540;2;2;4;1;1;52;277;0;0
60604;1;2;30;Habitat Cooperativa;4015401540;2;2;4;1;1;52;421;0;0
60604;1;2;30;Habitat Cooperativa;4015401540;2;2;4;1;1;52;274;0;0
60604;1;2;30;Habitat Cooperativa;4015401540;2;2;4;1;1;52;260;0;0
60604;1;2;30;Habitat Cooperativa;4015401540;2;2;4;1;1;52;291;0;0
60604;1;2;30;Habitat Cooperativa;4015401540;2;2;4;1;1;52;202;0;0
60604;1;2;30;Habitat Cooperativa;4015401540;2;2;4;1;1;52;245;0;0
60604;1;2;30;Habitat Cooperativa;4015401540;2;2;4;1;1;52;12;0;0
60604;1;2;30;Habitat Cooperativa;4015401540;2;2;4;1;1;52;258;0;0
60604;1;2;30;Habitat Cooperativa;4015401540;2;2;4;1;1;52;284;0;0
60604;1;2;30;Habitat Cooperativa;4015401540;2;2;4;1;1;52;274;0;0
60604;1;2;30;Habitat Cooperativa;4015401540;2;2;4;1;1;52;291;0;0
60604;1;2;30;Habitat Cooperativa;4015401540;2;2;4;1;1;52;304;0;0
60604;1;2;30;Habitat Cooperativa;4015401540;2;2;4;1;1;52;277;0;0
60604;1;2;30;Habitat Cooperativa;4015401540;2;2;4;1;1;52;344;0;0
60604;1;2;30;Habitat Cooperativa;4015401540;2;2;4;1;1;52;-26;0;0
60604;1;2;30;Habitat Cooperativa;4015401540;2;2;4;1;1;52;258;0;0
60604;1;2;30;Habitat Cooperativa;4015401540;2;2;4;1;1;52;277;0;0
60604;1;2;30;Habitat Cooperativa;4015401540;2;2;4;1;1;52;276;0;0
60604;1;2;30;Habitat Cooperativa;4015401540;2;2;4;1;1;52;306;0;0
60604;1;2;30;Habitat Cooperativa;4015401540;2;2;4;1;1;52;335;0;0
60604;1;2;30;Habitat Cooperativa;4015401540;2;2;4;1;1;52;-23;0;0
60604;1;2;30;Habitat Cooperativa;4015401540;2;2;4;1;1;52;-23;0;0
60604;1;2;30;Habitat Cooperativa;4015401540;2;2;4;1;1;52;10;0;0
60604;1;2;30;Habitat Cooperativa;4015401540;2;2;4;1;1;52;370;0;0
60604;1;2;30;Habitat Cooperativa;4015401540;2;2;4;1;1;52;65;0;0
60604;1;2;30;Habitat Cooperativa;4015401540;2;2;4;1;1;52;5;0;0
60604;1;2;30;Habitat Cooperativa;4015401540;2;2;4;1;1;52;342;0;0
60604;1;2;30;Habitat Cooperativa;4015401540;2;2;4;1;1;52;339;0;0
60604;1;2;30;Habitat Cooperativa;4015401540;2;2;4;1;1;52;65;0;0
60604;1;2;30;Habitat Cooperativa;4015401540;2;2;4;1;1;52;321;0;0
60604;1;2;30;Habitat Cooperativa;4015401540;2;2;4;1;1;52;291;0;0
60604;1;2;30;Habitat Cooperativa;4015401540;2;2;4;1;1;52;315;0;0
60604;1;2;30;Habitat Cooperativa;4015401540;2;2;4;1;1;52;16;0;0
60604;1;2;30;Habitat Cooperativa;4015401540;2;2;4;1;1;52;421;0;0
60604;1;2;30;Habitat Cooperativa;4015401540;2;2;4;1;1;52;101;0;0
60604;1;2;30;Habitat Cooperativa;4015401540;2;2;4;1;1;52;306;0;0
60604;1;2;30;Habitat Cooperativa;4015401540;2;2;4;1;1;52;339;0;0
60604;1;2;30;Habitat Cooperativa;4015401540;2;2;4;1;1;52;10;0;0
60604;1;2;30;Habitat Cooperativa;4015401540;2;2;4;1;1;52;497;0;0
60604;1;2;30;Habitat Cooperativa;4015401540;2;2;4;1;1;52;84;0;0
60604;1;2;30;Habitat Cooperativa;4015401540;2;2;4;1;1;52;466;0;0
60604;1;2;30;Habitat Cooperativa;4015401540;2;2;4;1;1;52;16;0;0
60604;1;2;30;Habitat Cooperativa;4015401540;2;2;4;1;1;52;5;0;0
60604;1;2;30;Habitat Cooperativa;4015401540;2;2;4;1;1;52;449;0;0
60604;1;2;30;Habitat Cooperativa;4015401540;2;2;4;1;1;52;304;0;0
60604;1;2;30;Habitat Cooperativa;4015401540;2;2;4;1;1;52;321;0;0
60604;1;2;30;Habitat Cooperativa;4015401540;2;2;4;1;1;52;306;0;0
60604;1;2;30;Habitat Cooperativa;4015401540;2;2;4;1;1;52;370;0;0
60604;1;2;30;Habitat Cooperativa;4015401540;2;2;4;1;1;52;40;0;0
60604;1;2;30;Habitat Cooperativa;4015401540;2;2;4;1;1;52;405;0;0
60604;1;2;30;Habitat Cooperativa;4015401540;2;2;4;1;1;52;405;0;0
60604;1;2;30;Habitat Cooperativa;4015401540;2;2;4;1;1;52;393;0;0
60604;1;2;30;Habitat Cooperativa;4015401540;2;2;4;1;1;52;28;0;0
60604;1;2;30;Habitat Cooperativa;4015401540;2;2;4;1;1;52;162;0;0
60604;1;2;30;Habitat Cooperativa;4015401540;2;2;4;1;1;52;527;0;0
60604;1;2;30;Habitat Cooperativa;4015401540;2;2;4;1;1;52;277;0;0
60604;1;2;30;Habitat Cooperativa;4015401540;2;2;4;1;1;52;335;0;0
60604;1;2;30;Habitat Cooperativa;4015401540;2;2;4;1;1;52;101;0;0
60604;1;2;30;Habitat Cooperativa;4015401540;2;2;4;1;1;52;-30;0;0
60604;1;2;30;Habitat Cooperativa;4015401540;2;2;4;1;1;52;306;0;0
60604;1;2;30;Habitat Cooperativa;4015401540;2;2;4;1;1;52;306;0;0
60604;1;2;30;Habitat Cooperativa;4015401540;2;2;4;1;1;52;370;0;0
60604;1;2;30;Habitat Cooperativa;4015401540;2;2;4;1;1;52;16;0;0
60604;1;2;30;Habitat Cooperativa;4015401540;2;2;4;1;1;52;12;0;0
60604;1;2;30;Habitat Cooperativa;4015401540;2;2;4;1;1;52;277;0;0
60604;1;2;30;Habitat Cooperativa;4015401540;2;2;4;1;1;52;381;0;0
60604;1;2;30;Habitat Cooperativa;4015401540;2;2;4;1;1;52;304;0;0
60604;1;2;30;Habitat Cooperativa;4015401540;2;2;4;1;1;52;306;0;0
60604;1;2;30;Habitat Cooperativa;4015401540;2;2;4;1;1;52;10;0;0
60604;1;2;30;Habitat Cooperativa;4015401540;2;2;4;1;1;52;375;0;0
60604;1;2;30;Habitat Cooperativa;4015401540;2;2;4;1;1;52;421;0;0
60604;1;2;30;Habitat Cooperativa;4015401540;2;2;4;1;1;52;132;0;0.01
60604;1;2;30;Habitat Cooperativa;4015401540;2;2;4;1;1;52;421;0;0
60604;1;2;30;Habitat Cooperativa;4015401540;2;2;4;1;1;52;421;0;0
60604;1;2;30;Habitat Cooperativa;4015401540;2;2;4;1;1;52;405;0;0
60604;1;2;30;Habitat Cooperativa;4015401540;2;2;4;1;1;52;393;0;0
60604;1;2;30;Habitat Cooperativa;4015401540;2;2;4;1;1;52;132;0;0.01
60604;1;2;30;Habitat Cooperativa;4015401540;2;2;4;1;1;52;515;0;0
60604;1;2;30;Habitat Cooperativa;4015401540;2;2;4;1;1;52;398;0;0
60604;1;2;30;Habitat Cooperativa;4015401540;2;2;4;1;1;52;56;0;0
60604;1;2;30;Habitat Cooperativa;4015401540;2;2;4;1;1;52;407;0;0
60604;1;2;30;Habitat Cooperativa;4015401540;2;2;4;1;1;52;430;0;0
60604;1;2;30;Habitat Cooperativa;4015401540;2;2;4;1;1;52;436;0;0
60604;1;2;30;Habitat Cooperativa;4015401540;2;2;4;1;1;52;466;0;0
60604;1;2;30;Habitat Cooperativa;4015401540;2;2;4;1;1;52;101;0;0
60604;1;2;30;Habitat Cooperativa;4015401540;2;2;4;1;1;52;101;0;0
60604;1;2;30;Habitat Cooperativa;4015401540;2;2;4;1;1;52;466;0;-0.01
60604;1;2;30;Habitat Cooperativa;4015401540;2;2;4;1;1;52;101;0;0
60604;1;2;30;Habitat Cooperativa;4015401540;2;2;4;1;1;52;132;0;0
60604;1;2;30;Habitat Cooperativa;4015401540;2;2;4;1;1;52;132;0;0
60604;1;2;30;Habitat Cooperativa;4015401540;2;2;4;1;1;52;546;0;0
60604;1;2;30;Habitat Cooperativa;4015401540;2;2;4;1;1;52;436;0;0
60604;1;2;30;Habitat Cooperativa;4015401540;2;2;4;1;1;52;466;0;0
60604;1;2;30;Habitat Cooperativa;4015401540;2;2;4;1;1;52;101;0;0
60604;1;2;30;Habitat Cooperativa;4015401540;2;2;4;1;1;52;466;0;0
60604;1;2;30;Habitat Cooperativa;4015401540;2;2;4;1;1;52;466;0;0
60604;1;2;30;Habitat Cooperativa;4015401540;2;2;4;1;1;52;71;0;-0.01
60604;1;2;30;Habitat Cooperativa;4015401540;2;2;4;1;1;52;466;0;0
60604;1;2;30;Habitat Cooperativa;4015401540;2;2;4;1;1;52;101;0;0
60604;1;2;30;Habitat Cooperativa;4015401540;2;2;4;1;1;52;466;0;-0.01
60604;1;2;30;Habitat Cooperativa;4015401540;2;2;4;1;1;52;101;0;0
60604;1;2;30;Habitat Cooperativa;4015401540;2;2;4;1;1;52;454;0;0
60604;1;2;30;Habitat Cooperativa;4015401540;2;2;4;1;1;52;527;0;0
60604;1;2;30;Habitat Cooperativa;4015401540;2;2;4;1;1;52;527;0;0
60604;1;2;30;Habitat Cooperativa;4015401540;2;2;4;1;1;52;132;0;0
60604;1;2;30;Habitat Cooperativa;4015401540;2;2;4;1;1;52;497;0;0
60604;1;2;30;Habitat Cooperativa;4015401540;2;2;4;1;1;52;132;0;-0.01
60604;1;2;30;Habitat Cooperativa;4015401540;2;2;4;1;1;52;162;0;0
60604;1;2;30;Habitat Cooperativa;4015401540;2;2;4;1;1;52;-26;0;0
60604;1;2;30;Habitat Cooperativa;4015401540;2;2;4;1;1;52;40;0;0
60604;1;2;30;Habitat Cooperativa;4015401540;2;2;4;1;1;52;5;0;0
60604;1;2;30;Habitat Cooperativa;4015401540;2;2;4;1;1;52;393;0;0
60604;1;2;30;Habitat Cooperativa;4015401540;2;2;4;1;1;52;370;0;0
60604;1;2;30;Habitat Cooperativa;4015401540;2;2;4;1;1;52;370;0;0
60604;1;2;30;Habitat Cooperativa;4015401540;2;2;4;1;1;52;28;0;0
60604;1;2;30;Habitat Cooperativa;4015401540;2;2;4;1;1;52;393;0;0
60604;1;2;30;Habitat Cooperativa;4015401540;2;2;4;1;1;52;28;0;0
60604;1;2;30;Habitat Cooperativa;4015401540;2;2;4;1;1;52;421;0;0
60604;1;2;30;Habitat Cooperativa;4015401540;2;2;4;1;1;52;466;0;0
60604;1;2;30;Habitat Cooperativa;4015401540;2;2;4;1;1;52;101;0;0
60604;1;2;30;Habitat Cooperativa;4015401540;2;2;4;1;1;52;33;0;0
60604;1;2;30;Habitat Cooperativa;4015401540;2;2;4;1;1;52;40;0;0
60604;1;2;30;Habitat Cooperativa;4015401540;2;2;4;1;1;52;405;0;0
60604;1;2;30;Habitat Cooperativa;4015401540;2;2;4;1;1;52;42;0;0
60604;1;2;30;Habitat Cooperativa;4015401540;2;2;4;1;1;52;466;0;0
60604;1;2;30;Habitat Cooperativa;4015401540;2;2;4;1;1;52;381;0;0
60604;1;2;30;Habitat Cooperativa;4015401540;2;2;4;1;1;52;71;0;0
60604;1;2;30;Habitat Cooperativa;4015401540;2;2;4;1;1;52;466;0;0
60604;1;2;30;Habitat Cooperativa;4015401540;2;2;4;1;1;52;71;0;0
60604;1;2;30;Habitat Cooperativa;4015401540;2;2;4;1;1;52;436;0;0
60604;1;2;30;Habitat Cooperativa;4015401540;2;2;4;1;1;52;527;0;0
60604;1;2;30;Habitat Cooperativa;4015401540;2;2;4;1;1;52;436;0;0
60604;1;2;30;Habitat Cooperativa;4015401540;2;2;4;1;1;52;101;0;0
60604;1;2;30;Habitat Cooperativa;4015401540;2;2;4;1;1;52;42;0;0
60604;1;2;30;Habitat Cooperativa;4015401540;2;2;4;1;1;52;101;0;0
60604;1;2;30;Habitat Cooperativa;4015401540;2;2;4;1;1;52;497;0;0
60604;1;2;30;Habitat Cooperativa;4015401540;2;2;4;1;1;52;527;0;0
60604;1;2;30;Habitat Cooperativa;4015401540;2;2;4;1;1;52;527;0;0
60604;1;2;30;Habitat Cooperativa;4015401540;2;2;4;1;1;52;132;0;0
60604;1;2;30;Habitat Cooperativa;4015401540;2;2;4;1;1;52;515;0;0
60604;1;2;30;Habitat Cooperativa;4015401540;2;2;4;1;1;52;546;0;0
60604;1;2;30;Cooperativa De Aporte Y Creditosu Solucion Cooapcresol;7895642001;2;2;4;1;1;52;-13;0;0
60604;1;2;30;Cooperativa De Aporte Y Creditosu Solucion Cooapcresol;7895642001;2;2;4;1;1;52;-25;0;0.01
60604;1;2;30;Cooperativa De Aporte Y Creditosu Solucion Cooapcresol;7895642001;2;2;4;1;1;52;18;0;0
60604;1;2;30;Cooperativa De Aporte Y Creditosu Solucion Cooapcresol;7895642001;2;2;4;1;1;52;70;0;0
60604;1;2;30;Cooperativa De Aporte Y Creditosu Solucion Cooapcresol;7895642001;2;2;4;1;1;52;17;0;0
60604;1;2;30;Cooperativa De Aporte Y Creditosu Solucion Cooapcresol;7895642001;2;2;4;1;1;52;150;0;0
60604;1;2;30;Cooperativa De Aporte Y Creditosu Solucion Cooapcresol;7895642001;2;2;4;1;1;52;-25;0;-0.01
60604;1;2;30;Cooperativa De Aporte Y Creditosu Solucion Cooapcresol;7895642001;2;2;4;1;1;52;-25;0;0
60604;1;2;30;Cooperativa De Aporte Y Creditosu Solucion Cooapcresol;7895642001;2;2;4;1;1;52;90;0;0
60604;1;2;30;Cooperativa De Aporte Y Creditosu Solucion Cooapcresol;7895642001;2;2;4;1;1;52;87;0;0
60604;1;2;30;Cooperativa De Aporte Y Creditosu Solucion Cooapcresol;7895642001;2;2;4;1;1;52;497;0;0
60604;1;2;30;Cooperativa De Aporte Y Creditosu Solucion Cooapcresol;7895642001;2;2;4;1;1;52;-17;0;0
60604;1;2;30;Cooperativa De Aporte Y Creditosu Solucion Cooapcresol;7895642001;2;2;4;1;1;52;18;0;0
60604;1;2;30;Cooperativa De Aporte Y Creditosu Solucion Cooapcresol;7895642001;2;2;4;1;1;52;-25;0;0
60604;1;2;30;Cooperativa De Aporte Y Creditosu Solucion Cooapcresol;7895642001;2;2;4;1;1;52;-25;0;0
60604;1;2;30;Cooperativa De Aporte Y Creditosu Solucion Cooapcresol;7895642001;2;2;4;1;1;52;132;0;0.01
60604;1;2;30;Cooperativa De Aporte Y Creditosu Solucion Cooapcresol;7895642001;2;2;4;1;1;52;192;0;0
60604;1;2;30;Cooperativa De Aporte Y Creditosu Solucion Cooapcresol;7895642001;2;2;4;1;1;52;223;0;0
60604;1;2;30;Cooperativa De Aporte Y Creditosu Solucion Cooapcresol;7895642001;2;2;4;1;1;52;527;0;-0.01
60604;1;2;30;Cooperativa De Aporte Y Creditosu Solucion Cooapcresol;7895642001;2;2;4;1;1;52;17;0;0
60604;1;2;30;Cooperativa De Aporte Y Creditosu Solucion Cooapcresol;7895642001;2;2;4;1;1;52;-25;0;0
60604;1;2;30;Cooperativa De Aporte Y Creditosu Solucion Cooapcresol;7895642001;2;2;4;1;1;52;87;0;0
60604;1;2;30;Cooperativa De Aporte Y Creditosu Solucion Cooapcresol;7895642001;2;2;4;1;1;52;-25;0;0
60604;1;2;30;Cooperativa De Aporte Y Creditosu Solucion Cooapcresol;7895642001;2;2;4;1;1;52;-25;0;0
60604;1;2;30;Cooperativa De Aporte Y Creditosu Solucion Cooapcresol;7895642001;2;2;4;1;1;52;198;0;0
60604;1;2;30;Cooperativa De Aporte Y Creditosu Solucion Cooapcresol;7895642001;2;2;4;1;1;52;497;0;0
60604;1;2;30;Cooperativa De Aporte Y Creditosu Solucion Cooapcresol;7895642001;2;2;4;1;1;52;10;0;0
60604;1;2;30;Cooperativa De Aporte Y Creditosu Solucion Cooapcresol;7895642001;2;2;4;1;1;52;247;0;0
60604;1;2;30;Cooperativa De Aporte Y Creditosu Solucion Cooapcresol;7895642001;2;2;4;1;1;52;-25;0;0
60604;1;2;30;Cooperativa De Aporte Y Creditosu Solucion Cooapcresol;7895642001;2;2;4;1;1;52;-25;0;0
60604;1;2;30;Cooperativa De Aporte Y Creditosu Solucion Cooapcresol;7895642001;2;2;4;1;1;52;-25;0;0
60604;1;2;30;Cooperativa De Aporte Y Creditosu Solucion Cooapcresol;7895642001;2;2;4;1;1;52;-17;0;0
60604;1;2;30;Cooperativa De Aporte Y Creditosu Solucion Cooapcresol;7895642001;2;2;4;1;1;52;17;0;0
60604;1;2;30;Cooperativa De Aporte Y Creditosu Solucion Cooapcresol;7895642001;2;2;4;1;1;52;18;0;0.01
60604;1;2;30;Cooperativa De Aporte Y Creditosu Solucion Cooapcresol;7895642001;2;2;4;1;1;52;132;0;0.01
60604;1;2;30;Cooperativa De Aporte Y Creditosu Solucion Cooapcresol;7895642001;2;2;4;1;1;52;-25;0;0
60604;1;2;30;Cooperativa De Aporte Y Creditosu Solucion Cooapcresol;7895642001;2;2;4;1;1;52;28;0;0
60604;1;2;30;Cooperativa De Aporte Y Creditosu Solucion Cooapcresol;7895642001;2;2;4;1;1;52;383;0;0
60604;1;2;30;Cooperativa De Aporte Y Creditosu Solucion Cooapcresol;7895642001;2;2;4;1;1;52;17;0;0
60604;1;2;30;Cooperativa De Aporte Y Creditosu Solucion Cooapcresol;7895642001;2;2;4;1;1;52;527;0;0
60604;1;2;30;Cooperativa De Aporte Y Creditosu Solucion Cooapcresol;7895642001;2;2;4;1;1;52;515;0;0
60604;1;2;30;Cooperativa De Aporte Y Creditosu Solucion Cooapcresol;7895642001;2;2;4;1;1;52;18;0;0
60604;1;2;30;Cooperativa De Aporte Y Creditosu Solucion Cooapcresol;7895642001;2;2;4;1;1;52;162;0;0
60604;1;2;30;Cooperativa De Aporte Y Creditosu Solucion Cooapcresol;7895642001;2;2;4;1;1;52;31;0;0
60604;1;2;30;Cooperativa De Aporte Y Creditosu Solucion Cooapcresol;7895642001;2;2;4;1;1;52;197;0;0.01
60604;1;2;30;Cooperativa De Aporte Y Creditosu Solucion Cooapcresol;7895642001;2;2;4;1;1;52;-25;0;0
60604;1;2;30;Cooperativa De Aporte Y Creditosu Solucion Cooapcresol;7895642001;2;2;4;1;1;52;223;0;0
60604;1;2;30;Cooperativa De Aporte Y Creditosu Solucion Cooapcresol;7895642001;2;2;4;1;1;52;213;0;0
60604;1;2;30;Cooperativa De Aporte Y Creditosu Solucion Cooapcresol;7895642001;2;2;4;1;1;52;192;0;0
60604;1;2;30;Cooperativa De Aporte Y Creditosu Solucion Cooapcresol;7895642001;2;2;4;1;1;52;284;0;0
60604;1;2;30;Cooperativa De Aporte Y Creditosu Solucion Cooapcresol;7895642001;2;2;4;1;1;52;70;0;0
60604;1;2;30;Cooperativa De Aporte Y Creditosu Solucion Cooapcresol;7895642001;2;2;4;1;1;52;-20;0;-0.01
60604;1;2;30;Cooperativa De Aporte Y Creditosu Solucion Cooapcresol;7895642001;2;2;4;1;1;52;-20;0;0
60604;1;2;30;Cooperativa De Aporte Y Creditosu Solucion Cooapcresol;7895642001;2;2;4;1;1;52;46;0;0
60604;1;2;30;Cooperativa De Aporte Y Creditosu Solucion Cooapcresol;7895642001;2;2;4;1;1;52;-36;0;0
60604;1;2;30;Cooperativa De Aporte Y Creditosu Solucion Cooapcresol;7895642001;2;2;4;1;1;52;202;0;0
60604;1;2;30;Cooperativa De Aporte Y Creditosu Solucion Cooapcresol;7895642001;2;2;4;1;1;52;221;0;0
60604;1;2;30;Cooperativa De Aporte Y Creditosu Solucion Cooapcresol;7895642001;2;2;4;1;1;52;262;0;0
60604;1;2;30;Cooperativa De Aporte Y Creditosu Solucion Cooapcresol;7895642001;2;2;4;1;1;52;262;0;0
60604;1;2;30;Cooperativa De Aporte Y Creditosu Solucion Cooapcresol;7895642001;2;2;4;1;1;52;281;0;0
60604;1;2;30;Cooperativa De Aporte Y Creditosu Solucion Cooapcresol;7895642001;2;2;4;1;1;52;274;0;0
60604;1;2;30;Cooperativa De Aporte Y Creditosu Solucion Cooapcresol;7895642001;2;2;4;1;1;52;-25;0;0
60604;1;2;30;Cooperativa De Aporte Y Creditosu Solucion Cooapcresol;7895642001;2;2;4;1;1;52;497;0;0
60604;1;2;30;Cooperativa De Aporte Y Creditosu Solucion Cooapcresol;7895642001;2;2;4;1;1;52;449;0;0
60604;1;2;30;Cooperativa De Aporte Y Creditosu Solucion Cooapcresol;7895642001;2;2;4;1;1;52;202;0;0
60604;1;2;30;Cooperativa De Aporte Y Creditosu Solucion Cooapcresol;7895642001;2;2;4;1;1;52;18;0;0
60604;1;2;30;Cooperativa De Aporte Y Creditosu Solucion Cooapcresol;7895642001;2;2;4;1;1;52;165;0;0
60604;1;2;30;Cooperativa De Aporte Y Creditosu Solucion Cooapcresol;7895642001;2;2;4;1;1;52;132;0;0
60604;1;2;30;Cooperativa De Aporte Y Creditosu Solucion Cooapcresol;7895642001;2;2;4;1;1;52;18;0;0
60604;1;2;30;Cooperativa De Aporte Y Creditosu Solucion Cooapcresol;7895642001;2;2;4;1;1;52;-25;0;0.01
60604;1;2;30;Cooperativa De Aporte Y Creditosu Solucion Cooapcresol;7895642001;2;2;4;1;1;52;-25;0;0.01
60604;1;2;30;Cooperativa De Aporte Y Creditosu Solucion Cooapcresol;7895642001;2;2;4;1;1;52;-43;0;0
60604;1;2;30;Cooperativa De Aporte Y Creditosu Solucion Cooapcresol;7895642001;2;2;4;1;1;52;167;0;0
60604;1;2;30;Cooperativa De Aporte Y Creditosu Solucion Cooapcresol;7895642001;2;2;4;1;1;52;105;0;0
60604;1;2;30;Cooperativa De Aporte Y Creditosu Solucion Cooapcresol;7895642001;2;2;4;1;1;52;121;0;0
60604;1;2;30;Cooperativa De Aporte Y Creditosu Solucion Cooapcresol;7895642001;2;2;4;1;1;52;18;0;0
60604;1;2;30;Cooperativa De Aporte Y Creditosu Solucion Cooapcresol;7895642001;2;2;4;1;1;52;245;0;0
60604;1;2;30;Cooperativa De Aporte Y Creditosu Solucion Cooapcresol;7895642001;2;2;4;1;1;52;90;0;0
60604;1;2;30;Cooperativa De Aporte Y Creditosu Solucion Cooapcresol;7895642001;2;2;4;1;1;52;90;0;0
60604;1;2;30;Cooperativa De Aporte Y Creditosu Solucion Cooapcresol;7895642001;2;2;4;1;1;52;95;0;0
60604;1;2;30;Cooperativa De Aporte Y Creditosu Solucion Cooapcresol;7895642001;2;2;4;1;1;52;-11;0;0
60604;1;2;30;Cooperativa De Aporte Y Creditosu Solucion Cooapcresol;7895642001;2;2;4;1;1;52;90;0;-0.01
60604;1;2;30;Cooperativa De Aporte Y Creditosu Solucion Cooapcresol;7895642001;2;2;4;1;1;52;497;0;0
60604;1;2;30;Cooperativa De Aporte Y Creditosu Solucion Cooapcresol;7895642001;2;2;4;1;1;52;-25;0;0
60604;1;2;30;Cooperativa De Aporte Y Creditosu Solucion Cooapcresol;7895642001;2;2;4;1;1;52;17;0;0
60604;1;2;30;Cooperativa De Aporte Y Creditosu Solucion Cooapcresol;7895642001;2;2;4;1;1;52;105;0;0.01
60604;1;2;30;Cooperativa De Aporte Y Creditosu Solucion Cooapcresol;7895642001;2;2;4;1;1;52;101;0;0
60604;1;2;30;Cooperativa De Aporte Y Creditosu Solucion Cooapcresol;7895642001;2;2;4;1;1;52;-25;0;0
60604;1;2;30;Cooperativa De Aporte Y Creditosu Solucion Cooapcresol;7895642001;2;2;4;1;1;52;-25;0;0
60604;1;2;30;Cooperativa De Aporte Y Creditosu Solucion Cooapcresol;7895642001;2;2;4;1;1;52;352;0;0
60604;1;2;30;Cooperativa De Aporte Y Creditosu Solucion Cooapcresol;7895642001;2;2;4;1;1;52;92;0;0
60604;1;2;30;Cooperativa De Aporte Y Creditosu Solucion Cooapcresol;7895642001;2;2;4;1;1;52;90;0;0
60604;1;2;30;Cooperativa De Aporte Y Creditosu Solucion Cooapcresol;7895642001;2;2;4;1;1;52;156;0;0
60604;1;2;30;Cooperativa De Aporte Y Creditosu Solucion Cooapcresol;7895642001;2;2;4;1;1;52;-25;0;0
60604;1;2;30;Cooperativa De Aporte Y Creditosu Solucion Cooapcresol;7895642001;2;2;4;1;1;52;-25;0;0
60604;1;2;30;Cooperativa De Aporte Y Creditosu Solucion Cooapcresol;7895642001;2;2;4;1;1;52;-25;0;0
60604;1;2;30;Cooperativa De Aporte Y Creditosu Solucion Cooapcresol;7895642001;2;2;4;1;1;52;-25;0;-0.01
60604;1;2;30;Cooperativa De Aporte Y Creditosu Solucion Cooapcresol;7895642001;2;2;4;1;1;52;121;0;0
60604;1;2;30;Cooperativa De Aporte Y Creditosu Solucion Cooapcresol;7895642001;2;2;4;1;1;52;-17;0;0
60604;1;2;30;Cooperativa De Aporte Y Creditosu Solucion Cooapcresol;7895642001;2;2;4;1;1;52;87;0;0
60604;1;2;30;Cooperativa De Aporte Y Creditosu Solucion Cooapcresol;7895642001;2;2;4;1;1;52;-17;0;0
60604;1;2;30;Cooperativa De Aporte Y Creditosu Solucion Cooapcresol;7895642001;2;2;4;1;1;52;3;0;0
60604;1;2;30;Cooperativa De Aporte Y Creditosu Solucion Cooapcresol;7895642001;2;2;4;1;1;52;71;0;0.01
60604;1;2;30;Cooperativa De Aporte Y Creditosu Solucion Cooapcresol;7895642001;2;2;4;1;1;52;527;0;0
60604;1;2;30;Cooperativa De Aporte Y Creditosu Solucion Cooapcresol;7895642001;2;2;4;1;1;52;527;0;0
60604;1;2;30;Cooperativa De Aporte Y Creditosu Solucion Cooapcresol;7895642001;2;2;4;1;1;52;430;0;0
60604;1;2;30;Cooperativa De Aporte Y Creditosu Solucion Cooapcresol;7895642001;2;2;4;1;1;52;430;0;0
60604;1;2;30;Cooperativa De Aporte Y Creditosu Solucion Cooapcresol;7895642001;2;2;4;1;1;52;449;0;0
60604;1;2;30;Cooperativa De Aporte Y Creditosu Solucion Cooapcresol;7895642001;2;2;4;1;1;52;167;0;0
60604;1;2;30;Cooperativa De Aporte Y Creditosu Solucion Cooapcresol;7895642001;2;2;4;1;1;52;383;0;0
60604;1;2;30;Cooperativa De Aporte Y Creditosu Solucion Cooapcresol;7895642001;2;2;4;1;1;52;342;0;0
60604;1;2;30;Cooperativa De Aporte Y Creditosu Solucion Cooapcresol;7895642001;2;2;4;1;1;52;321;0;0
60604;1;2;30;Cooperativa De Aporte Y Creditosu Solucion Cooapcresol;7895642001;2;2;4;1;1;52;274;0;0
60604;1;2;30;Cooperativa De Aporte Y Creditosu Solucion Cooapcresol;7895642001;2;2;4;1;1;52;276;0;0
60604;1;2;30;Cooperativa De Aporte Y Creditosu Solucion Cooapcresol;7895642001;2;2;4;1;1;52;284;0;0
60604;1;2;30;Cooperativa De Aporte Y Creditosu Solucion Cooapcresol;7895642001;2;2;4;1;1;52;291;0;0
60604;1;2;30;Cooperativa De Aporte Y Creditosu Solucion Cooapcresol;7895642001;2;2;4;1;1;52;28;0;0
60604;1;2;30;Cooperativa De Aporte Y Creditosu Solucion Cooapcresol;7895642001;2;2;4;1;1;52;16;0;0
60604;1;2;30;Cooperativa De Aporte Y Creditosu Solucion Cooapcresol;7895642001;2;2;4;1;1;52;393;0;0
60604;1;2;30;Cooperativa De Aporte Y Creditosu Solucion Cooapcresol;7895642001;2;2;4;1;1;52;161;0;0
60604;1;2;30;Cooperativa De Aporte Y Creditosu Solucion Cooapcresol;7895642001;2;2;4;1;1;52;18;0;0
60604;1;2;30;Cooperativa De Aporte Y Creditosu Solucion Cooapcresol;7895642001;2;2;4;1;1;52;-25;0;0
60604;1;2;30;Cooperativa De Aporte Y Creditosu Solucion Cooapcresol;7895642001;2;2;4;1;1;52;-25;0;0
60604;1;2;30;Cooperativa De Aporte Y Creditosu Solucion Cooapcresol;7895642001;2;2;4;1;1;52;105;0;0
60604;1;2;30;Cooperativa De Aporte Y Creditosu Solucion Cooapcresol;7895642001;2;2;4;1;1;52;121;0;0.01
60604;1;2;30;Cooperativa De Aporte Y Creditosu Solucion Cooapcresol;7895642001;2;2;4;1;1;52;253;0;0
60604;1;2;30;Cooperativa De Aporte Y Creditosu Solucion Cooapcresol;7895642001;2;2;4;1;1;52;527;0;0
60604;1;2;30;Cooperativa De Aporte Y Creditosu Solucion Cooapcresol;7895642001;2;2;4;1;1;52;213;0;0
60604;1;2;30;Cooperativa De Aporte Y Creditosu Solucion Cooapcresol;7895642001;2;2;4;1;1;52;90;0;0
60604;1;2;30;Cooperativa De Aporte Y Creditosu Solucion Cooapcresol;7895642001;2;2;4;1;1;52;18;0;0
60604;1;2;30;Cooperativa De Aporte Y Creditosu Solucion Cooapcresol;7895642001;2;2;4;1;1;52;90;0;0
60604;1;2;30;Cooperativa De Aporte Y Creditosu Solucion Cooapcresol;7895642001;2;2;4;1;1;52;430;0;0
60604;1;2;30;Cooperativa De Aporte Y Creditosu Solucion Cooapcresol;7895642001;2;2;4;1;1;52;527;0;0
60604;1;2;30;Cooperativa De Aporte Y Creditosu Solucion Cooapcresol;7895642001;2;2;4;1;1;52;140;0;0
60604;1;2;30;Cooperativa De Aporte Y Creditosu Solucion Cooapcresol;7895642001;2;2;4;1;1;52;132;0;0
60604;1;2;30;Cooperativa De Aporte Y Creditosu Solucion Cooapcresol;7895642001;2;2;4;1;1;52;352;0;0
60604;1;2;30;Cooperativa De Aporte Y Creditosu Solucion Cooapcresol;7895642001;2;2;4;1;1;52;430;0;0
60604;1;2;30;Cooperativa De Aporte Y Creditosu Solucion Cooapcresol;7895642001;2;2;4;1;1;52;150;0;0
60604;1;2;30;Cooperativa De Aporte Y Creditosu Solucion Cooapcresol;7895642001;2;2;4;1;1;52;202;0;0
60604;1;2;30;Cooperativa De Aporte Y Creditosu Solucion Cooapcresol;7895642001;2;2;4;1;1;52;213;0;0
60604;1;2;30;Cooperativa De Aporte Y Creditosu Solucion Cooapcresol;7895642001;2;2;4;1;1;52;202;0;0
60604;1;2;30;Cooperativa De Aporte Y Creditosu Solucion Cooapcresol;7895642001;2;2;4;1;1;52;262;0;0
60604;1;2;30;Cooperativa De Aporte Y Creditosu Solucion Cooapcresol;7895642001;2;2;4;1;1;52;197;0;0.01
60604;1;2;30;Cooperativa De Aporte Y Creditosu Solucion Cooapcresol;7895642001;2;2;4;1;1;52;-13;0;0.01
60604;1;2;30;Cooperativa De Aporte Y Creditosu Solucion Cooapcresol;7895642001;2;2;4;1;1;52;213;0;0
60604;1;2;30;Cooperativa De Aporte Y Creditosu Solucion Cooapcresol;7895642001;2;2;4;1;1;52;123;0;0
60604;1;2;30;Cooperativa De Aporte Y Creditosu Solucion Cooapcresol;7895642001;2;2;4;1;1;52;87;0;0
60604;1;2;30;Cooperativa De Aporte Y Creditosu Solucion Cooapcresol;7895642001;2;2;4;1;1;52;393;0;0
60604;1;2;30;Cooperativa De Aporte Y Creditosu Solucion Cooapcresol;7895642001;2;2;4;1;1;52;202;0;0
60604;1;2;30;Cooperativa De Aporte Y Creditosu Solucion Cooapcresol;7895642001;2;2;4;1;1;52;90;0;0
60604;1;2;30;Cooperativa De Aporte Y Creditosu Solucion Cooapcresol;7895642001;2;2;4;1;1;52;87;0;0
60604;1;2;30;Cooperativa De Aporte Y Creditosu Solucion Cooapcresol;7895642001;2;2;4;1;1;52;87;0;0
60604;1;2;30;Cooperativa De Aporte Y Creditosu Solucion Cooapcresol;7895642001;2;2;4;1;1;52;197;0;0
60604;1;2;30;Cooperativa De Aporte Y Creditosu Solucion Cooapcresol;7895642001;2;2;4;1;1;52;199;0;0
60604;1;2;30;Cooperativa De Aporte Y Creditosu Solucion Cooapcresol;7895642001;2;2;4;1;1;52;184;0;0
60604;1;2;30;Cooperativa De Aporte Y Creditosu Solucion Cooapcresol;7895642001;2;2;4;1;1;52;213;0;0
60604;1;2;30;Cooperativa De Aporte Y Creditosu Solucion Cooapcresol;7895642001;2;2;4;1;1;52;197;0;0
60604;1;2;30;Cooperativa De Aporte Y Creditosu Solucion Cooapcresol;7895642001;2;2;4;1;1;52;220;0;0
60604;1;2;30;Cooperativa De Aporte Y Creditosu Solucion Cooapcresol;7895642001;2;2;4;1;1;52;213;0;0
60604;1;2;30;Cooperativa De Aporte Y Creditosu Solucion Cooapcresol;7895642001;2;2;4;1;1;52;262;0;0
60604;1;2;30;Cooperativa De Aporte Y Creditosu Solucion Cooapcresol;7895642001;2;2;4;1;1;52;232;0;0
60604;1;2;30;Cooperativa De Aporte Y Creditosu Solucion Cooapcresol;7895642001;2;2;4;1;1;52;277;0;0
60604;1;2;30;Cooperativa De Aporte Y Creditosu Solucion Cooapcresol;7895642001;2;2;4;1;1;52;121;0;0
60604;1;2;30;Cooperativa De Aporte Y Creditosu Solucion Cooapcresol;7895642001;2;2;4;1;1;52;213;0;0
60604;1;2;30;Cooperativa De Aporte Y Creditosu Solucion Cooapcresol;7895642001;2;2;4;1;1;52;197;0;0
60604;1;2;30;Cooperativa De Aporte Y Creditosu Solucion Cooapcresol;7895642001;2;2;4;1;1;52;-23;0;0
60604;1;2;30;Cooperativa De Aporte Y Creditosu Solucion Cooapcresol;7895642001;2;2;4;1;1;52;105;0;0
60604;1;2;30;Cooperativa De Aporte Y Creditosu Solucion Cooapcresol;7895642001;2;2;4;1;1;52;18;0;0
60604;1;2;30;Cooperativa De Aporte Y Creditosu Solucion Cooapcresol;7895642001;2;2;4;1;1;52;123;0;0
60604;1;2;30;Cooperativa De Aporte Y Creditosu Solucion Cooapcresol;7895642001;2;2;4;1;1;52;78;0;0
60604;1;2;30;Cooperativa De Aporte Y Creditosu Solucion Cooapcresol;7895642001;2;2;4;1;1;52;78;0;0
60604;1;2;30;Cooperativa De Aporte Y Creditosu Solucion Cooapcresol;7895642001;2;2;4;1;1;52;197;0;0
60604;1;2;30;Cooperativa De Aporte Y Creditosu Solucion Cooapcresol;7895642001;2;2;4;1;1;52;213;0;0
60604;1;2;30;Cooperativa De Aporte Y Creditosu Solucion Cooapcresol;7895642001;2;2;4;1;1;52;165;0;0
60604;1;2;30;Cooperativa De Aporte Y Creditosu Solucion Cooapcresol;7895642001;2;2;4;1;1;52;78;0;0.01
60604;1;2;30;Cooperativa De Aporte Y Creditosu Solucion Cooapcresol;7895642001;2;2;4;1;1;52;-20;0;-0.01
60604;1;2;30;Cooperativa De Aporte Y Creditosu Solucion Cooapcresol;7895642001;2;2;4;1;1;52;121;0;0
60604;1;2;30;Cooperativa De Aporte Y Creditosu Solucion Cooapcresol;7895642001;2;2;4;1;1;52;87;0;0
60604;1;2;30;Cooperativa De Aporte Y Creditosu Solucion Cooapcresol;7895642001;2;2;4;1;1;52;70;0;0
60604;1;2;30;Cooperativa De Aporte Y Creditosu Solucion Cooapcresol;7895642001;2;2;4;1;1;52;65;0;0
60604;1;2;30;Cooperativa De Aporte Y Creditosu Solucion Cooapcresol;7895642001;2;2;4;1;1;52;262;0;0
60604;1;2;30;Cooperativa De Aporte Y Creditosu Solucion Cooapcresol;7895642001;2;2;4;1;1;52;90;0;0
60604;1;2;30;Cooperativa De Aporte Y Creditosu Solucion Cooapcresol;7895642001;2;2;4;1;1;52;284;0;0
60604;1;2;30;Cooperativa De Aporte Y Creditosu Solucion Cooapcresol;7895642001;2;2;4;1;1;52;90;0;0
60604;1;2;30;Cooperativa De Aporte Y Creditosu Solucion Cooapcresol;7895642001;2;2;4;1;1;52;213;0;0
60604;1;2;30;Cooperativa De Aporte Y Creditosu Solucion Cooapcresol;7895642001;2;2;4;1;1;52;199;0;0
60604;1;2;30;Cooperativa De Aporte Y Creditosu Solucion Cooapcresol;7895642001;2;2;4;1;1;52;202;0;0
60604;1;2;30;Cooperativa De Aporte Y Creditosu Solucion Cooapcresol;7895642001;2;2;4;1;1;52;202;0;0
60604;1;2;30;Cooperativa De Aporte Y Creditosu Solucion Cooapcresol;7895642001;2;2;4;1;1;52;202;0;0
60604;1;2;30;Cooperativa De Aporte Y Creditosu Solucion Cooapcresol;7895642001;2;2;4;1;1;52;87;0;0
60604;1;2;30;Cooperativa De Aporte Y Creditosu Solucion Cooapcresol;7895642001;2;2;4;1;1;52;87;0;0
60604;1;2;30;Cooperativa De Aporte Y Creditosu Solucion Cooapcresol;7895642001;2;2;4;1;1;52;497;0;0
60604;1;2;30;Cooperativa De Aporte Y Creditosu Solucion Cooapcresol;7895642001;2;2;4;1;1;52;40;0;0
60604;1;2;30;Cooperativa De Aporte Y Creditosu Solucion Cooapcresol;7895642001;2;2;4;1;1;52;352;0;0
60604;1;2;30;Cooperativa De Aporte Y Creditosu Solucion Cooapcresol;7895642001;2;2;4;1;1;52;352;0;0
60604;1;2;30;Cooperativa De Aporte Y Creditosu Solucion Cooapcresol;7895642001;2;2;4;1;1;52;375;0;0
60604;1;2;30;Cooperativa De Aporte Y Creditosu Solucion Cooapcresol;7895642001;2;2;4;1;1;52;527;0;0
60604;1;2;30;Cooperativa De Aporte Y Creditosu Solucion Cooapcresol;7895642001;2;2;4;1;1;52;250;0;0
60604;1;2;30;Cooperativa De Aporte Y Creditosu Solucion Cooapcresol;7895642001;2;2;4;1;1;52;281;0;0
60604;1;2;30;Cooperativa De Aporte Y Creditosu Solucion Cooapcresol;7895642001;2;2;4;1;1;52;213;0;0
60604;1;2;30;Cooperativa De Aporte Y Creditosu Solucion Cooapcresol;7895642001;2;2;4;1;1;52;430;0;0
60604;1;2;30;Cooperativa De Aporte Y Creditosu Solucion Cooapcresol;7895642001;2;2;4;1;1;52;84;0;0
60604;1;2;30;Cooperativa De Aporte Y Creditosu Solucion Cooapcresol;7895642001;2;2;4;1;1;52;381;0;0
60604;1;2;30;Cooperativa De Aporte Y Creditosu Solucion Cooapcresol;7895642001;2;2;4;1;1;52;16;0;0.01
60604;1;2;30;Cooperativa De Aporte Y Creditosu Solucion Cooapcresol;7895642001;2;2;4;1;1;52;430;0;0
60604;1;2;30;Cooperativa De Aporte Y Creditosu Solucion Cooapcresol;7895642001;2;2;4;1;1;52;84;0;0
60604;1;2;30;Cooperativa De Aporte Y Creditosu Solucion Cooapcresol;7895642001;2;2;4;1;1;52;16;0;0
60604;1;2;30;Cooperativa De Aporte Y Creditosu Solucion Cooapcresol;7895642001;2;2;4;1;1;52;527;0;0
60604;1;2;30;Cooperativa De Aporte Y Creditosu Solucion Cooapcresol;7895642001;2;2;4;1;1;52;375;0;0
60604;1;2;30;Cooperativa De Aporte Y Creditosu Solucion Cooapcresol;7895642001;2;2;4;1;1;52;405;0;0
60604;1;2;30;Cooperativa De Aporte Y Creditosu Solucion Cooapcresol;7895642001;2;2;4;1;1;52;162;0;0
60604;1;2;30;Cooperativa De Aporte Y Creditosu Solucion Cooapcresol;7895642001;2;2;4;1;1;52;18;0;0
60604;1;2;30;Cooperativa De Aporte Y Creditosu Solucion Cooapcresol;7895642001;2;2;4;1;1;52;65;0;0
60604;1;2;30;Cooperativa De Aporte Y Creditosu Solucion Cooapcresol;7895642001;2;2;4;1;1;52;352;0;0
60604;1;2;30;Cooperativa De Aporte Y Creditosu Solucion Cooapcresol;7895642001;2;2;4;1;1;52;383;0;0
60604;1;2;30;Cooperativa De Aporte Y Creditosu Solucion Cooapcresol;7895642001;2;2;4;1;1;52;383;0;0
60604;1;2;30;Cooperativa De Aporte Y Creditosu Solucion Cooapcresol;7895642001;2;2;4;1;1;52;436;0;0
60604;1;2;30;Cooperativa De Aporte Y Creditosu Solucion Cooapcresol;7895642001;2;2;4;1;1;52;449;0;0
60604;1;2;30;Cooperativa De Aporte Y Creditosu Solucion Cooapcresol;7895642001;2;2;4;1;1;52;466;0;0
60604;1;2;30;Cooperativa De Aporte Y Creditosu Solucion Cooapcresol;7895642001;2;2;4;1;1;52;497;0;0
60604;1;2;30;Cooperativa De Aporte Y Creditosu Solucion Cooapcresol;7895642001;2;2;4;1;1;52;436;0;0
60604;1;2;30;Cooperativa De Aporte Y Creditosu Solucion Cooapcresol;7895642001;2;2;4;1;1;52;436;0;0
60604;1;2;30;Cooperativa De Aporte Y Creditosu Solucion Cooapcresol;7895642001;2;2;4;1;1;52;436;0;0
60604;1;2;30;Cooperativa De Aporte Y Creditosu Solucion Cooapcresol;7895642001;2;2;4;1;1;52;132;0;-0.01
60604;1;2;30;Cooperativa De Aporte Y Creditosu Solucion Cooapcresol;7895642001;2;2;4;1;1;52;405;0;0
60604;1;2;30;Cooperativa De Aporte Y Creditosu Solucion Cooapcresol;7895642001;2;2;4;1;1;52;84;0;0
60604;1;2;30;Cooperativa De Aporte Y Creditosu Solucion Cooapcresol;7895642001;2;2;4;1;1;52;436;0;0
60604;1;2;30;Cooperativa De Aporte Y Creditosu Solucion Cooapcresol;7895642001;2;2;4;1;1;52;527;0;0
60604;1;2;30;Cooperativa De Aporte Y Creditosu Solucion Cooapcresol;7895642001;2;2;4;1;1;52;28;0;0
60604;1;2;30;Cooperativa De Aporte Y Creditosu Solucion Cooapcresol;7895642001;2;2;4;1;1;52;398;0;0
60604;1;2;30;Cooperativa De Aporte Y Creditosu Solucion Cooapcresol;7895642001;2;2;4;1;1;52;132;0;0
60604;1;2;30;Cooperativa De Aporte Y Creditosu Solucion Cooapcresol;7895642001;2;2;4;1;1;52;202;0;0
60604;1;2;30;Cooperativa De Aporte Y Creditosu Solucion Cooapcresol;7895642001;2;2;4;1;1;52;132;0;0
60604;1;2;30;Cooperativa De Aporte Y Creditosu Solucion Cooapcresol;7895642001;2;2;4;1;1;52;202;0;0
60604;1;2;30;Cooperativa De Aporte Y Creditosu Solucion Cooapcresol;7895642001;2;2;4;1;1;52;202;0;0
60604;1;2;30;Cooperativa De Aporte Y Creditosu Solucion Cooapcresol;7895642001;2;2;4;1;1;52;277;0;0
60604;1;2;30;Cooperativa De Aporte Y Creditosu Solucion Cooapcresol;7895642001;2;2;4;1;1;52;375;0;0
60604;1;2;30;Cooperativa De Aporte Y Creditosu Solucion Cooapcresol;7895642001;2;2;4;1;1;52;262;0;0
60604;1;2;30;Cooperativa De Aporte Y Creditosu Solucion Cooapcresol;7895642001;2;2;4;1;1;52;276;0;0
60604;1;2;30;Cooperativa De Aporte Y Creditosu Solucion Cooapcresol;7895642001;2;2;4;1;1;52;527;0;-0.01
60604;1;2;30;Cooperativa De Aporte Y Creditosu Solucion Cooapcresol;7895642001;2;2;4;1;1;52;449;0;0
60604;1;2;30;Cooperativa De Aporte Y Creditosu Solucion Cooapcresol;7895642001;2;2;4;1;1;52;449;0;0
60604;1;2;30;Cooperativa De Aporte Y Creditosu Solucion Cooapcresol;7895642001;2;2;4;1;1;52;497;0;0
60604;1;2;30;Cooperativa De Aporte Y Creditosu Solucion Cooapcresol;7895642001;2;2;4;1;1;52;527;0;0
60604;1;2;30;Cooperativa De Aporte Y Creditosu Solucion Cooapcresol;7895642001;2;2;4;1;1;52;546;0;0
60604;1;2;30;Cooperativa De Aporte Y Creditosu Solucion Cooapcresol;7895642001;2;2;4;1;1;52;132;0;-0.01
60604;1;2;30;Cooperativa De Aporte Y Creditosu Solucion Cooapcresol;7895642001;2;2;4;1;1;52;132;0;0
60604;1;2;30;Cooperativa De Aporte Y Creditosu Solucion Cooapcresol;7895642001;2;2;4;1;1;52;449;0;0
60604;1;2;30;Cooperativa De Aporte Y Creditosu Solucion Cooapcresol;7895642001;2;2;4;1;1;52;497;0;0
60604;1;2;30;Cooperativa De Aporte Y Creditosu Solucion Cooapcresol;7895642001;2;2;4;1;1;52;497;0;0
60604;1;2;30;Cooperativa De Aporte Y Creditosu Solucion Cooapcresol;7895642001;2;2;4;1;1;52;527;0;0
60604;1;2;30;Cooperativa De Aporte Y Creditosu Solucion Cooapcresol;7895642001;2;2;4;1;1;52;162;0;0
60604;1;2;30;Cooperativa De Aporte Y Creditosu Solucion Cooapcresol;7895642001;2;2;4;1;1;52;527;0;0
60604;1;2;30;Cooperativa De Aporte Y Creditosu Solucion Cooapcresol;7895642001;2;2;4;1;1;52;515;0;0
60604;1;2;30;Cooperativa Multiactiva De Servicios Comunera;2623282924;2;2;4;1;1;52;29;0;0
60604;1;2;30;Cooperativa Multiactiva De Servicios Comunera;2623282924;2;2;4;1;1;52;1;0;0
60604;1;2;30;Cooperativa Multiactiva De Servicios Comunera;2623282924;2;2;4;1;1;52;1;0;0
60604;1;2;30;Cooperativa Multiactiva De Servicios Comunera;2623282924;2;2;4;1;1;52;1;0;0
60604;1;2;30;Cooperativa Multiactiva De Servicios Comunera;2623282924;2;2;4;1;1;52;146;0;0
60604;1;2;30;Cooperativa Multiactiva De Servicios Comunera;2623282924;2;2;4;1;1;52;135;0;0
60604;1;2;30;Cooperativa Multiactiva De Servicios Comunera;2623282924;2;2;4;1;1;52;135;0;0
60604;1;2;30;Cooperativa Multiactiva De Servicios Comunera;2623282924;2;2;4;1;1;52;530;0;0
60604;1;2;30;Cooperativa Multiactiva De Servicios Comunera;2623282924;2;2;4;1;1;52;228;0;0
60604;1;2;30;Cooperativa Multiactiva De Prestacion De Servicios Ltda. Cooprestar;7789256415;2;2;4;1;1;52;1;0;0
60604;1;2;30;Cooperativa Multiactiva De Prestacion De Servicios Ltda. Cooprestar;7789256415;2;2;4;1;1;52;1;0;0
60604;1;2;30;Cooperativa Multiactiva De Prestacion De Servicios Ltda. Cooprestar;7789256415;2;2;4;1;1;52;135;0;0
60604;1;2;30;Cooperativa Multiactiva De Prestacion De Servicios Ltda. Cooprestar;7789256415;2;2;4;1;1;52;135;0;0
60604;1;2;30;Cooperativa Multiactiva De Prestacion De Servicios Ltda. Cooprestar;7789256415;2;2;4;1;1;52;135;0;0
60604;1;2;30;Cooperativa Multiactiva De Prestacion De Servicios Ltda. Cooprestar;7789256415;2;2;4;1;1;52;530;0;0
60604;1;2;28;Global Datos Nacionales S.A;3692581470;2;2;4;1;2;52;7;0;0
60604;1;2;28;Global Datos Nacionales S.A;3692581470;2;2;4;1;2;52;35;0;0
60604;1;2;28;Global Datos Nacionales S.A;3692581470;2;2;4;1;2;52;66;0;0
60604;1;2;28;Global Datos Nacionales S.A;3692581470;2;2;4;1;2;52;96;0;0
60604;1;2;28;Global Datos Nacionales S.A;3692581470;2;2;4;1;2;52;127;0;0.01
60604;1;2;28;Global Datos Nacionales S.A;3692581470;2;2;4;1;2;52;157;0;0
60604;1;2;28;Global Datos Nacionales S.A;3692581470;2;2;4;1;2;52;188;0;0
60604;1;2;28;Global Datos Nacionales S.A;3692581470;2;2;4;1;2;52;18;0;2816229.94
60604;1;2;28;Global Datos Nacionales S.A;3692581470;2;2;4;1;2;52;46;0;2793731.42
60604;1;2;28;Global Datos Nacionales S.A;3692581470;2;2;4;1;2;52;77;0;2769089.08
60604;1;2;28;Global Datos Nacionales S.A;3692581470;2;2;4;1;2;52;107;0;2745407.71
60604;1;2;28;Global Datos Nacionales S.A;3692581470;2;2;4;1;2;52;138;0;2721214.29
60604;1;2;28;Global Datos Nacionales S.A;3692581470;2;2;4;1;2;52;168;0;2697932.58
60604;1;2;28;Global Datos Nacionales S.A;3692581470;2;2;4;1;2;52;199;0;2674177.68
60604;2;2;0;Banco De Bogota S.A.;8600029644;0;0;0;0;0;0;0;0;11182434.09
60604;2;2;0;Banco De Bogota S.A.;8600029644;0;0;0;0;0;0;0;0;665717.33
60604;2;2;0;Bancolombia S.A.;8909039388;0;0;0;0;0;0;0;0;914396.22
60604;2;2;0;Bancolombia S.A.;8909039388;0;0;0;0;0;0;0;0;2034364.77
60604;2;2;0;Banco De Occidente S.A.;8903002794;0;0;0;0;0;0;0;0;127711.74
60604;2;2;0;Banco De Bogota S.A.;8600029644;0;0;0;0;0;0;0;0;41354413.58
60604;2;2;0;Bancolombia S.A.;8909039388;0;0;0;0;0;0;0;0;302864177.25
60604;2;2;0;Banco De Occidente S.A.;8903002794;0;0;0;0;0;0;0;0;228970877.69
