CÓDIGO DEL FIC;TIPO ACTIVO;VINCULADO AL FONDO;TIPO DE TITULO;EMISOR;NIT;TIPO INVERSION ;TIPO REGISTRO;SISTEMA TRANSACCIONAL;TIPO MONEDA;TIPO SECTOR;CALIFICACION;DIAS AL VTO;DURACIÓN; VPN 
85076226;1;2;10;Ministerio De Hacienda Y Credito Publico;8999990902;2;1;1;1;4;9;1344;0;498300000
85076226;1;2;10;Ministerio De Hacienda Y Credito Publico;8999990902;2;1;1;1;4;9;1050;0;472680000
85076226;1;2;10;Ministerio De Hacienda Y Credito Publico;8999990902;2;1;1;1;4;9;1660;0;580940000
85076226;1;2;10;Ministerio De Hacienda Y Credito Publico;8999990902;2;1;1;1;4;9;3120;0;569100000
85076226;1;2;10;Ministerio De Hacienda Y Credito Publico;8999990902;2;1;1;1;4;9;3120;0;569100000
85076226;2;2;0;Banco De Occidente S.A.;8903002794;0;0;0;0;0;0;0;0;1809599326.88
85076226;2;2;0;Banco Gnb Sudameris S.A.;8600507501;0;0;0;0;0;0;0;0;0
85076226;2;1;0;Banco De Bogota S.A.;8600029644;0;0;0;0;0;0;0;0;0
850762;1;2;3;BANCO POPULAR S.A.;8600077389;2;1;1;1;2;1;135;0;1504065000
850762;1;2;3;BANCO POPULAR S.A.;8600077389;2;1;1;1;2;1;500;0;497540000
850762;1;2;3;BANCO DAVIVIENDA S.A.;8600343137;2;1;1;1;2;1;277;0;2003120000
850762;1;2;3;BANCO DAVIVIENDA S.A.;8600343137;2;1;1;1;2;1;768;0;1925600000
850762;1;2;3;BANCO DAVIVIENDA S.A.;8600343137;2;1;1;1;2;1;39;0;1508880000
850762;1;1;16;BANCO DE BOGOTA S.A.;8600029644;2;1;1;1;2;1;499;0;1989240000
850762;1;1;16;BANCO DE BOGOTA S.A.;8600029644;2;1;1;1;2;1;232;0;1000250000
850762;1;1;16;BANCO DE BOGOTA S.A.;8600029644;2;1;1;1;2;1;51;0;1002790000
850762;1;1;16;BANCO DE BOGOTA S.A.;8600029644;2;1;1;1;2;1;235;0;1999300000
850762;1;1;16;BANCO DE BOGOTA S.A.;8600029644;2;1;1;1;2;1;243;0;2994180000
850762;1;1;16;BANCO DE BOGOTA S.A.;8600029644;2;1;1;1;2;1;246;0;1002950000
850762;1;1;16;BANCO DE BOGOTA S.A.;8600029644;2;1;1;1;2;1;444;0;1985260000
850762;1;1;16;BANCO DE BOGOTA S.A.;8600029644;2;1;1;1;2;1;263;0;1996340000
850762;1;1;16;BANCO DE BOGOTA S.A.;8600029644;2;1;1;1;2;1;306;0;2000880000
850762;1;1;16;BANCO DE BOGOTA S.A.;8600029644;2;1;1;1;2;1;401;0;2493500000
850762;1;1;16;BANCO DE BOGOTA S.A.;8600029644;2;1;1;1;2;1;204;0;3059310000
850762;1;1;16;BANCO DE BOGOTA S.A.;8600029644;2;1;1;1;2;1;218;0;2003500000
850762;1;1;16;BANCO DE BOGOTA S.A.;8600029644;2;1;1;1;2;1;402;0;986020000
850762;1;1;16;BANCO DE BOGOTA S.A.;8600029644;2;1;1;1;2;1;230;0;1998860000
850762;1;1;16;BANCO DE BOGOTA S.A.;8600029644;2;1;1;1;2;1;233;0;1997680000
850762;1;1;16;BANCO DE BOGOTA S.A.;8600029644;2;1;1;1;2;1;304;0;1983880000
850762;1;2;16;BANCOLOMBIA S.A.;8909039388;2;1;1;1;2;1;13;0;502010000
850762;1;2;16;BANCOLOMBIA S.A.;8909039388;2;1;1;1;2;1;170;0;1011700000
850762;1;2;16;BANCOLOMBIA S.A.;8909039388;2;1;1;1;2;1;170;0;1011700000
850762;1;2;16;BANCOLOMBIA S.A.;8909039388;2;1;1;1;2;1;107;0;1021790000
850762;1;2;16;BANCOLOMBIA S.A.;8909039388;2;1;1;1;2;1;256;0;505965000
850762;1;2;16;BANCOLOMBIA S.A.;8909039388;2;1;1;1;2;1;96;0;1023940000
850762;1;2;16;BANCOLOMBIA S.A.;8909039388;2;1;1;1;2;1;109;0;510695000
850762;1;2;16;BANCOLOMBIA S.A.;8909039388;2;1;1;1;2;1;158;0;1013150000
850762;1;2;16;BANCOLOMBIA S.A.;8909039388;2;1;1;1;2;1;267;0;1009390000
850762;1;2;16;BANCOLOMBIA S.A.;8909039388;2;1;1;1;2;1;262;0;1503870000
850762;1;2;16;BANCOLOMBIA S.A.;8909039388;2;1;1;1;2;1;41;0;2022820000
850762;1;2;16;BANCOLOMBIA S.A.;8909039388;2;1;1;1;2;1;29;0;1014870000
850762;1;2;16;BANCOLOMBIA S.A.;8909039388;2;1;1;1;2;1;219;0;2028320000
850762;1;2;16;BANCOLOMBIA S.A.;8909039388;2;1;1;1;2;1;227;0;3000030000
850762;1;2;16;BANCOLOMBIA S.A.;8909039388;2;1;1;1;2;1;213;0;2005440000
850762;1;2;16;Bbva Colombia S.A.;8600030201;2;1;1;1;2;1;124;0;1006720000
850762;1;2;16;Bbva Colombia S.A.;8600030201;2;1;1;1;2;1;86;0;1000680000
850762;1;2;16;Bbva Colombia S.A.;8600030201;2;1;1;1;2;1;86;0;1000680000
850762;1;2;16;Bbva Colombia S.A.;8600030201;2;1;1;1;2;1;87;0;1000510000
850762;1;2;16;Bbva Colombia S.A.;8600030201;2;1;1;1;2;1;492;0;1494075000
850762;1;2;16;Bbva Colombia S.A.;8600030201;2;1;1;1;2;1;415;0;1003940000
850762;1;2;16;Bbva Colombia S.A.;8600030201;2;1;1;1;2;1;459;0;501595000
850762;1;2;16;Bbva Colombia S.A.;8600030201;2;1;1;1;2;1;374;0;1996060000
850762;1;2;16;Bbva Colombia S.A.;8600030201;2;1;1;1;2;1;573;0;991890000
850762;1;2;16;Bbva Colombia S.A.;8600030201;2;1;1;1;2;1;10;0;1004520000
850762;1;2;16;Bbva Colombia S.A.;8600030201;2;1;1;1;2;1;257;0;1000080000
850762;1;2;16;Bbva Colombia S.A.;8600030201;2;1;1;1;2;1;252;0;1001070000
850762;1;2;16;Bbva Colombia S.A.;8600030201;2;1;1;1;2;1;464;0;198646000
850762;1;2;16;Bbva Colombia S.A.;8600030201;2;1;1;1;2;1;208;0;1008260000
850762;1;2;16;Bbva Colombia S.A.;8600030201;2;1;1;1;2;1;208;0;2017920000
850762;1;2;16;Bbva Colombia S.A.;8600030201;2;1;1;1;2;1;185;0;1010200000
850762;1;2;16;Bbva Colombia S.A.;8600030201;2;1;1;1;2;1;185;0;1010200000
850762;1;2;16;Bbva Colombia S.A.;8600030201;2;1;1;1;2;1;438;0;494030000
850762;1;2;16;Bbva Colombia S.A.;8600030201;2;1;1;1;2;1;72;0;2005700000
850762;1;2;16;Banco Corpbanca Colombia S.A;8909039370;2;1;1;1;2;1;177;0;1000000000
850762;1;2;16;Banco Corpbanca Colombia S.A;8909039370;2;1;1;1;2;1;62;0;1005690000
850762;1;2;16;Banco Corpbanca Colombia S.A;8909039370;2;1;1;1;2;1;84;0;1002010000
850762;1;2;16;Banco Corpbanca Colombia S.A;8909039370;2;1;1;1;2;1;73;0;501950000
850762;1;2;16;Banco Corpbanca Colombia S.A;8909039370;2;1;1;1;2;1;112;0;2001880000
850762;1;2;16;Banco Corpbanca Colombia S.A;8909039370;2;1;1;1;2;1;84;0;1001010000
850762;1;2;16;Banco Corpbanca Colombia S.A;8909039370;2;1;1;1;2;1;449;0;992150000
850762;1;2;16;Banco Corpbanca Colombia S.A;8909039370;2;1;1;1;2;1;458;0;995700000
850762;1;2;16;Banco Corpbanca Colombia S.A;8909039370;2;1;1;1;2;1;458;0;498165000
850762;1;2;16;Banco Corpbanca Colombia S.A;8909039370;2;1;1;1;2;1;100;0;1002130000
850762;1;2;16;Banco Corpbanca Colombia S.A;8909039370;2;1;1;1;2;1;108;0;1000400000
850762;1;2;16;Banco Corpbanca Colombia S.A;8909039370;2;1;1;1;2;1;143;0;999000000
850762;1;2;16;Banco Corpbanca Colombia S.A;8909039370;2;1;1;1;2;1;364;0;511785000
850762;1;2;16;Banco Corpbanca Colombia S.A;8909039370;2;1;1;1;2;1;397;0;518205000
850762;1;2;16;Banco Corpbanca Colombia S.A;8909039370;2;1;1;1;2;1;93;0;1523205000
850762;1;2;16;Banco Corpbanca Colombia S.A;8909039370;2;1;1;1;2;1;61;0;501240000
850762;1;2;16;Banco Corpbanca Colombia S.A;8909039370;2;1;1;1;2;1;3;0;2024540000
850762;1;2;16;Banco Corpbanca Colombia S.A;8909039370;2;1;1;1;2;1;50;0;1003750000
850762;1;2;16;Banco Corpbanca Colombia S.A;8909039370;2;1;1;1;2;1;77;0;2146980000
850762;1;2;16;Banco Corpbanca Colombia S.A;8909039370;2;1;1;1;2;1;115;0;2015620000
850762;1;2;16;Banco Corpbanca Colombia S.A;8909039370;2;1;1;1;2;1;232;0;3032670000
850762;1;2;16;Banco Santander De Negocios Colombia S.A.;9006281103;2;1;1;1;2;11;46;0;2086300000
850762;1;2;16;Banco Santander De Negocios Colombia S.A.;9006281103;2;1;1;1;2;11;46;0;2086300000
850762;1;2;16;Corporacion Financiera Colombiana S.A.;8903006536;2;1;1;1;2;1;113;0;2005560000
850762;1;2;16;Corporacion Financiera Colombiana S.A.;8903006536;2;1;1;1;2;1;311;0;999550000
850762;1;2;16;Corporacion Financiera Colombiana S.A.;8903006536;2;1;1;1;2;1;502;0;992020000
850762;1;2;16;Corporacion Financiera Colombiana S.A.;8903006536;2;1;1;1;2;1;396;0;505745000
850762;1;2;16;Banco Colpatria Multibanca Colpatria S.A.;8600345941;2;1;1;1;2;1;492;0;998080000
850762;1;2;16;Banco Colpatria Multibanca Colpatria S.A.;8600345941;2;1;1;1;2;1;64;0;1005540000
850762;1;2;16;Banco Colpatria Multibanca Colpatria S.A.;8600345941;2;1;1;1;2;1;178;0;1999600000
850762;1;2;16;Banco Colpatria Multibanca Colpatria S.A.;8600345941;2;1;1;1;2;1;178;0;999800000
850762;1;2;16;Banco Colpatria Multibanca Colpatria S.A.;8600345941;2;1;1;1;2;1;634;0;513250000
850762;1;2;16;Banco Colpatria Multibanca Colpatria S.A.;8600345941;2;1;1;1;2;1;260;0;1993400000
850762;1;2;16;Banco Colpatria Multibanca Colpatria S.A.;8600345941;2;1;1;1;2;1;260;0;1993400000
850762;1;2;16;Banco Colpatria Multibanca Colpatria S.A.;8600345941;2;1;1;1;2;1;395;0;987660000
850762;1;2;16;Banco Colpatria Multibanca Colpatria S.A.;8600345941;2;1;1;1;2;1;2;0;2024860000
850762;1;2;16;BANCO DAVIVIENDA S.A.;8600343137;2;1;1;1;2;1;151;0;999290000
850762;1;2;16;BANCO DAVIVIENDA S.A.;8600343137;2;1;1;1;2;1;151;0;499645000
850762;1;2;16;BANCO DAVIVIENDA S.A.;8600343137;2;1;1;1;2;1;151;0;999290000
850762;1;2;16;BANCO DAVIVIENDA S.A.;8600343137;2;1;1;1;2;1;150;0;999470000
850762;1;2;16;BANCO DAVIVIENDA S.A.;8600343137;2;1;1;1;2;1;152;0;1004580000
850762;1;2;16;BANCO DAVIVIENDA S.A.;8600343137;2;1;1;1;2;1;152;0;1004580000
850762;1;2;16;BANCO DAVIVIENDA S.A.;8600343137;2;1;1;1;2;1;59;0;500660000
850762;1;2;16;BANCO DAVIVIENDA S.A.;8600343137;2;1;1;1;2;1;465;0;993050000
850762;1;2;16;BANCO DAVIVIENDA S.A.;8600343137;2;1;1;1;2;1;123;0;1002790000
850762;1;2;16;BANCO DAVIVIENDA S.A.;8600343137;2;1;1;1;2;1;41;0;1004370000
850762;1;2;16;BANCO DAVIVIENDA S.A.;8600343137;2;1;1;1;2;1;236;0;507985000
850762;1;2;16;BANCO DAVIVIENDA S.A.;8600343137;2;1;1;1;2;1;304;0;1535160000
850762;1;2;16;BANCO DAVIVIENDA S.A.;8600343137;2;1;1;1;2;1;313;0;1018930000
850762;1;2;16;BANCO DAVIVIENDA S.A.;8600343137;2;1;1;1;2;1;303;0;1023190000
850762;1;2;16;BANCO DAVIVIENDA S.A.;8600343137;2;1;1;1;2;1;205;0;509320000
850762;1;2;16;BANCO DAVIVIENDA S.A.;8600343137;2;1;1;1;2;1;50;0;1010930000
850762;1;2;16;BANCO DAVIVIENDA S.A.;8600343137;2;1;1;1;2;1;231;0;2025520000
850762;1;2;16;BANCO DAVIVIENDA S.A.;8600343137;2;1;1;1;2;1;40;0;1011700000
850762;1;2;16;BANCO DAVIVIENDA S.A.;8600343137;2;1;1;1;2;1;317;0;1048880000
850762;1;2;16;BANCO DAVIVIENDA S.A.;8600343137;2;1;1;1;2;1;134;0;1004000000
850762;1;2;16;BANCO DAVIVIENDA S.A.;8600343137;2;1;1;1;2;1;142;0;1002000000
850762;1;2;16;BANCO DAVIVIENDA S.A.;8600343137;2;1;1;1;2;1;52;0;1003390000
850762;1;2;16;BANCO DAVIVIENDA S.A.;8600343137;2;1;1;1;2;1;136;0;1505430000
850762;1;2;16;BANCO DAVIVIENDA S.A.;8600343137;2;1;1;1;2;1;127;0;1004850000
850762;1;2;16;Financiera De Desarrollo Territorial S.A. Findeter;8000963291;2;1;1;1;2;1;41;0;503195000
850762;1;2;16;Financiera De Desarrollo Territorial S.A. Findeter;8000963291;2;1;1;1;2;1;41;0;1006390000
850762;1;2;16;Financiera De Desarrollo Territorial S.A. Findeter;8000963291;2;1;1;1;2;1;224;0;1004120000
850762;1;2;16;Financiera De Desarrollo Territorial S.A. Findeter;8000963291;2;1;1;1;2;1;44;0;2010280000
850762;1;2;16;Financiera De Desarrollo Territorial S.A. Findeter;8000963291;2;1;1;1;2;1;44;0;1005140000
850762;1;2;16;Financiera De Desarrollo Territorial S.A. Findeter;8000963291;2;1;1;1;2;1;44;0;1005140000
850762;1;2;16;Financiera De Desarrollo Territorial S.A. Findeter;8000963291;2;1;1;1;2;1;12;0;1505520000
850762;1;2;16;Financiera De Desarrollo Territorial S.A. Findeter;8000963291;2;1;1;1;2;1;558;0;1565115000
850762;1;2;16;Leasing Bancoldex S.A. Compañia De Financiamiento;8002253859;2;1;1;1;2;1;144;0;1001660000
850762;1;2;16;Leasing Bancoldex S.A. Compañia De Financiamiento;8002253859;2;1;1;1;2;1;113;0;510505000
850762;1;2;16;Leasing Bancolombia S.A. C.F.;8600592943;2;1;1;1;2;1;134;0;2008840000
850762;1;2;16;Leasing Bancolombia S.A. C.F.;8600592943;2;1;1;1;2;1;134;0;502210000
850762;1;2;16;Leasing Bancolombia S.A. C.F.;8600592943;2;1;1;1;2;1;134;0;1004420000
850762;1;2;16;Leasing Bancolombia S.A. C.F.;8600592943;2;1;1;1;2;1;87;0;1003600000
850762;1;2;16;Leasing Bancolombia S.A. C.F.;8600592943;2;1;1;1;2;1;404;0;2507300000
850762;1;2;16;Leasing Bancolombia S.A. C.F.;8600592943;2;1;1;1;2;1;20;0;4141200000
850762;1;2;16;Leasing Bancolombia S.A. C.F.;8600592943;2;1;1;1;2;1;108;0;2015260000
850762;1;2;16;Leasing Bancolombia S.A. C.F.;8600592943;2;1;1;1;2;1;41;0;1031620000
850762;1;2;16;LEASING CORFICOLOMBIANA S.A.;8000247028;2;1;1;1;2;1;63;0;1006260000
850762;1;2;16;LEASING CORFICOLOMBIANA S.A.;8000247028;2;1;1;1;2;1;65;0;502970000
850762;1;2;16;LEASING CORFICOLOMBIANA S.A.;8000247028;2;1;1;1;2;1;458;0;1000740000
850762;1;2;16;LEASING CORFICOLOMBIANA S.A.;8000247028;2;1;1;1;2;1;472;0;1995940000
850762;1;2;16;LEASING CORFICOLOMBIANA S.A.;8000247028;2;1;1;1;2;1;505;0;997430000
850762;1;2;16;Banco Av Villas S.A.;8600358275;2;1;1;1;2;1;121;0;1006440000
850762;1;2;16;Compañia De Financiamiento Tuya Sa;8600323303;2;1;1;1;2;11;514;0;1000500000
850762;1;2;16;Compañia De Financiamiento Tuya Sa;8600323303;2;1;1;1;2;18;240;0;498890000
850762;1;2;16;Compañia De Financiamiento Tuya Sa;8600323303;2;1;1;1;2;1;73;0;1500330000
850762;1;2;10;Ministerio De Hacienda Y Credito Publico;8999990902;2;1;1;1;4;9;161;0;1045010000
850762;1;2;10;Ministerio De Hacienda Y Credito Publico;8999990902;2;1;1;1;4;9;161;0;4180040000
850762;1;2;10;Ministerio De Hacienda Y Credito Publico;8999990902;2;1;1;1;4;9;161;0;4702545000
850762;1;2;10;Ministerio De Hacienda Y Credito Publico;8999990902;2;1;1;1;4;9;161;0;5747555000
850762;1;2;10;Ministerio De Hacienda Y Credito Publico;8999990902;2;1;1;1;4;9;161;0;3135030000
850762;1;2;10;Ministerio De Hacienda Y Credito Publico;8999990902;2;1;1;1;4;9;161;0;5225050000
850762;1;2;10;Ministerio De Hacienda Y Credito Publico;8999990902;2;1;1;1;4;9;161;0;5225050000
850762;1;2;9;Ministerio De Hacienda Y Credito Publico;8999990902;2;1;1;1;4;9;7;0;61714797.87
850762;2;2;0;Banco Av Villas S.A.;8600358275;0;0;0;0;0;0;0;0;38128.28
850762;2;2;0;Bbva Colombia S.A.;8600030201;0;0;0;0;0;0;0;0;1248334.25
850762;2;2;0;Citibank Colombia S.A.;8600511354;0;0;0;0;0;0;0;0;3443016.78
850762;2;2;0;Banco Davivienda S.A.;8600343137;0;0;0;0;0;0;0;0;872480.4
850762;2;2;0;Banco De Occidente S.A.;8903002794;0;0;0;0;0;0;0;0;2000000
850762;2;2;0;Banco Colpatria Multibanca Colpatria S.A.;8600345941;0;0;0;0;0;0;0;0;1103812.75
850762;2;2;0;Banco Popular S.A.;8600077389;0;0;0;0;0;0;0;0;0
850762;2;2;0;Banco Corpbanca Colombia S.A;8909039370;0;0;0;0;0;0;0;0;1923280.2
850762;2;2;0;Banco Agrario De Colombia S.A;8000378008;0;0;0;0;0;0;0;0;1662574.07
850762;2;2;0;Banco De Occidente S.A.;8903002794;0;0;0;0;0;0;0;0;23852948989.86
850762;2;2;0;Banco Av Villas S.A.;8600358275;0;0;0;0;0;0;0;0;30666137821.38
850762;2;2;0;Bancolombia S.A.;8909039388;0;0;0;0;0;0;0;0;3802446726.12
850762;2;1;0;Banco De Bogota S.A.;8600029644;0;0;0;0;0;0;0;0;32304461620.61
850762;2;2;0;Banco Popular S.A.;8600077389;0;0;0;0;0;0;0;0;0
850762;2;2;0;Bbva Colombia S.A.;8600030201;0;0;0;0;0;0;0;0;12038787.26
850762;2;2;0;Banco Colpatria Multibanca Colpatria S.A.;8600345941;0;0;0;0;0;0;0;0;303263069.07
850762;2;2;0;Banco Davivienda S.A.;8600343137;0;0;0;0;0;0;0;0;9544580542
850762;2;2;0;Banco Corpbanca Colombia S.A;8909039370;0;0;0;0;0;0;0;0;1675330.21
850762;2;2;0;Banco Agrario De Colombia S.A;8000378008;0;0;0;0;0;0;0;0;109025403.43
850762;2;2;0;Banco Gnb Sudameris S.A.;8600507501;0;0;0;0;0;0;0;0;33421538335.21
850762;2;2;0;Corporacion Financiera Colombiana S.A.;8903006536;0;0;0;0;0;0;0;0;688920198.91
850762;2;2;0;Banco Gnb Sudameris S.A.;8600507501;0;0;0;0;0;0;0;0;1206807.11
850762;2;2;0;HELM BANK;8600076603;0;0;0;0;0;0;0;0;882987.32
850762;2;2;0;HELM BANK;8600076603;0;0;0;0;0;0;0;0;9043076273.96
850762;2;2;0;Banco Gnb Sudameris S.A.;8600507501;0;0;0;0;0;0;0;0;1501464.58
850762;2;2;0;BANCO CAJA SOCIAL;8600073354;0;0;0;0;0;0;0;0;1424084.25
850762;2;2;0;BANCO CAJA SOCIAL;8600073354;0;0;0;0;0;0;0;0;105540374.55
850762;2;2;0;Banco Gnb Sudameris S.A.;8600507501;0;0;0;0;0;0;0;0;1208525.19
850762;2;2;0;Banco Pichincha S.A.;8902007567;0;0;0;0;0;0;0;0;20360174878.42
850762;2;2;0;Banco Pichincha S.A.;8902007567;0;0;0;0;0;0;0;0;950000
850762;2;2;0;Corporacion Financiera Colombiana S.A.;8903006536;0;0;0;0;0;0;0;0;0
850762;2;1;0;Banco De Bogota S.A.;8600029644;0;0;0;0;0;0;0;0;1658949.67
850762;2;2;0;Bancolombia S.A.;8909039388;0;0;0;0;0;0;0;0;1225508.56
850762;2;2;0;Banco Santander De Negocios Colombia S.A.;9006281103;0;0;0;0;0;0;0;0;31379100116.26
850762;2;2;0;Banco Santander De Negocios Colombia S.A.;9006281103;0;0;0;0;0;0;0;0;1820000
850762;2;2;0;Banco Popular S.A.;8600077389;0;0;0;0;0;0;0;0;5310782216.35
850762;2;2;0;Banco Popular S.A.;8600077389;0;0;0;0;0;0;0;0;1483333.78
850762;2;2;0;Banco Cooperativo Coopcentral;8902030889;0;0;0;0;0;0;0;0;183358747.67
850762;2;2;0;Banco Cooperativo Coopcentral;8902030889;0;0;0;0;0;0;0;0;1000000
85076219;1;2;3;BANCOLOMBIA S.A.;8909039388;2;1;1;1;2;1;933;0;523725000
85076219;1;2;3;BANCOLOMBIA S.A.;8909039388;2;1;1;1;2;1;1280;0;560865000
85076219;1;2;3;BANCO DE OCCIDENTE S.A.;8903002794;2;1;1;1;2;1;144;0;1001730000
85076219;1;2;3;Citibank Colombia S.A.;8600511354;2;1;1;1;2;1;171;0;514260000
85076219;1;2;3;BANCO DAVIVIENDA S.A.;8600343137;2;1;1;1;2;1;495;0;497660000
85076219;1;2;3;BANCO DAVIVIENDA S.A.;8600343137;2;1;1;1;2;1;277;0;1001560000
85076219;1;2;3;BANCO FALABELLA S.A.;9000479818;2;1;1;1;2;1;469;0;521760000
85076219;1;2;3;BANCO FALABELLA S.A.;9000479818;2;1;1;1;2;1;469;0;521760000
85076219;1;2;3;BANCO FALABELLA S.A.;9000479818;2;1;1;1;2;1;469;0;521760000
85076219;1;2;3;Leasing Bancolombia S.A. C.F.;8600592943;2;1;1;1;2;1;2149;0;512595000
85076219;1;2;3;Leasing Bancolombia S.A. C.F.;8600592943;2;1;1;1;2;1;1532;0;1972880000
85076219;1;2;3;Leasing Bancolombia S.A. C.F.;8600592943;2;1;1;1;2;1;1686;0;496960000
85076219;1;1;16;BANCO DE BOGOTA S.A.;8600029644;2;1;1;1;2;1;487;0;1990060000
85076219;1;1;16;BANCO DE BOGOTA S.A.;8600029644;2;1;1;1;2;1;304;0;1983880000
85076219;1;2;16;BANCOLOMBIA S.A.;8909039388;2;1;1;1;2;1;747;0;1017170000
85076219;1;2;16;BANCOLOMBIA S.A.;8909039388;2;1;1;1;2;1;837;0;1933460000
85076219;1;2;16;Banco De Comercio Ext. De Colombia S.A. Bancoldex;8001499236;2;1;1;1;2;1;795;0;1523655000
85076219;1;2;16;Bbva Colombia S.A.;8600030201;2;1;1;1;2;11;739;0;1047690000
85076219;1;2;16;Bbva Colombia S.A.;8600030201;2;1;1;1;2;11;1111;0;509225000
85076219;1;2;16;Bbva Colombia S.A.;8600030201;2;1;1;1;2;11;1134;0;2524875000
85076219;1;2;16;Banco Corpbanca Colombia S.A;8909039370;2;1;1;1;2;1;458;0;1493550000
85076219;1;2;16;Banco Corpbanca Colombia S.A;8909039370;2;1;1;1;2;1;473;0;992580000
85076219;1;2;16;Banco Corpbanca Colombia S.A;8909039370;2;1;1;1;2;1;364;0;511785000
85076219;1;2;16;Banco Corpbanca Colombia S.A;8909039370;2;1;1;1;2;1;458;0;1481670000
85076219;1;2;16;Corporacion Financiera Colombiana S.A.;8903006536;2;1;1;1;2;1;502;0;992020000
85076219;1;2;16;BANCO DAVIVIENDA S.A.;8600343137;2;1;1;1;2;1;236;0;1015970000
85076219;1;2;16;BANCO DAVIVIENDA S.A.;8600343137;2;1;1;1;2;1;324;0;1017330000
85076219;1;2;16;BANCO DAVIVIENDA S.A.;8600343137;2;1;1;1;2;1;865;0;957760000
85076219;1;2;16;Financiera De Desarrollo Territorial S.A. Findeter;8000963291;2;1;1;1;2;1;771;0;511010000
85076219;1;2;16;Leasing Bancolombia S.A. C.F.;8600592943;2;1;1;1;2;1;315;0;516080000
85076219;1;2;16;LEASING CORFICOLOMBIANA S.A.;8000247028;2;1;1;1;2;1;145;0;1503150000
85076219;2;2;0;Banco De Occidente S.A.;8903002794;0;0;0;0;0;0;0;0;4200175594.88
85076219;2;2;0;Banco Gnb Sudameris S.A.;8600507501;0;0;0;0;0;0;0;0;0
85076219;2;1;0;Banco De Bogota S.A.;8600029644;0;0;0;0;0;0;0;0;0
85076216;1;2;34;BANCOLOMBIA S.A.;8909039388;2;1;1;1;2;45;1;0;68382000
85076216;1;2;34;BANCOLOMBIA S.A.;8909039388;2;1;1;1;2;45;1;0;243252000
85076216;1;2;34;BANCOLOMBIA S.A.;8909039388;2;1;1;1;2;45;1;0;129351600
85076216;1;2;34;BANCOLOMBIA S.A.;8909039388;2;1;1;1;2;45;1;0;152424000
85076216;1;2;34;BANCOLOMBIA S.A.;8909039388;2;1;1;1;2;45;1;0;626400000
85076216;1;2;34;BANCOLOMBIA S.A.;8909039388;2;1;1;1;2;45;1;0;187920000
85076216;1;2;34;BANCOLOMBIA S.A.;8909039388;2;1;1;1;2;45;1;0;250560000
85076216;1;2;34;BANCOLOMBIA S.A.;8909039388;2;1;1;1;2;45;1;0;48796560
85076216;1;2;34;BANCOLOMBIA S.A.;8909039388;2;1;1;1;2;45;1;0;65604960
85076216;1;2;34;BANCOLOMBIA S.A.;8909039388;2;1;1;1;2;45;1;0;86130000
85076216;1;2;34;BANCOLOMBIA S.A.;8909039388;2;1;1;1;2;45;1;0;125280000
85076216;1;2;34;BANCOLOMBIA S.A.;8909039388;2;1;1;1;2;45;1;0;208632960
85076216;1;2;34;BANCOLOMBIA S.A.;8909039388;2;1;1;1;2;45;1;0;208800000
85076216;1;2;34;BANCOLOMBIA S.A.;8909039388;2;1;1;1;2;45;1;0;83520000
85076216;1;2;34;BANCOLOMBIA S.A.;8909039388;2;1;1;1;2;45;1;0;70992000
85076216;1;2;34;BANCOLOMBIA S.A.;8909039388;2;1;1;1;2;45;1;0;83457360
85076216;1;2;34;BANCOLOMBIA S.A.;8909039388;2;1;1;1;2;45;1;0;104400000
85076216;1;2;34;BANCOLOMBIA S.A.;8909039388;2;1;1;1;2;45;1;0;480240
85076216;1;2;34;BANCOLOMBIA S.A.;8909039388;2;1;1;1;2;45;1;0;30338640
85076216;1;2;34;BANCOLOMBIA S.A.;8909039388;2;1;1;1;2;45;1;0;31821120
85076216;1;2;34;BANCOLOMBIA S.A.;8909039388;2;1;1;1;2;45;1;0;41760000
85076216;1;1;34;BANCO DE BOGOTA S.A.;8600029644;2;1;1;1;2;45;1;0;14514000
85076216;1;1;34;BANCO DE BOGOTA S.A.;8600029644;2;1;1;1;2;45;1;0;134874000
85076216;1;1;34;BANCO DE BOGOTA S.A.;8600029644;2;1;1;1;2;45;1;0;133930000
85076216;1;1;34;BANCO DE BOGOTA S.A.;8600029644;2;1;1;1;2;45;1;0;188092000
85076216;1;2;34;Celsia S.A. E.S.P.;8110303227;2;1;1;1;1;45;1;0;20388000
85076216;1;2;34;Celsia S.A. E.S.P.;8110303227;2;1;1;1;1;45;1;0;150000000
85076216;1;2;34;Celsia S.A. E.S.P.;8110303227;2;1;1;1;1;45;1;0;150000000
85076216;1;2;34;CEMENTOS ARGOS S.A.;8901002510;2;1;1;1;1;45;1;0;10878780
85076216;1;2;34;CEMENTOS ARGOS S.A.;8901002510;2;1;1;1;1;45;1;0;18865260
85076216;1;2;34;CEMENTOS ARGOS S.A.;8901002510;2;1;1;1;1;45;1;0;27990000
85076216;1;2;34;CEMENTOS ARGOS S.A.;8901002510;2;1;1;1;1;45;1;0;37320000
85076216;1;2;34;CEMENTOS ARGOS S.A.;8901002510;2;1;1;1;1;45;1;0;46650000
85076216;1;2;34;CEMENTOS ARGOS S.A.;8901002510;2;1;1;1;1;45;1;0;18660000
85076216;1;2;34;CEMENTOS ARGOS S.A.;8901002510;2;1;1;1;1;45;1;0;18660000
85076216;1;2;34;CEMENTOS ARGOS S.A.;8901002510;2;1;1;1;1;45;1;0;19145160
85076216;1;2;34;CEMENTOS ARGOS S.A.;8901002510;2;1;1;1;1;45;1;0;27504840
85076216;1;2;34;CEMENTOS ARGOS S.A.;8901002510;2;1;1;1;1;45;1;0;18660000
85076216;1;2;34;CEMENTOS ARGOS S.A.;8901002510;2;1;1;1;1;45;1;0;46650000
85076216;1;2;34;CEMENTOS ARGOS S.A.;8901002510;2;1;1;1;1;45;1;0;46650000
85076216;1;2;34;CEMENTOS ARGOS S.A.;8901002510;2;1;1;1;1;45;1;0;83970000
85076216;1;2;34;CEMENTOS ARGOS S.A.;8901002510;2;1;1;1;1;45;1;0;122922750
85076216;1;2;34;CEMENTOS ARGOS S.A.;8901002510;2;1;1;1;1;45;1;0;146481000
85076216;1;2;34;CEMENTOS ARGOS S.A.;8901002510;2;1;1;1;1;45;1;0;20852550
85076216;1;2;34;CEMENTOS ARGOS S.A.;8901002510;2;1;1;1;1;45;1;0;23325000
85076216;1;2;34;CEMENTOS ARGOS S.A.;8901002510;2;1;1;1;1;45;1;0;65310000
85076216;1;2;34;CEMENTOS ARGOS S.A.;8901002510;2;1;1;1;1;45;1;0;93300000
85076216;1;2;34;CEMENTOS ARGOS S.A.;8901002510;2;1;1;1;1;45;1;0;93300000
85076216;1;2;34;Corporacion Financiera Colombiana S.A.;8903006536;2;1;1;1;2;45;1;0;108633600
85076216;1;2;34;Corporacion Financiera Colombiana S.A.;8903006536;2;1;1;1;2;45;1;0;275366400
85076216;1;2;34;Corporacion Financiera Colombiana S.A.;8903006536;2;1;1;1;2;45;1;0;11481600
85076216;1;2;34;Corporacion Financiera Colombiana S.A.;8903006536;2;1;1;1;2;45;1;0;16012800
85076216;1;2;34;Corporacion Financiera Colombiana S.A.;8903006536;2;1;1;1;2;45;1;0;38400000
85076216;1;2;34;Corporacion Financiera Colombiana S.A.;8903006536;2;1;1;1;2;45;1;0;38400000
85076216;1;2;34;Corporacion Financiera Colombiana S.A.;8903006536;2;1;1;1;2;45;1;0;40704000
85076216;1;2;34;Corporacion Financiera Colombiana S.A.;8903006536;2;1;1;1;2;45;1;0;47001600
85076216;1;2;34;Corporacion Financiera Colombiana S.A.;8903006536;2;1;1;1;2;45;1;0;2172840
85076216;1;2;34;Corporacion Financiera Colombiana S.A.;8903006536;2;1;1;1;2;45;1;0;152480000
85076216;1;2;34;Corporacion Financiera Colombiana S.A.;8903006536;2;1;1;1;2;45;1;0;137232000
85076216;1;2;34;Corporacion Financiera Colombiana S.A.;8903006536;2;1;1;1;2;45;1;0;175352000
85076216;1;2;34;Ecopetrol S.A.;8999990681;2;1;1;1;1;45;1;0;24979955
85076216;1;2;34;Ecopetrol S.A.;8999990681;2;1;1;1;1;45;1;0;3582670
85076216;1;2;34;Ecopetrol S.A.;8999990681;2;1;1;1;1;45;1;0;21700000
85076216;1;2;34;Ecopetrol S.A.;8999990681;2;1;1;1;1;45;1;0;35609700
85076216;1;2;34;Ecopetrol S.A.;8999990681;2;1;1;1;1;45;1;0;26386115
85076216;1;2;34;Ecopetrol S.A.;8999990681;2;1;1;1;1;45;1;0;21700000
85076216;1;2;34;Ecopetrol S.A.;8999990681;2;1;1;1;1;45;1;0;21700000
85076216;1;2;34;Ecopetrol S.A.;8999990681;2;1;1;1;1;45;1;0;21700000
85076216;1;2;34;Ecopetrol S.A.;8999990681;2;1;1;1;1;45;1;0;32550000
85076216;1;2;34;Ecopetrol S.A.;8999990681;2;1;1;1;1;45;1;0;54184900
85076216;1;2;34;Ecopetrol S.A.;8999990681;2;1;1;1;1;45;1;0;32550000
85076216;1;2;34;Ecopetrol S.A.;8999990681;2;1;1;1;1;45;1;0;32550000
85076216;1;2;34;Ecopetrol S.A.;8999990681;2;1;1;1;1;45;1;0;35805000
85076216;1;2;34;Ecopetrol S.A.;8999990681;2;1;1;1;1;45;1;0;37975000
85076216;1;2;34;Ecopetrol S.A.;8999990681;2;1;1;1;1;45;1;0;53707500
85076216;1;2;34;Ecopetrol S.A.;8999990681;2;1;1;1;1;45;1;0;69440000
85076216;1;2;34;EMPRESA DE ENERGIA DE BOGOTA S.A. E.S.P.;8999990823;2;1;1;1;1;45;1;0;131250000
85076216;1;2;34;EMPRESA DE ENERGIA DE BOGOTA S.A. E.S.P.;8999990823;2;1;1;1;1;45;1;0;19936000
85076216;1;2;34;EMPRESA DE ENERGIA DE BOGOTA S.A. E.S.P.;8999990823;2;1;1;1;1;45;1;0;131152000
85076216;1;2;34;EMPRESA DE ENERGIA DE BOGOTA S.A. E.S.P.;8999990823;2;1;1;1;1;45;1;0;262500000
85076216;1;2;34;Almacenes Exito S.A.;8909006089;2;1;1;1;1;45;1;0;119831360
85076216;1;2;34;Almacenes Exito S.A.;8909006089;2;1;1;1;1;45;1;0;102399220
85076216;1;2;34;Almacenes Exito S.A.;8909006089;2;1;1;1;1;45;1;0;64900000
85076216;1;2;34;Almacenes Exito S.A.;8909006089;2;1;1;1;1;45;1;0;39069800
85076216;1;2;34;Almacenes Exito S.A.;8909006089;2;1;1;1;1;45;1;0;59175820
85076216;1;2;34;GRUPO ARGOS S.A.;8909002663;2;1;1;1;1;45;1;0;162000000
85076216;1;2;34;GRUPO ARGOS S.A.;8909002663;2;1;1;1;1;45;1;0;76285800
85076216;1;2;34;GRUPO ARGOS S.A.;8909002663;2;1;1;1;1;45;1;0;87982200
85076216;1;2;34;GRUPO ARGOS S.A.;8909002663;2;1;1;1;1;45;1;0;87787800
85076216;1;2;34;GRUPO ARGOS S.A.;8909002663;2;1;1;1;1;45;1;0;180808200
85076216;1;2;34;GRUPO ARGOS S.A.;8909002663;2;1;1;1;1;45;1;0;2462400
85076216;1;2;34;GRUPO ARGOS S.A.;8909002663;2;1;1;1;1;45;1;0;48600000
85076216;1;2;34;GRUPO ARGOS S.A.;8909002663;2;1;1;1;1;45;1;0;60685200
85076216;1;2;34;GRUPO ARGOS S.A.;8909002663;2;1;1;1;1;45;1;0;64800000
85076216;1;2;34;GRUPO ARGOS S.A.;8909002663;2;1;1;1;1;45;1;0;141264000
85076216;1;2;34;GRUPO ARGOS S.A.;8909002663;2;1;1;1;1;45;1;0;129600000
85076216;1;2;34;GRUPO ARGOS S.A.;8909002663;2;1;1;1;1;45;1;0;236746800
85076216;1;2;34;GRUPO ARGOS S.A.;8909002663;2;1;1;1;1;45;1;0;243000000
85076216;1;2;34;GRUPO ARGOS S.A.;8909002663;2;1;1;1;1;45;1;0;243000000
85076216;1;2;34;GRUPO DE INVERSIONES SURAMERICANA S.A.;8110122713;2;1;1;1;2;45;1;0;88750920
85076216;1;2;34;GRUPO DE INVERSIONES SURAMERICANA S.A.;8110122713;2;1;1;1;2;45;1;0;171400000
85076216;1;2;34;GRUPO DE INVERSIONES SURAMERICANA S.A.;8110122713;2;1;1;1;2;45;1;0;342800000
85076216;1;2;34;GRUPO DE INVERSIONES SURAMERICANA S.A.;8110122713;2;1;1;1;2;45;1;0;445640000
85076216;1;2;34;GRUPO DE INVERSIONES SURAMERICANA S.A.;8110122713;2;1;1;1;2;45;1;0;26395600
85076216;1;2;34;GRUPO DE INVERSIONES SURAMERICANA S.A.;8110122713;2;1;1;1;2;45;1;0;42164400
85076216;1;2;34;GRUPO DE INVERSIONES SURAMERICANA S.A.;8110122713;2;1;1;1;2;45;1;0;137120000
85076216;1;2;34;GRUPO DE INVERSIONES SURAMERICANA S.A.;8110122713;2;1;1;1;2;45;1;0;137120000
85076216;1;2;34;GRUPO DE INVERSIONES SURAMERICANA S.A.;8110122713;2;1;1;1;2;45;1;0;27355440
85076216;1;2;34;GRUPO DE INVERSIONES SURAMERICANA S.A.;8110122713;2;1;1;1;2;45;1;0;63555120
85076216;1;2;34;GRUPO DE INVERSIONES SURAMERICANA S.A.;8110122713;2;1;1;1;2;45;1;0;23927440
85076216;1;2;34;GRUPO DE INVERSIONES SURAMERICANA S.A.;8110122713;2;1;1;1;2;45;1;0;30920560
85076216;1;2;34;GRUPO DE INVERSIONES SURAMERICANA S.A.;8110122713;2;1;1;1;2;45;1;0;116552000
85076216;1;2;34;GRUPO DE INVERSIONES SURAMERICANA S.A.;8110122713;2;1;1;1;2;45;1;0;137120000
85076216;1;2;34;Interconexion Electrica S.A. E.S.P. Isa;8600166103;2;1;1;1;1;45;1;0;4085420
85076216;1;2;34;Interconexion Electrica S.A. E.S.P. Isa;8600166103;2;1;1;1;1;45;1;0;10770000
85076216;1;2;34;Interconexion Electrica S.A. E.S.P. Isa;8600166103;2;1;1;1;1;45;1;0;20477360
85076216;1;2;34;Interconexion Electrica S.A. E.S.P. Isa;8600166103;2;1;1;1;1;45;1;0;32310000
85076216;1;2;34;Interconexion Electrica S.A. E.S.P. Isa;8600166103;2;1;1;1;1;45;1;0;64620000
85076216;1;2;34;Interconexion Electrica S.A. E.S.P. Isa;8600166103;2;1;1;1;1;45;1;0;8910380
85076216;1;2;34;Interconexion Electrica S.A. E.S.P. Isa;8600166103;2;1;1;1;1;45;1;0;11100280
85076216;1;2;34;Interconexion Electrica S.A. E.S.P. Isa;8600166103;2;1;1;1;1;45;1;0;29438000
85076216;1;2;34;Interconexion Electrica S.A. E.S.P. Isa;8600166103;2;1;1;1;1;45;1;0;10669480
85076216;1;2;34;Interconexion Electrica S.A. E.S.P. Isa;8600166103;2;1;1;1;1;45;1;0;56901500
85076216;1;2;34;Interconexion Electrica S.A. E.S.P. Isa;8600166103;2;1;1;1;1;45;1;0;35900000
85076216;1;2;34;Interconexion Electrica S.A. E.S.P. Isa;8600166103;2;1;1;1;1;45;1;0;11617240
85076216;1;2;34;Interconexion Electrica S.A. E.S.P. Isa;8600166103;2;1;1;1;1;45;1;0;45822760
85076216;1;2;34;Interconexion Electrica S.A. E.S.P. Isa;8600166103;2;1;1;1;1;45;1;0;28720000
85076216;1;2;34;ISAGEN S.A. E.S.P.;8110007404;2;1;1;1;1;45;1;0;317281725
85076216;1;2;34;ISAGEN S.A. E.S.P.;8110007404;2;1;1;1;1;45;1;0;60175275
85076216;1;2;34;ISAGEN S.A. E.S.P.;8110007404;2;1;1;1;1;45;1;0;158625000
85076216;1;2;34;ISAGEN S.A. E.S.P.;8110007404;2;1;1;1;1;45;1;0;158625000
85076216;1;2;34;ISAGEN S.A. E.S.P.;8110007404;2;1;1;1;1;45;1;0;292324725
85076216;1;2;34;GRUPO NUTRESA S.A.;8909000501;2;1;1;1;1;45;1;0;64842020
85076216;1;2;34;GRUPO NUTRESA S.A.;8909000501;2;1;1;1;1;45;1;0;58800280
85076216;1;2;34;GRUPO NUTRESA S.A.;8909000501;2;1;1;1;1;45;1;0;59451620
85076216;1;2;34;GRUPO NUTRESA S.A.;8909000501;2;1;1;1;1;45;1;0;60642000
85076216;1;2;34;GRUPO NUTRESA S.A.;8909000501;2;1;1;1;1;45;1;0;4132640
85076216;1;2;34;GRUPO NUTRESA S.A.;8909000501;2;1;1;1;1;45;1;0;67380000
85076216;1;2;34;GRUPO NUTRESA S.A.;8909000501;2;1;1;1;1;45;1;0;54914700
85076216;1;2;34;GRUPO NUTRESA S.A.;8909000501;2;1;1;1;1;45;1;0;81080600
85076216;1;2;34;GRUPO NUTRESA S.A.;8909000501;2;1;1;1;1;45;1;0;106123500
85076216;1;2;34;GRUPO NUTRESA S.A.;8909000501;2;1;1;1;1;45;1;0;67380000
85076216;1;2;34;GRUPO NUTRESA S.A.;8909000501;2;1;1;1;1;45;1;0;224600000
85076216;1;2;34;GRUPO NUTRESA S.A.;8909000501;2;1;1;1;1;45;1;0;224600000
85076216;1;2;34;GRUPO NUTRESA S.A.;8909000501;2;1;1;1;1;45;1;0;157220000
85076216;1;2;34;GRUPO NUTRESA S.A.;8909000501;2;1;1;1;1;45;1;0;28546660
85076216;1;2;34;GRUPO NUTRESA S.A.;8909000501;2;1;1;1;1;45;1;0;83753340
85076216;1;2;34;Acciones y Valores S.A. Grupo Aval;8002161815;2;1;1;1;2;45;1;0;134303400
85076216;1;2;34;Acciones y Valores S.A. Grupo Aval;8002161815;2;1;1;1;2;45;1;0;110700000
85076216;1;2;34;Acciones y Valores S.A. Grupo Aval;8002161815;2;1;1;1;2;45;1;0;49496400
85076216;1;2;34;Acciones y Valores S.A. Grupo Aval;8002161815;2;1;1;1;2;45;1;0;122040000
85076216;1;2;34;Acciones y Valores S.A. Grupo Aval;8002161815;2;1;1;1;2;45;1;0;73442160
85076216;1;2;34;Acciones y Valores S.A. Grupo Aval;8002161815;2;1;1;1;2;45;1;0;108000000
85076216;1;2;34;Acciones y Valores S.A. Grupo Aval;8002161815;2;1;1;1;2;45;1;0;1055160
85076216;1;2;34;Acciones y Valores S.A. Grupo Aval;8002161815;2;1;1;1;2;45;1;0;54000000
85076216;1;2;34;Acciones y Valores S.A. Grupo Aval;8002161815;2;1;1;1;2;45;1;0;71672040
85076216;1;2;34;Acciones y Valores S.A. Grupo Aval;8002161815;2;1;1;1;2;45;1;0;76248000
85076216;1;2;34;Acciones y Valores S.A. Grupo Aval;8002161815;2;1;1;1;2;45;1;0;84456000
85076216;1;2;34;Acciones y Valores S.A. Grupo Aval;8002161815;2;1;1;1;2;45;1;0;84456000
85076216;1;2;34;Acciones y Valores S.A. Grupo Aval;8002161815;2;1;1;1;2;45;1;0;54000000
85076216;1;2;34;Acciones y Valores S.A. Grupo Aval;8002161815;2;1;1;1;2;45;1;0;108000000
85076216;1;2;34;Acciones y Valores S.A. Grupo Aval;8002161815;2;1;1;1;2;45;1;0;55271160
85076216;1;2;34;BANCOLOMBIA S.A.;8909039388;2;1;1;1;2;45;1;0;465228800
85076216;1;2;34;CEMENTOS ARGOS S.A.;8901002510;2;1;1;1;1;45;1;0;231722400
85076216;1;2;34;CEMENTOS ARGOS S.A.;8901002510;2;1;1;1;1;45;1;0;64610000
85076216;1;2;34;CEMENTOS ARGOS S.A.;8901002510;2;1;1;1;1;45;1;0;45500000
85076216;1;2;34;CEMENTOS ARGOS S.A.;8901002510;2;1;1;1;1;45;1;0;45500000
85076216;1;2;34;CEMENTOS ARGOS S.A.;8901002510;2;1;1;1;1;45;1;0;78624000
85076216;1;2;34;CEMENTOS ARGOS S.A.;8901002510;2;1;1;1;1;45;1;0;91000000
85076216;1;2;34;CEMENTOS ARGOS S.A.;8901002510;2;1;1;1;1;45;1;0;45500000
85076216;1;2;34;CEMENTOS ARGOS S.A.;8901002510;2;1;1;1;1;45;1;0;49058100
85076216;1;2;34;CEMENTOS ARGOS S.A.;8901002510;2;1;1;1;1;45;1;0;51351300
85076216;1;2;34;CEMENTOS ARGOS S.A.;8901002510;2;1;1;1;1;45;1;0;61516000
85076216;1;2;34;CEMENTOS ARGOS S.A.;8901002510;2;1;1;1;1;45;1;0;132941900
85076216;1;2;34;CEMENTOS ARGOS S.A.;8901002510;2;1;1;1;1;45;1;0;19692400
85076216;1;2;34;CEMENTOS ARGOS S.A.;8901002510;2;1;1;1;1;45;1;0;38238200
85076216;1;2;34;CEMENTOS ARGOS S.A.;8901002510;2;1;1;1;1;45;1;0;54600000
85076216;1;2;34;CEMENTOS ARGOS S.A.;8901002510;2;1;1;1;1;45;1;0;63700000
85076216;1;2;34;CEMENTOS ARGOS S.A.;8901002510;2;1;1;1;1;45;1;0;93220400
85076216;1;2;34;CEMENTOS ARGOS S.A.;8901002510;2;1;1;1;1;45;1;0;127400000
85076216;1;2;34;CEMENTOS ARGOS S.A.;8901002510;2;1;1;1;1;45;1;0;136500000
85076216;1;2;34;BANCO DAVIVIENDA S.A.;8600343137;2;1;1;1;2;45;1;0;108500000
85076216;1;2;34;BANCO DAVIVIENDA S.A.;8600343137;2;1;1;1;2;45;1;0;77230300
85076216;1;2;34;BANCO DAVIVIENDA S.A.;8600343137;2;1;1;1;2;45;1;0;134518300
85076216;1;2;34;GRUPO ARGOS S.A.;8909002663;2;1;1;1;1;45;1;0;38630400
85076216;1;2;34;GRUPO ARGOS S.A.;8909002663;2;1;1;1;1;45;1;0;30996480
85076216;1;2;34;GRUPO ARGOS S.A.;8909002663;2;1;1;1;1;45;1;0;32609280
85076216;1;2;34;GRUPO ARGOS S.A.;8909002663;2;1;1;1;1;45;1;0;30720000
85076216;1;2;34;GRUPO ARGOS S.A.;8909002663;2;1;1;1;1;45;1;0;26910720
85076216;1;2;34;GRUPO ARGOS S.A.;8909002663;2;1;1;1;1;45;1;0;27002880
85076216;1;2;34;GRUPO ARGOS S.A.;8909002663;2;1;1;1;1;45;1;0;28876800
85076216;1;2;34;GRUPO ARGOS S.A.;8909002663;2;1;1;1;1;45;1;0;29184000
85076216;1;2;34;GRUPO ARGOS S.A.;8909002663;2;1;1;1;1;45;1;0;19215360
85076216;1;2;34;GRUPO ARGOS S.A.;8909002663;2;1;1;1;1;45;1;0;46080000
85076216;1;2;34;GRUPO ARGOS S.A.;8909002663;2;1;1;1;1;45;1;0;55296000
85076216;1;2;34;GRUPO ARGOS S.A.;8909002663;2;1;1;1;1;45;1;0;69335040
85076216;1;2;34;GRUPO ARGOS S.A.;8909002663;2;1;1;1;1;45;1;0;28876800
85076216;1;2;34;GRUPO ARGOS S.A.;8909002663;2;1;1;1;1;45;1;0;53760000
85076216;1;2;34;GRUPO ARGOS S.A.;8909002663;2;1;1;1;1;45;1;0;92160000
85076216;1;2;34;GRUPO ARGOS S.A.;8909002663;2;1;1;1;1;45;1;0;21365760
85076216;1;2;34;GRUPO ARGOS S.A.;8909002663;2;1;1;1;1;45;1;0;28830720
85076216;1;2;34;GRUPO ARGOS S.A.;8909002663;2;1;1;1;1;45;1;0;61854720
85076216;1;2;34;GRUPO ARGOS S.A.;8909002663;2;1;1;1;1;45;1;0;10736640
85076216;1;2;34;GRUPO DE INVERSIONES SURAMERICANA S.A.;8110122713;2;1;1;1;2;45;1;0;104470000
85076216;1;2;34;GRUPO DE INVERSIONES SURAMERICANA S.A.;8110122713;2;1;1;1;2;45;1;0;56986700
85076216;1;2;34;GRUPO DE INVERSIONES SURAMERICANA S.A.;8110122713;2;1;1;1;2;45;1;0;5156100
85076216;1;2;34;GRUPO DE INVERSIONES SURAMERICANA S.A.;8110122713;2;1;1;1;2;45;1;0;36463400
85076216;1;2;34;GRUPO DE INVERSIONES SURAMERICANA S.A.;8110122713;2;1;1;1;2;45;1;0;10110000
85076216;1;2;34;GRUPO DE INVERSIONES SURAMERICANA S.A.;8110122713;2;1;1;1;2;45;1;0;13041900
85076216;1;2;34;GRUPO DE INVERSIONES SURAMERICANA S.A.;8110122713;2;1;1;1;2;45;1;0;34374000
85076216;1;2;34;GRUPO DE INVERSIONES SURAMERICANA S.A.;8110122713;2;1;1;1;2;45;1;0;100426000
85076216;1;2;34;GRUPO DE INVERSIONES SURAMERICANA S.A.;8110122713;2;1;1;1;2;45;1;0;18265400
85076216;1;2;34;GRUPO DE INVERSIONES SURAMERICANA S.A.;8110122713;2;1;1;1;2;45;1;0;2123100
85076216;1;2;34;GRUPO DE INVERSIONES SURAMERICANA S.A.;8110122713;2;1;1;1;2;45;1;0;3370000
85076216;1;2;34;GRUPO DE INVERSIONES SURAMERICANA S.A.;8110122713;2;1;1;1;2;45;1;0;3370000
85076216;1;2;34;GRUPO DE INVERSIONES SURAMERICANA S.A.;8110122713;2;1;1;1;2;45;1;0;4044000
85076216;1;2;34;GRUPO DE INVERSIONES SURAMERICANA S.A.;8110122713;2;1;1;1;2;45;1;0;5189800
85076216;1;2;34;GRUPO DE INVERSIONES SURAMERICANA S.A.;8110122713;2;1;1;1;2;45;1;0;13480000
85076216;1;2;34;GRUPO DE INVERSIONES SURAMERICANA S.A.;8110122713;2;1;1;1;2;45;1;0;16850000
85076216;1;2;34;GRUPO DE INVERSIONES SURAMERICANA S.A.;8110122713;2;1;1;1;2;45;1;0;25308700
85076216;1;2;34;GRUPO DE INVERSIONES SURAMERICANA S.A.;8110122713;2;1;1;1;2;45;1;0;74274800
85076216;1;2;34;GRUPO DE INVERSIONES SURAMERICANA S.A.;8110122713;2;1;1;1;2;45;1;0;94360000
85076216;1;2;34;GRUPO DE INVERSIONES SURAMERICANA S.A.;8110122713;2;1;1;1;2;45;1;0;94360000
85076216;1;2;34;GRUPO DE INVERSIONES SURAMERICANA S.A.;8110122713;2;1;1;1;2;45;1;0;269600000
85076216;1;2;34;GRUPO DE INVERSIONES SURAMERICANA S.A.;8110122713;2;1;1;1;2;45;1;0;20557000
85076216;1;2;34;GRUPO DE INVERSIONES SURAMERICANA S.A.;8110122713;2;1;1;1;2;45;1;0;46135300
85076216;1;2;34;GRUPO DE INVERSIONES SURAMERICANA S.A.;8110122713;2;1;1;1;2;45;1;0;270307700
85076216;2;2;0;Banco Gnb Sudameris S.A.;8600507501;0;0;0;0;0;0;0;0;0
85076216;2;1;0;Banco De Bogota S.A.;8600029644;0;0;0;0;0;0;0;0;0
85076216;2;2;0;Banco De Occidente S.A.;8903002794;0;0;0;0;0;0;0;0;3029173199.45
85076241;1;2;50;ISHARES MSCI ACWI INDEX FUND;4444444444;2;2;1;3;1;51;1;0;835106133.13
85076241;1;2;50;ISHARES MSCI ACWI INDEX FUND;4444444444;2;2;1;3;1;51;1;0;803460005.98
85076241;1;2;50;ISHARES MSCI ACWI INDEX FUND;4444444444;2;2;1;3;1;51;1;0;119024600.45
85076241;1;2;50;ISHARES MSCI ACWI INDEX FUND;4444444444;2;2;1;3;1;51;1;0;622373833.95
85076241;1;2;50;ISHARES MSCI ACWI INDEX FUND;4444444444;2;2;1;3;1;51;1;0;1037289723.25
85076241;1;2;50;ISHARES MSCI ACWI INDEX FUND;4444444444;2;2;1;3;1;51;1;0;898398387.43
85076241;1;2;50;ISHARES MSCI ACWI INDEX FUND;4444444444;2;2;1;3;1;51;1;0;1188487886.3
85076241;1;2;50;ISHARES (HEZU) CURRENCY HEDGED MSCI EMU;5555555555;2;2;1;3;1;51;1;0;314861263.82
85076241;1;2;50;TECHNOLOGY SELECT SECT SPDR;6666666666;2;2;1;3;1;51;1;0;540298950.4
85076241;2;1;0;Banco De Bogota S.A.;8600029644;0;0;0;0;0;0;0;0;0
85076241;2;2;0;Banco de Bogota Panama Dólar;2222222222;0;0;0;0;0;0;0;0;158759.85
85076241;2;2;0;BANCO DE BOGOTA PANAMA PESO;3333333333;0;0;0;0;0;0;0;0;508482786.68
85076241;2;2;0;Banco De Occidente S.A.;8903002794;0;0;0;0;0;0;0;0;471481299.95
85076252;1;2;3;BANCOLOMBIA S.A.;8909039388;2;1;1;1;2;1;933;0;523725000
85076252;1;2;34;BANCOLOMBIA S.A.;8909039388;2;1;1;1;2;45;1;0;35579520
85076252;1;2;34;BANCOLOMBIA S.A.;8909039388;2;1;1;1;2;45;1;0;124862400
85076252;1;2;3;Leasing Bancolombia S.A. C.F.;8600592943;2;1;1;1;2;1;797;0;474535000
85076252;1;1;16;BANCO DE BOGOTA S.A.;8600029644;2;1;1;1;2;1;218;0;1001750000
85076252;1;2;16;Bbva Colombia S.A.;8600030201;2;1;1;1;2;11;1111;0;509225000
85076252;1;2;16;Banco Colpatria Multibanca Colpatria S.A.;8600345941;2;1;1;1;2;1;395;0;493830000
85076252;1;2;16;Banco Colpatria Multibanca Colpatria S.A.;8600345941;2;1;1;1;2;1;416;0;982880000
85076252;1;2;34;ISAGEN S.A. E.S.P.;8110007404;2;1;1;1;1;45;1;0;176250000
85076252;1;2;34;GRUPO NUTRESA S.A.;8909000501;2;1;1;1;1;45;1;0;24256800
85076252;1;2;34;GRUPO NUTRESA S.A.;8909000501;2;1;1;1;1;45;1;0;1706960
85076252;1;2;34;GRUPO NUTRESA S.A.;8909000501;2;1;1;1;1;45;1;0;4424620
85076252;1;2;34;GRUPO NUTRESA S.A.;8909000501;2;1;1;1;1;45;1;0;5412860
85076252;1;2;34;GRUPO NUTRESA S.A.;8909000501;2;1;1;1;1;45;1;0;28344520
85076252;1;2;34;GRUPO NUTRESA S.A.;8909000501;2;1;1;1;1;45;1;0;44920000
85076252;1;2;34;Acciones y Valores S.A. Grupo Aval;8002161815;2;1;1;1;2;45;1;0;16200000
85076252;1;2;34;Acciones y Valores S.A. Grupo Aval;8002161815;2;1;1;1;2;45;1;0;140724000
85076252;1;2;34;CEMENTOS ARGOS S.A.;8901002510;2;1;1;1;1;45;1;0;13650000
85076252;1;2;34;CEMENTOS ARGOS S.A.;8901002510;2;1;1;1;1;45;1;0;13650000
85076252;1;2;34;CEMENTOS ARGOS S.A.;8901002510;2;1;1;1;1;45;1;0;27300000
85076252;1;2;34;CEMENTOS ARGOS S.A.;8901002510;2;1;1;1;1;45;1;0;9100000
85076252;1;2;34;CEMENTOS ARGOS S.A.;8901002510;2;1;1;1;1;45;1;0;9100000
85076252;1;2;34;CEMENTOS ARGOS S.A.;8901002510;2;1;1;1;1;45;1;0;9100000
85076252;1;2;34;CEMENTOS ARGOS S.A.;8901002510;2;1;1;1;1;45;1;0;20020000
85076252;1;2;34;CEMENTOS ARGOS S.A.;8901002510;2;1;1;1;1;45;1;0;136500000
85076252;1;2;34;BANCO DAVIVIENDA S.A.;8600343137;2;1;1;1;2;45;1;0;8680000
85076252;1;2;10;Ministerio De Hacienda Y Credito Publico;8999990902;2;1;1;1;4;9;1889;0;1179093087.48
85076252;1;2;50;ISHARES MSCI ACWI INDEX FUND;4444444444;2;2;1;3;1;51;1;0;692346937.32
85076252;2;2;0;Banco De Occidente S.A.;8903002794;0;0;0;0;0;0;0;0;937396254.33
85076252;2;1;0;Banco De Bogota S.A.;8600029644;0;0;0;0;0;0;0;0;0
85076252;2;2;0;BANCO DE BOGOTA PANAMA PESO;3333333333;0;0;0;0;0;0;0;0;29281699.15
85076252;2;2;0;Banco de Bogota Panama Dólar;2222222222;0;0;0;0;0;0;0;0;9142.41
