TIPO ACTIVO;CODIGO CARTERA;VINCULADO AL FONDO;TIPO DE TITULO;EMISOR;NIT;TIPO INVERSIÓN ;TIPO REGISTRO;SISTEMA TRANSACCIONAL;TIPO MONEDA;TIPO SECTOR;CALIFICACIÓN;DÍAS AL VTO.;DURACIÓN;VAN
9009448;2;1;0;Banco De Occidente S.A.;8903002794;0;0;0;0;0;0;0;0;0
9009448;2;2;0;Bancolombia S.A.;8909039388;0;0;0;0;0;0;0;0;1586347.77
9009448;2;2;0;Bancolombia S.A.;8909039388;0;0;0;0;0;0;0;0;454607516.08
9009448;2;1;0;Banco De Occidente S.A.;8903002794;0;0;0;0;0;0;0;0;0
9009448;2;2;0;Banco Caja Social;8600073354;0;0;0;0;0;0;0;0;2202898.56
9009448;2;2;0;Banco Caja Social;8600073354;0;0;0;0;0;0;0;0;186434855.09
9009448;2;1;0;Banco De Occidente S.A.;8903002794;0;0;0;0;0;0;0;0;88179306.42
9009448;2;1;0;Banco De Occidente S.A.;8903002794;0;0;0;0;0;0;0;0;2007247.29
9009448;2;1;0;Banco De Occidente S.A.;8903002794;0;0;0;0;0;0;0;0;12530123.9
9009448;2;1;0;Banco De Occidente S.A.;8903002794;0;0;0;0;0;0;0;0;2041200.02
9009448;2;1;0;Banco De Occidente S.A.;8903002794;0;0;0;0;0;0;0;0;147382475.87
9009448;2;2;0;Bbva Colombia S.A.;8600030201;0;0;0;0;0;0;0;0;2039330
9009448;2;2;0;Bbva Colombia S.A.;8600030201;0;0;0;0;0;0;0;0;889107947.03
9009448;2;1;0;Banco De Occidente S.A.;8903002794;0;0;0;0;0;0;0;0;0
9009448;2;1;0;Banco De Occidente S.A.;8903002794;0;0;0;0;0;0;0;0;0
9009448;2;1;0;Banco De Occidente S.A.;8903002794;0;0;0;0;0;0;0;0;0
9009448;2;1;0;Banco De Occidente S.A.;8903002794;0;0;0;0;0;0;0;0;0
9009448;2;1;0;Banco De Occidente S.A.;8903002794;0;0;0;0;0;0;0;0;0
9009448;1;2;3;Banco Davivienda S.A.;8600343137;2;1;1;1;2;1;522;0;511670000
9009448;1;1;3;Banco De Occidente S.A.;8903002794;2;1;1;1;2;1;531;0;511390000
9009448;1;2;16;Bbva Colombia S.A.;8600030201;2;1;1;1;2;1;1159;0;2077060000
9009448;1;2;3;Banco Finandina S.A.;8600518946;2;1;1;1;2;11;535;0;1702742580
9009448;1;2;16;Banco Colpatria Multibanca Colpatria S.A.;8600345941;2;1;1;1;2;1;176;0;1006220000
9009448;1;2;16;Bancolombia S.A.;8909039388;2;1;1;1;2;1;181;0;1005270000
9009448;1;2;16;Bancolombia S.A.;8909039388;2;1;1;1;2;1;223;0;1016490000
9009448;1;2;16;Bancolombia S.A.;8909039388;2;1;1;1;2;1;231;0;505260000
9009448;1;2;16;Bbva Colombia S.A.;8600030201;2;1;1;1;2;1;241;0;2008920000
9009448;1;2;16;Banco Davivienda S.A.;8600343137;2;1;1;1;2;1;77;0;1003900000
9009448;1;2;16;Bbva Colombia S.A.;8600030201;2;1;1;1;2;1;641;0;1012700000
9009448;1;2;16;Bancolombia S.A.;8909039388;2;1;1;1;2;1;178;0;502085000
9009448;1;2;16;Financiera De Desarrollo Territorial S.A. Findeter;8000963291;2;1;1;1;2;1;139;0;1009720000
9009448;1;2;16;Bancolombia S.A.;8909039388;2;1;1;1;2;1;474;0;513940000
9009448;1;2;16;Financiera De Desarrollo Territorial S.A. Findeter;8000963291;2;1;1;1;2;1;310;0;505420000
9009448;1;2;16;Banco Davivienda S.A.;8600343137;2;1;1;1;2;1;151;0;1006320000
9009448;1;2;16;Bancolombia S.A.;8909039388;2;1;1;1;2;1;474;0;1027880000
9009448;1;2;3;Bancolombia S.A.;8909039388;2;1;1;1;2;1;285;0;510970000
9009448;1;2;16;Banco Davivienda S.A.;8600343137;2;1;1;1;2;1;339;0;504210000
9009448;1;2;16;Banco Colpatria Multibanca Colpatria S.A.;8600345941;2;1;1;1;2;1;176;0;501470000
9009448;1;2;16;Banco Davivienda S.A.;8600343137;2;1;1;1;2;1;722;0;1010840000
9009448;1;2;16;Banco Corpbanca Colombia S.A;8909039370;2;1;1;1;2;11;191;0;502480000
9009448;1;2;16;Banco Corpbanca Colombia S.A;8909039370;2;1;1;1;2;11;191;0;506490000
9009448;1;2;3;Banco Corpbanca Colombia S.A;8909039370;2;1;1;1;2;11;380;0;502795000
9009448;1;2;16;Financiera De Desarrollo Territorial S.A. Findeter;8000963291;2;1;1;1;2;1;381;0;505045000
9009448;1;2;4;Cementos Argos S.A.;8901002510;2;1;1;1;1;11;751;0;508935000
9009448;1;2;16;Banco Av Villas S.A.;8600358275;2;1;1;1;2;1;177;0;1002360000
9009448;1;2;16;Financiera De Desarrollo Territorial S.A. Findeter;8000963291;2;1;1;1;2;1;217;0;1004620000
9009448;1;2;16;Financiera De Desarrollo Territorial S.A. Findeter;8000963291;2;1;1;1;2;1;398;0;1004920000
9009448;1;2;16;Banco Av Villas S.A.;8600358275;2;1;1;1;2;1;399;0;502615000
9009448;1;2;16;Banco Colpatria Multibanca Colpatria S.A.;8600345941;2;1;1;1;2;1;231;0;1006550000
9009448;1;2;16;Bbva Colombia S.A.;8600030201;2;1;1;1;2;1;438;0;1020730000
9009448;1;2;3;Banco Popular S.A.;8600077389;2;1;1;1;2;1;253;0;509480000
9009448;1;2;16;Banco Colpatria Multibanca Colpatria S.A.;8600345941;2;1;1;1;2;1;458;0;509935000
9009448;1;2;16;Banco Colpatria Multibanca Colpatria S.A.;8600345941;2;1;1;1;2;1;475;0;1017100000
9009448;1;2;16;Banco Colpatria Multibanca Colpatria S.A.;8600345941;2;1;1;1;2;1;478;0;1015920000
9009448;1;2;16;Rci Colombia S.A.;9009776290;2;1;1;1;2;1;256;0;503565000
9009448;1;2;10;Ministerio De Hacienda Y Credito Publico;8999990902;2;1;1;1;4;9;1062;0;1057540000
9009448;1;2;3;Banco Popular S.A.;8600077389;2;1;1;1;2;1;982;0;1014270000
9009448;1;2;10;Ministerio De Hacienda Y Credito Publico;8999990902;2;1;1;1;4;9;1873;0;1281010000
9009448;1;2;10;Ministerio De Hacienda Y Credito Publico;8999990902;2;1;1;1;4;9;1873;0;1281010000
9009448;1;2;10;Ministerio De Hacienda Y Credito Publico;8999990902;2;1;1;1;4;9;1873;0;1281010000
9009448;1;2;16;Banco De Comercio Ext. De Colombia S.A. Bancoldex;8001499236;2;1;1;1;2;1;522;0;1003980000
9009448;1;2;16;Bancolombia S.A.;8909039388;2;1;1;1;2;1;529;0;1004230000
9009448;1;2;3;Banco Corpbanca Colombia S.A;8909039370;2;1;1;1;2;11;1079;0;1007170000
9009448;1;2;16;Bancolombia S.A.;8909039388;2;1;1;1;2;1;715;0;1003350000
9009448;1;2;10;Ministerio De Hacienda Y Credito Publico;8999990902;2;1;1;1;4;9;1873;0;1281010000
9009448;1;2;16;Corporacion Financiera Colombiana S.A.;8903006536;2;1;1;1;2;1;363;0;1000330000
9001651;2;1;0;Banco De Occidente S.A.;8903002794;0;0;0;0;0;0;0;0;95327103.86
9001651;2;1;0;Banco De Occidente S.A.;8903002794;0;0;0;0;0;0;0;0;2571074627.86
9001651;1;2;43;Inversiones La 14;890325060;2;2;4;1;1;1;1424;0;64206725407.29
9009438;2;2;0;Banco De Comercio Ext. De Colombia S.A. Bancoldex;8001499236;0;0;0;0;0;0;0;0;0
9009438;2;2;0;Banco De Bogota S.A.;8600029644;0;0;0;0;0;0;0;0;0
9009438;2;2;0;Banco Av Villas S.A.;8600358275;0;0;0;0;0;0;0;0;0
9009438;2;2;0;Banco De Bogota S.A.;8600029644;0;0;0;0;0;0;0;0;2998553.88
9009438;2;2;0;Banco De Bogota S.A.;8600029644;0;0;0;0;0;0;0;0;0
9009438;2;2;0;Banco De Bogota S.A.;8600029644;0;0;0;0;0;0;0;0;132070112250.02
9009438;2;2;0;Banco De Bogota S.A.;8600029644;0;0;0;0;0;0;0;0;298358907.23
9009438;2;2;0;Banco Av Villas S.A.;8600358275;0;0;0;0;0;0;0;0;2066060408.84
9009438;2;2;0;Banco Av Villas S.A.;8600358275;0;0;0;0;0;0;0;0;2005880.99
9009438;2;1;0;Banco De Occidente S.A.;8903002794;0;0;0;0;0;0;0;0;5776264.56
9009438;2;1;0;Banco De Occidente S.A.;8903002794;0;0;0;0;0;0;0;0;0
9009438;2;2;0;Scotiabank Colombia S.A.;8600517052;0;0;0;0;0;0;0;0;0
9009438;2;2;0;Scotiabank Colombia S.A.;8600517052;0;0;0;0;0;0;0;0;0
9009438;2;2;0;Scotiabank Colombia S.A.;8600517052;0;0;0;0;0;0;0;0;0
9009438;2;2;0;Helm Bank;8600076603;0;0;0;0;0;0;0;0;2218736.72
9009438;2;2;0;Helm Bank;8600076603;0;0;0;0;0;0;0;0;827166136.26
9009438;2;2;0;Citibank Colombia S.A.;8600511354;0;0;0;0;0;0;0;0;2528672.84
9009438;2;2;0;Citibank Colombia S.A.;8600511354;0;0;0;0;0;0;0;0;0
9009438;2;2;0;Hsbc Colombia S.A.;8600509309;0;0;0;0;0;0;0;0;0
9009438;2;2;0;Hsbc Colombia S.A.;8600509309;0;0;0;0;0;0;0;0;0
9009438;2;2;0;Banco Coomeva S.A. Bancoomeva;9004061505;0;0;0;0;0;0;0;0;337398.39
9009438;2;2;0;Banco Coomeva S.A. Bancoomeva;9004061505;0;0;0;0;0;0;0;0;6022091.49
9009438;2;2;0;Banco Colpatria Multibanca Colpatria S.A.;8600345941;0;0;0;0;0;0;0;0;2156610.6
9009438;2;2;0;Banco Colpatria Multibanca Colpatria S.A.;8600345941;0;0;0;0;0;0;0;0;44024223629.7
9009438;2;2;0;Bancolombia S.A.;8909039388;0;0;0;0;0;0;0;0;4683708.16
9009438;2;2;0;Bancolombia S.A.;8909039388;0;0;0;0;0;0;0;0;37481115694.99
9009438;2;1;0;Banco De Occidente S.A.;8903002794;0;0;0;0;0;0;0;0;0
9009438;2;2;0;Bancolombia S.A.;8909039388;0;0;0;0;0;0;0;0;217179782.59
9009438;2;2;0;Bancolombia S.A.;8909039388;0;0;0;0;0;0;0;0;184063934.79
9009438;2;1;0;Banco De Occidente S.A.;8903002794;0;0;0;0;0;0;0;0;0
9009438;2;1;0;Banco De Occidente S.A.;8903002794;0;0;0;0;0;0;0;0;0
9009438;2;2;0;Banco Corpbanca Colombia S.A;8909039370;0;0;0;0;0;0;0;0;860538888.98
9009438;2;2;0;Banco Corpbanca Colombia S.A;8909039370;0;0;0;0;0;0;0;0;1951763.92
9009438;2;1;0;Banco De Occidente S.A.;8903002794;0;0;0;0;0;0;0;0;0
9009438;2;2;0;Banco Av Villas S.A.;8600358275;0;0;0;0;0;0;0;0;0
9009438;2;2;0;Banco Av Villas S.A.;8600358275;0;0;0;0;0;0;0;0;0
9009438;2;2;0;Banco Av Villas S.A.;8600358275;0;0;0;0;0;0;0;0;0
9009438;2;2;0;Banco Av Villas S.A.;8600358275;0;0;0;0;0;0;0;0;0
9009438;2;2;0;Banco Av Villas S.A.;8600358275;0;0;0;0;0;0;0;0;252262384.24
9009438;2;2;0;Banco Av Villas S.A.;8600358275;0;0;0;0;0;0;0;0;2237578.19
9009438;2;2;0;Banco Av Villas S.A.;8600358275;0;0;0;0;0;0;0;0;614929925.71
9009438;2;2;0;Banco Santander De Negocios Colombia S.A.;9006281103;0;0;0;0;0;0;0;0;33186696124.77
9009438;2;2;0;Banco Santander De Negocios Colombia S.A.;9006281103;0;0;0;0;0;0;0;0;0
9009438;2;2;0;Banco Popular S.A.;8600077389;0;0;0;0;0;0;0;0;2975476.29
9009438;2;2;0;Banco Popular S.A.;8600077389;0;0;0;0;0;0;0;0;0
9009438;2;2;0;Bancompartir S.A.;8600259715;0;0;0;0;0;0;0;0;0
9009438;2;2;0;Bancompartir S.A.;8600259715;0;0;0;0;0;0;0;0;0
9009438;2;2;0;Giros Y Finanzas Cia De Financiamiento Comercial;8600067979;0;0;0;0;0;0;0;0;2338872.58
9009438;2;2;0;Giros Y Finanzas Cia De Financiamiento Comercial;8600067979;0;0;0;0;0;0;0;0;0
9009438;2;2;0;Banco Gnb Sudameris S.A.;8600507501;0;0;0;0;0;0;0;0;3060393.41
9009438;2;2;0;Banco Falabella S.A.;9000479818;0;0;0;0;0;0;0;0;1000000
9009438;2;2;0;Banco Falabella S.A.;9000479818;0;0;0;0;0;0;0;0;25731670036.86
9009438;2;2;0;Bancolombia S.A.;8909039388;0;0;0;0;0;0;0;0;0
9009438;2;2;0;Banco Caja Social;8600073354;0;0;0;0;0;0;0;0;0
9009438;2;1;0;Banco De Occidente S.A.;8903002794;0;0;0;0;0;0;0;0;0
9009438;2;2;0;Banco Popular S.A.;8600077389;0;0;0;0;0;0;0;0;28896209114.07
9009438;2;2;0;Banco Caja Social;8600073354;0;0;0;0;0;0;0;0;24989478448.96
9009438;2;2;0;Banco Caja Social;8600073354;0;0;0;0;0;0;0;0;2311969.59
9009438;2;1;0;Banco De Occidente S.A.;8903002794;0;0;0;0;0;0;0;0;9155768512.06
9009438;2;1;0;Banco De Occidente S.A.;8903002794;0;0;0;0;0;0;0;0;22697367.31
9009438;2;1;0;Banco De Occidente S.A.;8903002794;0;0;0;0;0;0;0;0;260289993.14
9009438;2;1;0;Banco De Occidente S.A.;8903002794;0;0;0;0;0;0;0;0;21382035.68
9009438;2;1;0;Banco De Occidente S.A.;8903002794;0;0;0;0;0;0;0;0;779732.84
9009438;2;1;0;Banco De Occidente S.A.;8903002794;0;0;0;0;0;0;0;0;885797.18
9009438;2;1;0;Banco De Occidente S.A.;8903002794;0;0;0;0;0;0;0;0;0
9009438;2;1;0;Banco De Occidente S.A.;8903002794;0;0;0;0;0;0;0;0;0
9009438;2;1;0;Banco De Occidente S.A.;8903002794;0;0;0;0;0;0;0;0;119994862.53
9009438;2;1;0;Banco De Occidente S.A.;8903002794;0;0;0;0;0;0;0;0;29058895357.19
9009438;2;1;0;Banco De Occidente S.A.;8903002794;0;0;0;0;0;0;0;0;774912338.6
9009438;2;1;0;Banco De Occidente S.A.;8903002794;0;0;0;0;0;0;0;0;123327466.54
9009438;2;1;0;Banco De Occidente S.A.;8903002794;0;0;0;0;0;0;0;0;122051332.57
9009438;2;2;0;Bbva Colombia S.A.;8600030201;0;0;0;0;0;0;0;0;36713753174.71
9009438;2;2;0;Bbva Colombia S.A.;8600030201;0;0;0;0;0;0;0;0;3098017
9009438;2;2;0;Bbva Colombia S.A.;8600030201;0;0;0;0;0;0;0;0;122077834.43
9009438;2;2;0;Bbva Colombia S.A.;8600030201;0;0;0;0;0;0;0;0;125098224.65
9009438;2;2;0;Banco Agrario De Colombia S.A;8000378008;0;0;0;0;0;0;0;0;3105358
9009438;2;2;0;Bancompartir S.A.;8600259715;0;0;0;0;0;0;0;0;73242.45
9009438;2;2;0;Bancompartir S.A.;8600259715;0;0;0;0;0;0;0;0;0
9009438;2;1;0;Banco De Occidente S.A.;8903002794;0;0;0;0;0;0;0;0;0
9009438;2;2;0;Banco Pichincha S.A.;8902007567;0;0;0;0;0;0;0;0;11010189806.36
9009438;2;2;0;Banco Pichincha S.A.;8902007567;0;0;0;0;0;0;0;0;2036500
9009438;2;2;0;Banco Agrario De Colombia S.A;8000378008;0;0;0;0;0;0;0;0;10985271480.05
9009438;2;2;0;Banco Davivienda S.A.;8600343137;0;0;0;0;0;0;0;0;0
9009438;2;2;0;Banco Davivienda S.A.;8600343137;0;0;0;0;0;0;0;0;16216388.88
9009438;2;1;0;Banco De Occidente S.A.;8903002794;0;0;0;0;0;0;0;0;0
9009438;2;2;0;Citibank Colombia S.A.;8600511354;0;0;0;0;0;0;0;0;71934280906.26
9009438;2;2;0;Citibank Colombia S.A.;8600511354;0;0;0;0;0;0;0;0;0
9009438;2;2;0;Banco Davivienda S.A.;8600343137;0;0;0;0;0;0;0;0;15516212132.08
9009438;2;2;0;Banco Davivienda S.A.;8600343137;0;0;0;0;0;0;0;0;2949941
9009438;2;2;0;Banco Davivienda S.A.;8600343137;0;0;0;0;0;0;0;0;0
9009438;2;1;0;Banco De Occidente S.A.;8903002794;0;0;0;0;0;0;0;0;0
9009438;2;1;0;Banco De Occidente S.A.;8903002794;0;0;0;0;0;0;0;0;0
9009438;2;1;0;Banco De Occidente S.A.;8903002794;0;0;0;0;0;0;0;0;0
9009438;2;1;0;Banco De Occidente S.A.;8903002794;0;0;0;0;0;0;0;0;0
9009438;2;1;0;Banco De Occidente S.A.;8903002794;0;0;0;0;0;0;0;0;0
9009438;2;1;0;Banco De Occidente S.A.;8903002794;0;0;0;0;0;0;0;0;0
9009438;2;1;0;Banco De Occidente S.A.;8903002794;0;0;0;0;0;0;0;0;0
9009438;2;1;0;Banco De Occidente S.A.;8903002794;0;0;0;0;0;0;0;0;0
9009438;2;1;0;Banco De Occidente S.A.;8903002794;0;0;0;0;0;0;0;0;703858.58
9009438;2;1;0;Banco De Occidente S.A.;8903002794;0;0;0;0;0;0;0;0;0
9009438;2;2;0;Banco Gnb Sudameris S.A.;8600507501;0;0;0;0;0;0;0;0;136546292886.12
9009438;2;2;0;Banco Finandina S.A.;8600518946;0;0;0;0;0;0;0;0;1358767768.92
9009438;2;2;0;Banco Finandina S.A.;8600518946;0;0;0;0;0;0;0;0;0
9009438;1;1;41;Occitesoros - Cartera Colectiva Abierta Sin Pacto De Permanencia ;9000729521;2;1;1;1;2;1;1;0;52190063711.38
9009438;1;2;77;Banco De La Republica;8600052167;2;1;1;1;4;9;0;0;40000120000
9009438;1;2;16;Bancolombia S.A.;8909039388;2;1;1;1;2;1;440;0;7113330000
9009438;1;2;3;Bancolombia S.A.;8909039388;2;1;1;1;2;1;285;0;2043880000
9009438;1;2;16;Banco Corpbanca Colombia S.A;8909039370;2;1;1;1;2;11;144;0;2039860000
9009438;1;2;16;Bancolombia S.A.;8909039388;2;1;1;1;2;1;439;0;1016350000
9009438;1;2;16;Bbva Colombia S.A.;8600030201;2;1;1;1;2;1;156;0;2551925000
9009438;1;2;16;Bbva Colombia S.A.;8600030201;2;1;1;1;2;1;94;0;1028770000
9009438;1;2;3;Banco Davivienda S.A.;8600343137;2;1;1;1;2;1;51;0;5072100000
9009438;1;2;3;Banco Davivienda S.A.;8600343137;2;1;1;1;2;1;51;0;3043260000
9009438;1;2;16;Bbva Colombia S.A.;8600030201;2;1;1;1;2;1;34;0;4057400000
9009438;1;2;16;Banco De Bogota S.A.;8600029644;2;1;1;1;2;1;136;0;3022200000
9009438;1;2;16;Banco De Bogota S.A.;8600029644;2;1;1;1;2;1;15;0;4555305000
9009438;1;2;16;Banco De Bogota S.A.;8600029644;2;1;1;1;2;1;380;0;8160880000
9009438;1;2;16;Financiera De Desarrollo Territorial S.A. Findeter;8000963291;2;1;1;1;2;1;24;0;5559015000
9009438;1;2;16;Banco Colpatria Multibanca Colpatria S.A.;8600345941;2;1;1;1;2;1;86;0;4021720000
9009438;1;2;3;Banco Popular S.A.;8600077389;2;1;1;1;2;1;463;0;3087930000
9009438;1;2;16;Banco Colpatria Multibanca Colpatria S.A.;8600345941;2;1;1;1;2;1;86;0;2010860000
9009438;1;2;16;Bancolombia S.A.;8909039388;2;1;1;1;2;1;337;0;1017340000
9009438;1;2;16;Bbva Colombia S.A.;8600030201;2;1;1;1;2;1;438;0;1020730000
9009438;1;2;16;Banco Davivienda S.A.;8600343137;2;1;1;1;2;1;107;0;3052740000
9009438;1;2;16;Bancolombia S.A.;8909039388;2;1;1;1;2;1;161;0;1009310000
9009438;1;2;16;Bancolombia S.A.;8909039388;2;1;1;1;2;1;161;0;1009310000
9009438;1;2;16;Bancolombia S.A.;8909039388;2;1;1;1;2;1;161;0;1009310000
9009438;1;2;16;Banco Davivienda S.A.;8600343137;2;1;1;1;2;1;171;0;15114750000
9009438;1;2;16;Banco Santander De Negocios Colombia S.A.;9006281103;2;1;1;1;2;1;34;0;10102000000
9009438;1;2;16;Banco Davivienda S.A.;8600343137;2;1;1;1;2;1;92;0;5022000000
9009438;1;2;16;Banco Davivienda S.A.;8600343137;2;1;1;1;2;1;108;0;1017440000
9009438;1;2;16;Banco Colpatria Multibanca Colpatria S.A.;8600345941;2;1;1;1;2;1;39;0;12111960000
9009438;1;2;16;Bancolombia S.A.;8909039388;2;1;1;1;2;1;223;0;6098940000
9009438;1;2;16;Bancolombia S.A.;8909039388;2;1;1;1;2;1;231;0;16168320000
9009438;1;2;16;Bbva Colombia S.A.;8600030201;2;1;1;1;2;1;241;0;20089200000
9009438;1;2;16;Banco Davivienda S.A.;8600343137;2;1;1;1;2;1;77;0;5521450000
9009438;1;2;16;Banco Colpatria Multibanca Colpatria S.A.;8600345941;2;1;1;1;2;1;265;0;10052500000
9009438;1;2;16;Bbva Colombia S.A.;8600030201;2;1;1;1;2;1;641;0;8101600000
9009438;1;2;16;Bbva Colombia S.A.;8600030201;2;1;1;1;2;1;50;0;1516425000
9009438;1;2;16;Banco Colpatria Multibanca Colpatria S.A.;8600345941;2;1;1;1;2;1;282;0;3060840000
9009438;1;2;16;Bbva Colombia S.A.;8600030201;2;1;1;1;2;1;50;0;1516425000
9009438;1;2;16;Bancolombia S.A.;8909039388;2;1;1;1;2;1;105;0;1021330000
9009438;1;2;16;Bancolombia S.A.;8909039388;2;1;1;1;2;1;231;0;1010520000
9009438;1;2;3;Bancolombia S.A.;8909039388;2;1;1;1;2;1;47;0;505570000
9009438;1;2;3;Bancolombia S.A.;8909039388;2;1;1;1;2;1;47;0;1516710000
9009438;1;1;16;Banco De Occidente S.A.;8903002794;2;1;1;1;2;1;115;0;8104400000
9009438;1;2;3;Banco Davivienda S.A.;8600343137;2;1;1;1;2;1;251;0;4041840000
9009438;1;2;16;Banco De Bogota S.A.;8600029644;2;1;1;1;2;1;102;0;5064500000
9009438;1;2;16;Financiera De Desarrollo Territorial S.A. Findeter;8000963291;2;1;1;1;2;1;139;0;504860000
9009438;1;2;16;Banco Colpatria Multibanca Colpatria S.A.;8600345941;2;1;1;1;2;1;226;0;1011810000
9009438;1;2;16;Bancolombia S.A.;8909039388;2;1;1;1;2;1;105;0;2042660000
9009438;1;2;16;Bancolombia S.A.;8909039388;2;1;1;1;2;1;289;0;20374800000
9009438;1;2;16;Bancolombia S.A.;8909039388;2;1;1;1;2;1;474;0;4625460000
9009438;1;2;16;Bancolombia S.A.;8909039388;2;1;1;1;2;1;307;0;1014090000
9009438;1;2;16;Financiera De Desarrollo Territorial S.A. Findeter;8000963291;2;1;1;1;2;1;301;0;1518870000
9009438;1;2;16;Bbva Colombia S.A.;8600030201;2;1;1;1;2;1;538;0;5115500000
9009438;1;2;16;Financiera De Desarrollo Territorial S.A. Findeter;8000963291;2;1;1;1;2;1;310;0;5054200000
9009438;1;2;16;Banco Davivienda S.A.;8600343137;2;1;1;1;2;1;314;0;1518810000
9009438;1;2;16;Financiera De Desarrollo Territorial S.A. Findeter;8000963291;2;1;1;1;2;1;315;0;7071400000
9009438;1;2;16;Bancolombia S.A.;8909039388;2;1;1;1;2;1;317;0;5556100000
9009438;1;2;16;Banco Colpatria Multibanca Colpatria S.A.;8600345941;2;1;1;1;2;1;122;0;2024380000
9009438;1;2;16;Bancolombia S.A.;8909039388;2;1;1;1;2;4;136;0;6554275000
9009438;1;2;3;Bancolombia S.A.;8909039388;2;1;1;1;2;1;285;0;2043880000
9009438;1;2;16;Banco Davivienda S.A.;8600343137;2;1;1;1;2;1;339;0;20168400000
9009438;1;2;16;Banco De Comercio Ext. De Colombia S.A. Bancoldex;8001499236;2;1;1;1;2;1;162;0;1507305000
9009438;1;2;16;Banco Davivienda S.A.;8600343137;2;1;1;1;2;1;163;0;5021600000
9009438;1;2;16;Banco Davivienda S.A.;8600343137;2;1;1;1;2;1;163;0;8540205000
9009438;1;2;16;Banco Popular S.A.;8600077389;2;1;1;1;2;1;169;0;4015640000
9009438;1;2;16;Banco Colpatria Multibanca Colpatria S.A.;8600345941;2;1;1;1;2;1;176;0;2005880000
9009438;1;2;16;Banco Davivienda S.A.;8600343137;2;1;1;1;2;1;722;0;10108400000
9009438;1;2;16;Financiera De Desarrollo Territorial S.A. Findeter;8000963291;2;1;1;1;2;1;360;0;5008800000
9009438;1;2;16;Financiera De Desarrollo Territorial S.A. Findeter;8000963291;2;1;1;1;2;1;360;0;14024640000
9009438;1;2;16;Financiera De Desarrollo Territorial S.A. Findeter;8000963291;2;1;1;1;2;1;360;0;4507920000
9009438;1;2;16;Banco Popular S.A.;8600077389;2;1;1;1;2;1;182;0;1001870000
9009438;1;2;16;Financiera De Desarrollo Territorial S.A. Findeter;8000963291;2;1;1;1;2;1;365;0;2502775000
9009438;1;2;16;Banco De Bogota S.A.;8600029644;2;1;1;1;2;1;366;0;6033360000
9009438;1;2;16;Banco Av Villas S.A.;8600358275;2;1;1;1;2;1;189;0;8035040000
9009438;1;2;16;Banco De Comercio Ext. De Colombia S.A. Bancoldex;8001499236;2;1;1;1;2;1;190;0;5521725000
9009438;1;2;16;Banco Corpbanca Colombia S.A;8909039370;2;1;1;1;2;4;8;0;7023030000
9009438;1;2;16;Banco Corpbanca Colombia S.A;8909039370;2;1;1;1;2;11;191;0;5024800000
9009438;1;2;16;Banco Corpbanca Colombia S.A;8909039370;2;1;1;1;2;11;191;0;4051920000
9009438;1;2;16;Financiera De Desarrollo Territorial S.A. Findeter;8000963291;2;1;1;1;2;1;69;0;351848000
9009438;1;2;16;Financiera De Desarrollo Territorial S.A. Findeter;8000963291;2;1;1;1;2;1;69;0;150792000
9009438;1;2;16;Financiera De Desarrollo Territorial S.A. Findeter;8000963291;2;1;1;1;2;1;69;0;502640000
9009438;1;2;16;Bancolombia S.A.;8909039388;2;1;1;1;2;1;374;0;3045030000
9009438;1;2;16;Banco De Bogota S.A.;8600029644;2;1;1;1;2;1;192;0;1518120000
9009438;1;2;16;Banco Davivienda S.A.;8600343137;2;1;1;1;2;1;374;0;2031720000
9009438;1;2;16;Banco Popular S.A.;8600077389;2;1;1;1;2;1;195;0;501910000
9009438;1;2;16;Bancolombia S.A.;8909039388;2;1;1;1;2;1;374;0;3552535000
9009438;1;2;16;Bancolombia S.A.;8909039388;2;1;1;1;2;1;379;0;12678000000
9009438;1;2;16;Banco De Bogota S.A.;8600029644;2;1;1;1;2;1;197;0;1011030000
9009438;1;2;16;Banco De Bogota S.A.;8600029644;2;1;1;1;2;4;14;0;1503600000
9009438;1;2;16;Banco De Bogota S.A.;8600029644;2;1;1;1;2;1;197;0;3510360000
9009438;1;2;16;Banco Colpatria Multibanca Colpatria S.A.;8600345941;2;1;1;1;2;1;197;0;3511375000
9009438;1;2;3;Bancolombia S.A.;8909039388;2;1;1;1;2;1;149;0;1016170000
9009438;1;2;16;Banco Colpatria Multibanca Colpatria S.A.;8600345941;2;1;1;1;2;1;380;0;6020880000
9009438;1;2;16;Banco Colpatria Multibanca Colpatria S.A.;8600345941;2;1;1;1;2;1;198;0;2006220000
9009438;1;2;3;Banco Corpbanca Colombia S.A;8909039370;2;1;1;1;2;11;380;0;3016770000
9009438;1;2;3;Bancolombia S.A.;8909039388;2;1;1;1;2;1;149;0;5080850000
9009438;1;2;16;Banco Colpatria Multibanca Colpatria S.A.;8600345941;2;1;1;1;2;1;204;0;5011250000
9009438;1;2;16;Bancolombia S.A.;8909039388;2;1;1;1;2;1;386;0;8114960000
9009438;1;2;16;Banco Corpbanca Colombia S.A;8909039370;2;1;1;1;2;4;28;0;3002280000
9009438;1;2;16;Banco Corpbanca Colombia S.A;8909039370;2;1;1;1;2;4;29;0;6003840000
9009438;1;2;16;Banco Av Villas S.A.;8600358275;2;1;1;1;2;1;214;0;10010600000
9009438;1;2;16;Financiera De Desarrollo Territorial S.A. Findeter;8000963291;2;1;1;1;2;1;398;0;9044280000
9009438;1;2;16;Banco Davivienda S.A.;8600343137;2;1;1;1;2;1;399;0;4049880000
9009438;1;2;16;Banco Davivienda S.A.;8600343137;2;1;1;1;2;1;218;0;2525825000
9009438;1;2;16;Banco Av Villas S.A.;8600358275;2;1;1;1;2;1;399;0;5026150000
9009438;1;2;16;Banco Colpatria Multibanca Colpatria S.A.;8600345941;2;1;1;1;2;1;407;0;4015240000
9009438;1;2;16;Bancolombia S.A.;8909039388;2;1;1;1;2;1;408;0;2031520000
9009438;1;2;16;Bancolombia S.A.;8909039388;2;1;1;1;2;1;255;0;2017700000
9009438;1;2;16;Bbva Colombia S.A.;8600030201;2;1;1;1;2;1;438;0;1020730000
9009438;1;2;3;Banco Popular S.A.;8600077389;2;1;1;1;2;1;253;0;2037920000
9009438;1;2;16;Bancolombia S.A.;8909039388;2;1;1;1;2;1;429;0;1612416000
9009438;1;2;16;Bancolombia S.A.;8909039388;2;1;1;1;2;1;429;0;403104000
9009438;1;2;16;Banco Popular S.A.;8600077389;2;1;1;1;2;1;433;0;1010600000
9009438;1;2;16;Bancolombia S.A.;8909039388;2;1;1;1;2;1;443;0;4022440000
9009438;1;2;16;Banco Colpatria Multibanca Colpatria S.A.;8600345941;2;1;1;1;2;1;444;0;5041250000
9009438;1;2;16;Bancolombia S.A.;8909039388;2;1;1;1;2;1;447;0;1005000000
9009438;1;2;16;Banco De Bogota S.A.;8600029644;2;1;1;1;2;1;339;0;4068120000
9009438;1;2;16;Banco Colpatria Multibanca Colpatria S.A.;8600345941;2;1;1;1;2;1;458;0;3059610000
9009438;1;2;16;Banco Colpatria Multibanca Colpatria S.A.;8600345941;2;1;1;1;2;1;462;0;13258830000
9009438;1;2;16;Banco Davivienda S.A.;8600343137;2;1;1;1;2;1;463;0;1524360000
9009438;1;2;16;Banco Davivienda S.A.;8600343137;2;1;1;1;2;1;463;0;1016240000
9009438;1;2;16;Bancolombia S.A.;8909039388;2;1;1;1;2;4;103;0;3540110000
9009438;1;2;16;Banco Corpbanca Colombia S.A;8909039370;2;1;1;1;2;6;103;0;3035100000
9009438;1;2;16;Banco Davivienda S.A.;8600343137;2;1;1;1;2;1;468;0;1522110000
9009438;1;2;16;Banco Colpatria Multibanca Colpatria S.A.;8600345941;2;1;1;1;2;1;470;0;5089600000
9009438;1;2;16;Banco Davivienda S.A.;8600343137;2;1;1;1;2;4;105;0;7078330000
9009438;1;2;16;Banco Colpatria Multibanca Colpatria S.A.;8600345941;2;1;1;1;2;1;471;0;1017750000
9009438;1;2;16;Banco Gnb Sudameris S.A.;8600507501;2;1;1;1;2;4;107;0;6069600000
9009438;1;2;16;Bancolombia S.A.;8909039388;2;1;1;1;2;4;110;0;20210200000
9009438;1;2;16;Banco Colpatria Multibanca Colpatria S.A.;8600345941;2;1;1;1;2;1;475;0;1017100000
9009438;1;2;16;Banco Davivienda S.A.;8600343137;2;1;1;1;2;1;291;0;2530800000
9009438;1;2;16;Banco Davivienda S.A.;8600343137;2;1;1;1;2;1;291;0;1012320000
9009438;1;2;16;Banco Colpatria Multibanca Colpatria S.A.;8600345941;2;1;1;1;2;1;294;0;10113900000
9009438;1;2;16;Banco De Bogota S.A.;8600029644;2;1;1;1;2;4;117;0;2019100000
9009438;1;2;16;Banco De Bogota S.A.;8600029644;2;1;1;1;2;4;117;0;504775000
9009438;1;2;16;Banco Gnb Sudameris S.A.;8600507501;2;1;1;1;2;4;117;0;5555495000
9009438;1;2;16;Banco Popular S.A.;8600077389;2;1;1;1;2;1;299;0;1000900000
9009438;1;2;16;Banco Corpbanca Colombia S.A;8909039370;2;1;1;1;2;6;120;0;10103300000
9009438;1;2;16;Bancolombia S.A.;8909039388;2;1;1;1;2;4;124;0;4034320000
9009438;1;2;16;Banco Corpbanca Colombia S.A;8909039370;2;1;1;1;2;6;127;0;3023850000
9009438;1;2;16;Banco Popular S.A.;8600077389;2;1;1;1;2;1;315;0;7513800000
9009438;1;2;16;Banco De Bogota S.A.;8600029644;2;1;1;1;2;1;316;0;5008450000
9009438;1;2;16;Banco De Bogota S.A.;8600029644;2;1;1;1;2;1;316;0;6010140000
9009438;1;2;16;Banco Corpbanca Colombia S.A;8909039370;2;1;1;1;2;6;134;0;10083900000
9009438;1;2;16;Bancolombia S.A.;8909039388;2;1;1;1;2;4;135;0;3021180000
9009438;1;2;16;Bancolombia S.A.;8909039388;2;1;1;1;2;4;135;0;3021180000
9009438;1;2;16;Bancolombia S.A.;8909039388;2;1;1;1;2;4;105;0;10213300000
9009438;1;2;16;Bancolombia S.A.;8909039388;2;1;1;1;2;4;105;0;7149310000
9009438;1;2;16;Corporacion Financiera Colombiana S.A.;8903006536;2;1;1;1;2;4;50;0;8013520000
9009438;1;2;16;Gmac Financiera De Colombia S.A.;8600293968;2;1;1;1;2;4;84;0;6194220000
9009438;1;2;16;Banco Davivienda S.A.;8600343137;2;1;1;1;2;4;145;0;2511475000
9009438;1;2;16;Corporacion Financiera Colombiana S.A.;8903006536;2;1;1;1;2;4;53;0;2002580000
9009438;1;2;16;Banco Davivienda S.A.;8600343137;2;1;1;1;2;4;146;0;10046900000
9009438;1;2;16;Gmac Financiera De Colombia S.A.;8600293968;2;1;1;1;2;4;85;0;3096690000
9009438;1;2;16;Bancolombia S.A.;8909039388;2;1;1;1;2;1;301;0;8998110000
9009438;1;2;16;Rci Colombia S.A.;9009776290;2;1;1;1;2;1;256;0;1510695000
9009438;1;2;10;Ministerio De Hacienda Y Credito Publico;8999990902;2;1;1;1;4;9;5;0;9994300000
9009438;1;2;16;Banco Falabella S.A.;9000479818;2;1;1;1;2;6;21;0;2020560000
9009438;1;2;16;Banco Corpbanca Colombia S.A;8909039370;2;1;1;1;2;6;218;0;20260000000
9009438;1;2;16;Banco Colpatria Multibanca Colpatria S.A.;8600345941;2;1;1;1;2;1;223;0;8092400000
9009438;1;2;16;Banco Davivienda S.A.;8600343137;2;1;1;1;2;4;224;0;8088400000
9009438;1;2;16;Bancolombia S.A.;8909039388;2;1;1;1;2;6;225;0;15163500000
9009438;1;2;16;Bancolombia S.A.;8909039388;2;1;1;1;2;6;229;0;5051500000
9009438;1;2;10;Ministerio De Hacienda Y Credito Publico;8999990902;2;1;1;1;4;9;1062;0;5287700000
9009438;1;2;16;Bancolombia S.A.;8909039388;2;1;1;1;2;6;237;0;10091000000
9009438;1;2;16;Banco Colpatria Multibanca Colpatria S.A.;8600345941;2;1;1;1;2;1;238;0;8579050000
9009438;1;2;10;Ministerio De Hacienda Y Credito Publico;8999990902;2;1;1;1;4;9;1062;0;10575400000
9009438;1;2;16;Banco Davivienda S.A.;8600343137;2;1;1;1;2;1;609;0;40600800000
9009438;1;2;16;Banco Davivienda S.A.;8600343137;2;1;1;1;2;1;611;0;3044070000
9009438;1;2;16;Banco Davivienda S.A.;8600343137;2;1;1;1;2;1;612;0;15217950000
9009438;1;2;16;Gmac Financiera De Colombia S.A.;8600293968;2;1;1;1;2;4;251;0;5036250000
9009438;1;2;16;Bancolombia S.A.;8909039388;2;1;1;1;2;6;252;0;15102600000
9009438;1;2;16;Banco Corpbanca Colombia S.A;8909039370;2;1;1;1;2;11;622;0;5064350000
9009438;1;2;16;Banco Corpbanca Colombia S.A;8909039370;2;1;1;1;2;6;265;0;3013560000
9009438;1;2;16;Banco Davivienda S.A.;8600343137;2;1;1;1;2;1;447;0;20143800000
9009438;1;2;16;Banco Corpbanca Colombia S.A;8909039370;2;1;1;1;2;11;632;0;10104200000
9009438;1;2;16;Banco Davivienda S.A.;8600343137;2;1;1;1;2;1;448;0;10070300000
9009438;1;2;16;Banco De Bogota S.A.;8600029644;2;1;1;1;2;1;457;0;5028000000
9009438;1;2;16;Banco De Bogota S.A.;8600029644;2;1;1;1;2;1;457;0;7039200000
9009438;1;2;16;Corporacion Financiera Colombiana S.A.;8903006536;2;1;1;1;2;1;273;0;10042600000
9009438;1;2;16;Banco Davivienda S.A.;8600343137;2;1;1;1;2;1;638;0;10070200000
9009438;1;2;16;Banco Davivienda S.A.;8600343137;2;1;1;1;2;1;457;0;20591020000
9009438;1;2;16;Banco De Bogota S.A.;8600029644;2;1;1;1;2;1;275;0;8136960000
9009438;1;2;16;Financiera De Desarrollo Territorial S.A. Findeter;8000963291;2;1;1;1;2;6;8;0;7091000000
9009438;1;2;16;Financiera De Desarrollo Territorial S.A. Findeter;8000963291;2;1;1;1;2;6;17;0;5057050000
9009438;1;2;3;Banco De Comercio Ext. De Colombia S.A. Bancoldex;8001499236;2;1;1;1;2;6;92;0;30171000000
9009438;1;2;10;Ministerio De Hacienda Y Credito Publico;8999990902;2;1;1;1;4;9;1873;0;1281010000
9009438;1;2;10;Ministerio De Hacienda Y Credito Publico;8999990902;2;1;1;1;4;9;413;0;2919250000
9009438;1;2;10;Ministerio De Hacienda Y Credito Publico;8999990902;2;1;1;1;4;9;1062;0;5287700000
9009438;1;2;10;Ministerio De Hacienda Y Credito Publico;8999990902;2;1;1;1;4;9;1062;0;2643850000
9009438;1;2;16;Banco Corpbanca Colombia S.A;8909039370;2;1;1;1;2;11;473;0;10160400000
9009438;1;2;16;Bancolombia S.A.;8909039388;2;1;1;1;2;1;289;0;2536275000
9009438;1;2;16;Gmac Financiera De Colombia S.A.;8600293968;2;1;1;1;2;1;289;0;5060200000
9009438;1;2;10;Ministerio De Hacienda Y Credito Publico;8999990902;2;1;1;1;4;9;413;0;2335400000
9009438;1;2;16;Bancolombia S.A.;8909039388;2;1;1;1;2;1;293;0;5069450000
9009438;1;2;10;Ministerio De Hacienda Y Credito Publico;8999990902;2;1;1;1;4;9;413;0;9341600000
9009438;1;2;16;Banco Corpbanca Colombia S.A;8909039370;2;1;1;1;2;11;477;0;10140000000
9009438;1;2;10;Ministerio De Hacienda Y Credito Publico;8999990902;2;1;1;1;4;9;1873;0;2562020000
9009438;1;2;16;Financiera De Desarrollo Territorial S.A. Findeter;8000963291;2;1;1;1;2;6;162;0;2514400000
9009438;1;2;16;Financiera De Desarrollo Territorial S.A. Findeter;8000963291;2;1;1;1;2;6;162;0;3018300000
9009438;1;2;16;Banco De Bogota S.A.;8600029644;2;1;1;1;2;4;121;0;5003300000
9009438;1;2;16;Banco De Bogota S.A.;8600029644;2;1;1;1;2;4;204;0;5004100000
9009438;1;2;16;Banco De Bogota S.A.;8600029644;2;1;1;1;2;4;204;0;5004100000
9009438;1;2;16;Financiera De Desarrollo Territorial S.A. Findeter;8000963291;2;1;1;1;2;6;127;0;4019600000
9009438;1;2;16;Bancolombia S.A.;8909039388;2;1;1;1;2;1;303;0;5059450000
9009438;1;2;16;Bancolombia S.A.;8909039388;2;1;1;1;2;1;303;0;2529725000
9009438;1;2;16;Banco Corpbanca Colombia S.A;8909039370;2;1;1;1;2;11;486;0;10125300000
9009438;1;2;19;Titularizadora Colombiana S.A. Hitos;8300895306;2;1;1;1;2;1;1762;0;1807543194.39
9009438;1;2;19;Titularizadora Colombiana S.A. Hitos;8300895306;2;1;1;1;2;1;1762;0;2711314791.58
9009438;1;2;16;Corporacion Financiera Colombiana S.A.;8903006536;2;1;1;1;2;1;306;0;7077490000
9009438;1;2;16;Bancolombia S.A.;8909039388;2;1;1;1;2;6;69;0;5019250000
9009438;1;2;16;Bbva Colombia S.A.;8600030201;2;1;1;1;2;1;678;0;8083920000
9009438;1;2;16;Bbva Colombia S.A.;8600030201;2;1;1;1;2;1;678;0;30314700000
9009438;1;2;16;Banco Davivienda S.A.;8600343137;2;1;1;1;2;1;315;0;10018400000
9009438;1;2;16;Banco De Bogota S.A.;8600029644;2;1;1;1;2;1;327;0;8004320000
9009438;1;2;16;Banco Davivienda S.A.;8600343137;2;1;1;1;2;1;678;0;29350610000
9009438;1;2;16;Banco De Comercio Ext. De Colombia S.A. Bancoldex;8001499236;2;1;1;1;2;6;233;0;15103500000
9009438;1;2;16;Banco Gnb Sudameris S.A.;8600507501;2;1;1;1;2;11;314;0;7026460000
9009438;1;2;16;Corporacion Financiera Colombiana S.A.;8903006536;2;1;1;1;2;1;315;0;5049650000
9009438;1;2;16;Banco Corpbanca Colombia S.A;8909039370;2;1;1;1;2;11;320;0;15136200000
9009438;1;2;16;Banco De Comercio Ext. De Colombia S.A. Bancoldex;8001499236;2;1;1;1;2;1;503;0;11027390000
9009438;1;2;16;Bancolombia S.A.;8909039388;2;1;1;1;2;1;503;0;7022190000
9009438;1;2;16;Bancolombia S.A.;8909039388;2;1;1;1;2;1;503;0;7022190000
9009438;1;2;16;Bancolombia S.A.;8909039388;2;1;1;1;2;6;320;0;5005550000
9009438;1;2;16;Bancolombia S.A.;8909039388;2;1;1;1;2;1;504;0;20060400000
9009438;1;2;16;Banco Popular S.A.;8600077389;2;1;1;1;2;4;188;0;5069400000
9009438;1;2;16;Banco De Bogota S.A.;8600029644;2;1;1;1;2;4;149;0;1004620000
9009438;1;2;16;Banco De Comercio Ext. De Colombia S.A. Bancoldex;8001499236;2;1;1;1;2;1;521;0;4016520000
9009438;1;2;16;Bancolombia S.A.;8909039388;2;1;1;1;2;1;529;0;9038070000
9009438;1;2;16;Bancolombia S.A.;8909039388;2;1;1;1;2;1;529;0;2008460000
9009438;1;2;3;Banco Corpbanca Colombia S.A;8909039370;2;1;1;1;2;11;1079;0;10071700000
9009438;1;2;16;Bancolombia S.A.;8909039388;2;1;1;1;2;1;534;0;15041100000
9009438;1;2;16;Bancolombia S.A.;8909039388;2;1;1;1;2;1;715;0;5016750000
9009438;1;2;16;Compañia De Financiamiento Tuya Sa;8600323303;2;1;1;1;2;6;46;0;5032050000
9009438;1;2;16;Banco Corpbanca Colombia S.A;8909039370;2;1;1;1;2;11;352;0;4007960000
9009438;1;2;16;Bancolombia S.A.;8909039388;2;1;1;1;2;1;720;0;6015420000
9009438;1;2;16;Bancolombia S.A.;8909039388;2;1;1;1;2;1;720;0;2005140000
9009438;1;2;10;Ministerio De Hacienda Y Credito Publico;8999990902;2;1;1;1;4;9;1873;0;6405050000
9009438;1;2;16;Corporacion Financiera Colombiana S.A.;8903006536;2;1;1;1;2;1;363;0;9002970000
9009438;1;2;16;Bancolombia S.A.;8909039388;2;1;1;1;2;1;728;0;1001350000
9009438;1;2;16;Bancolombia S.A.;8909039388;2;1;1;1;2;1;728;0;9012150000
9009438;1;2;16;Bancolombia S.A.;8909039388;2;1;1;1;2;1;546;0;7506675000
9009438;1;2;16;Banco De Bogota S.A.;8600029644;2;1;1;1;2;1;730;0;1000000000
9009453;2;1;0;Banco De Occidente S.A.;8903002794;0;0;0;0;0;0;0;0;483745.99
9009453;2;2;0;Helm Bank;8600076603;0;0;0;0;0;0;0;0;2063007.95
9009453;2;2;0;Helm Bank;8600076603;0;0;0;0;0;0;0;0;1984840194.8
9009453;2;2;0;Hsbc Colombia S.A.;8600509309;0;0;0;0;0;0;0;0;0
9009453;2;2;0;Citibank Colombia S.A.;8600511354;0;0;0;0;0;0;0;0;2981856.59
9009453;2;2;0;Banco Colpatria Multibanca Colpatria S.A.;8600345941;0;0;0;0;0;0;0;0;2229296
9009453;2;2;0;Banco Colpatria Multibanca Colpatria S.A.;8600345941;0;0;0;0;0;0;0;0;18693117503.72
9009453;2;2;0;Bancolombia S.A.;8909039388;0;0;0;0;0;0;0;0;1709091.72
9009453;2;2;0;Bancolombia S.A.;8909039388;0;0;0;0;0;0;0;0;9827665417.11
9009453;2;1;0;Banco De Occidente S.A.;8903002794;0;0;0;0;0;0;0;0;0
9009453;2;2;0;Banco Corpbanca Colombia S.A;8909039370;0;0;0;0;0;0;0;0;2039443.01
9009453;2;2;0;Banco Corpbanca Colombia S.A;8909039370;0;0;0;0;0;0;0;0;1659360661.53
9009453;2;2;0;Banco Av Villas S.A.;8600358275;0;0;0;0;0;0;0;0;2024882.62
9009453;2;2;0;Banco Av Villas S.A.;8600358275;0;0;0;0;0;0;0;0;1810383682.12
9009453;2;2;0;Banco Av Villas S.A.;8600358275;0;0;0;0;0;0;0;0;305285328.65
9009453;2;2;0;Banco De Bogota S.A.;8600029644;0;0;0;0;0;0;0;0;22086094667.79
9009453;2;2;0;Banco De Bogota S.A.;8600029644;0;0;0;0;0;0;0;0;2003244.26
9009453;2;2;0;Banco Popular S.A.;8600077389;0;0;0;0;0;0;0;0;2166492.88
9009453;2;2;0;Banco Caja Social;8600073354;0;0;0;0;0;0;0;0;2058603
9009453;2;2;0;Banco Popular S.A.;8600077389;0;0;0;0;0;0;0;0;25888190154.63
9009453;2;2;0;Banco Caja Social;8600073354;0;0;0;0;0;0;0;0;32765595709.07
9009453;2;1;0;Banco De Occidente S.A.;8903002794;0;0;0;0;0;0;0;0;19869844.13
9009453;2;1;0;Banco De Occidente S.A.;8903002794;0;0;0;0;0;0;0;0;1148187922.22
9009453;2;1;0;Banco De Occidente S.A.;8903002794;0;0;0;0;0;0;0;0;64839232.68
9009453;2;1;0;Banco De Occidente S.A.;8903002794;0;0;0;0;0;0;0;0;9449843661.35
9009453;2;2;0;Bbva Colombia S.A.;8600030201;0;0;0;0;0;0;0;0;15820589420.41
9009453;2;2;0;Bbva Colombia S.A.;8600030201;0;0;0;0;0;0;0;0;1967253
9009453;2;2;0;Banco Agrario De Colombia S.A;8000378008;0;0;0;0;0;0;0;0;1874860
9009453;2;1;0;Banco De Occidente S.A.;8903002794;0;0;0;0;0;0;0;0;0
9009453;2;2;0;Banco Pichincha S.A.;8902007567;0;0;0;0;0;0;0;0;0
9009453;2;2;0;Banco Pichincha S.A.;8902007567;0;0;0;0;0;0;0;0;0
9009453;2;2;0;Banco Agrario De Colombia S.A;8000378008;0;0;0;0;0;0;0;0;51100642708.31
9009453;2;2;0;Banco Davivienda S.A.;8600343137;0;0;0;0;0;0;0;0;2067676
9009453;2;2;0;Banco Davivienda S.A.;8600343137;0;0;0;0;0;0;0;0;1838845570.11
9009453;2;2;0;Citibank Colombia S.A.;8600511354;0;0;0;0;0;0;0;0;12509507746.14
9009453;2;2;0;Banco Gnb Sudameris S.A.;8600507501;0;0;0;0;0;0;0;0;1940816.31
9009453;2;1;0;Banco De Occidente S.A.;8903002794;0;0;0;0;0;0;0;0;0
9009453;2;1;0;Banco De Occidente S.A.;8903002794;0;0;0;0;0;0;0;0;0
9009453;2;1;0;Banco De Occidente S.A.;8903002794;0;0;0;0;0;0;0;0;0
9009453;2;1;0;Banco De Occidente S.A.;8903002794;0;0;0;0;0;0;0;0;0
9009453;2;2;0;Banco Gnb Sudameris S.A.;8600507501;0;0;0;0;0;0;0;0;75733863018.48
9009453;1;2;16;Banco De Bogota S.A.;8600029644;2;1;1;1;2;1;136;0;1007400000
9009453;1;2;16;Banco Colpatria Multibanca Colpatria S.A.;8600345941;2;1;1;1;2;1;86;0;1005430000
9009453;1;2;16;Banco Davivienda S.A.;8600343137;2;1;1;1;2;1;107;0;2035160000
9009453;1;2;16;Bancolombia S.A.;8909039388;2;1;1;1;2;1;174;0;1006740000
9009453;1;2;16;Banco Davivienda S.A.;8600343137;2;1;1;1;2;1;108;0;2034880000
9009453;1;2;16;Bancolombia S.A.;8909039388;2;1;1;1;2;1;231;0;3031560000
9009453;1;2;16;Bancolombia S.A.;8909039388;2;1;1;1;2;1;223;0;1524735000
9009453;1;2;16;Bbva Colombia S.A.;8600030201;2;1;1;1;2;1;241;0;8035680000
9009453;1;2;16;Banco Davivienda S.A.;8600343137;2;1;1;1;2;1;77;0;6023400000
9009453;1;2;16;Banco Colpatria Multibanca Colpatria S.A.;8600345941;2;1;1;1;2;1;265;0;5026250000
9009453;1;2;16;Bbva Colombia S.A.;8600030201;2;1;1;1;2;1;641;0;4050800000
9009453;1;2;16;Bbva Colombia S.A.;8600030201;2;1;1;1;2;1;50;0;1516425000
9009453;1;2;16;Bancolombia S.A.;8909039388;2;1;1;1;2;1;231;0;2021040000
9009453;1;2;16;Banco De Bogota S.A.;8600029644;2;1;1;1;2;1;102;0;2025800000
9009453;1;2;16;Bancolombia S.A.;8909039388;2;1;1;1;2;1;337;0;4069360000
9009453;1;2;16;Banco De Comercio Ext. De Colombia S.A. Bancoldex;8001499236;2;1;1;1;2;1;286;0;3068550000
9009453;1;2;16;Banco De Comercio Ext. De Colombia S.A. Bancoldex;8001499236;2;1;1;1;2;1;285;0;511500000
9009453;1;2;16;Banco De Comercio Ext. De Colombia S.A. Bancoldex;8001499236;2;1;1;1;2;1;279;0;1535850000
9009453;1;2;16;Bancolombia S.A.;8909039388;2;1;1;1;2;1;474;0;2569700000
9009453;1;2;16;Financiera De Desarrollo Territorial S.A. Findeter;8000963291;2;1;1;1;2;1;301;0;1012580000
9009453;1;2;16;Bbva Colombia S.A.;8600030201;2;1;1;1;2;1;538;0;4092400000
9009453;1;2;16;Financiera De Desarrollo Territorial S.A. Findeter;8000963291;2;1;1;1;2;1;310;0;7075880000
9009453;1;2;16;Bancolombia S.A.;8909039388;2;1;1;1;2;1;314;0;4046400000
9009453;1;2;16;Bancolombia S.A.;8909039388;2;1;1;1;2;1;314;0;505800000
9009453;1;2;16;Bancolombia S.A.;8909039388;2;1;1;1;2;1;317;0;3030600000
9009453;1;2;16;Banco De Bogota S.A.;8600029644;2;1;1;1;2;1;35;0;504975000
9009453;1;2;16;Banco Davivienda S.A.;8600343137;2;1;1;1;2;1;339;0;17143140000
9009453;1;2;16;Banco Davivienda S.A.;8600343137;2;1;1;1;2;1;163;0;4521285000
9009453;1;2;16;Banco Davivienda S.A.;8600343137;2;1;1;1;2;1;163;0;10043200000
9009453;1;2;16;Banco Colpatria Multibanca Colpatria S.A.;8600345941;2;1;1;1;2;1;176;0;6017640000
9009453;1;2;16;Banco Davivienda S.A.;8600343137;2;1;1;1;2;1;722;0;3032520000
9009453;1;2;16;Financiera De Desarrollo Territorial S.A. Findeter;8000963291;2;1;1;1;2;1;360;0;3506160000
9009453;1;2;16;Financiera De Desarrollo Territorial S.A. Findeter;8000963291;2;1;1;1;2;1;360;0;1502640000
9009453;1;2;16;Banco Av Villas S.A.;8600358275;2;1;1;1;2;1;189;0;4017520000
9009453;1;2;16;Banco De Comercio Ext. De Colombia S.A. Bancoldex;8001499236;2;1;1;1;2;1;190;0;501975000
9009453;1;2;16;Banco Corpbanca Colombia S.A;8909039370;2;1;1;1;2;11;191;0;3517360000
9009453;1;2;16;Banco Corpbanca Colombia S.A;8909039370;2;1;1;1;2;11;191;0;3038940000
9009453;1;2;16;Bbva Colombia S.A.;8600030201;2;1;1;1;2;1;71;0;252052500
9009453;1;2;16;Bbva Colombia S.A.;8600030201;2;1;1;1;2;1;71;0;252052500
9009453;1;2;16;Bbva Colombia S.A.;8600030201;2;1;1;1;2;1;71;0;504105000
9009453;1;2;16;Bancolombia S.A.;8909039388;2;1;1;1;2;1;374;0;3045030000
9009453;1;2;16;Banco Davivienda S.A.;8600343137;2;1;1;1;2;1;374;0;5079300000
9009453;1;2;16;Banco De Bogota S.A.;8600029644;2;1;1;1;2;1;197;0;2005920000
9009453;1;2;16;Banco Colpatria Multibanca Colpatria S.A.;8600345941;2;1;1;1;2;1;386;0;2005180000
9009453;1;2;16;Bancolombia S.A.;8909039388;2;1;1;1;2;1;386;0;4057480000
9009453;1;2;16;Banco Av Villas S.A.;8600358275;2;1;1;1;2;1;177;0;2004720000
9009453;1;2;16;Banco Colpatria Multibanca Colpatria S.A.;8600345941;2;1;1;1;2;1;205;0;2004220000
9009453;1;2;16;Financiera De Desarrollo Territorial S.A. Findeter;8000963291;2;1;1;1;2;1;271;0;2002120000
9009453;1;2;16;Banco Corpbanca Colombia S.A;8909039370;2;1;1;1;2;4;28;0;1501140000
9009453;1;2;16;Banco Corpbanca Colombia S.A;8909039370;2;1;1;1;2;4;29;0;4002560000
9009453;1;2;16;Financiera De Desarrollo Territorial S.A. Findeter;8000963291;2;1;1;1;2;1;224;0;1506420000
9009453;1;2;16;Financiera De Desarrollo Territorial S.A. Findeter;8000963291;2;1;1;1;2;1;225;0;2510325000
9009453;1;2;16;Bbva Colombia S.A.;8600030201;2;1;1;1;2;1;241;0;6026760000
9009453;1;2;16;Financiera De Desarrollo Territorial S.A. Findeter;8000963291;2;1;1;1;2;1;398;0;5024600000
9009453;1;2;16;Bancolombia S.A.;8909039388;2;1;1;1;2;1;226;0;1015690000
9009453;1;2;16;Banco Av Villas S.A.;8600358275;2;1;1;1;2;1;399;0;1005230000
9009453;1;2;16;Bancolombia S.A.;8909039388;2;1;1;1;2;1;226;0;2539225000
9009453;1;2;16;Banco Av Villas S.A.;8600358275;2;1;1;1;2;1;400;0;4020320000
9009453;1;2;16;Banco Colpatria Multibanca Colpatria S.A.;8600345941;2;1;1;1;2;1;407;0;4015240000
9009453;1;2;16;Banco Colpatria Multibanca Colpatria S.A.;8600345941;2;1;1;1;2;1;415;0;4058560000
9009453;1;2;16;Financiera De Desarrollo Territorial S.A. Findeter;8000963291;2;1;1;1;2;1;241;0;1514550000
9009453;1;2;16;Banco Colpatria Multibanca Colpatria S.A.;8600345941;2;1;1;1;2;1;444;0;3024750000
9009453;1;2;16;Banco Colpatria Multibanca Colpatria S.A.;8600345941;2;1;1;1;2;1;458;0;1019870000
9009453;1;2;16;Banco Colpatria Multibanca Colpatria S.A.;8600345941;2;1;1;1;2;1;461;0;4590360000
9009453;1;2;16;Bancolombia S.A.;8909039388;2;1;1;1;2;4;103;0;3034380000
9009453;1;2;16;Banco Corpbanca Colombia S.A;8909039370;2;1;1;1;2;11;109;0;3207420000
9009453;1;2;16;Banco Corpbanca Colombia S.A;8909039370;2;1;1;1;2;11;136;0;1021060000
9009453;1;2;16;Bancolombia S.A.;8909039388;2;1;1;1;2;4;110;0;5052550000
9009453;1;2;16;Banco Davivienda S.A.;8600343137;2;1;1;1;2;1;291;0;2024640000
9009453;1;2;16;Banco Av Villas S.A.;8600358275;2;1;1;1;2;1;293;0;5057800000
9009453;1;2;16;Banco Colpatria Multibanca Colpatria S.A.;8600345941;2;1;1;1;2;1;294;0;5056950000
9009453;1;2;16;Banco De Bogota S.A.;8600029644;2;1;1;1;2;1;339;0;5085150000
9009453;1;2;16;Banco De Bogota S.A.;8600029644;2;1;1;1;2;1;339;0;1017030000
9009453;1;2;16;Banco Corpbanca Colombia S.A;8909039370;2;1;1;1;2;6;120;0;5051650000
9009453;1;2;16;Banco Corpbanca Colombia S.A;8909039370;2;1;1;1;2;6;127;0;2015900000
9009453;1;2;16;Banco Davivienda S.A.;8600343137;2;1;1;1;2;4;128;0;6545890000
9009453;1;2;16;Banco Popular S.A.;8600077389;2;1;1;1;2;1;315;0;1502760000
9009453;1;2;16;Banco De Bogota S.A.;8600029644;2;1;1;1;2;1;316;0;1001690000
9009453;1;2;16;Banco Corpbanca Colombia S.A;8909039370;2;1;1;1;2;6;134;0;5041950000
9009453;1;2;16;Bancolombia S.A.;8909039388;2;1;1;1;2;4;135;0;6545890000
9009453;1;2;16;Bancolombia S.A.;8909039388;2;1;1;1;2;4;135;0;1510590000
9009453;1;2;16;Bancolombia S.A.;8909039388;2;1;1;1;2;4;135;0;1510590000
9009453;1;2;16;Bancolombia S.A.;8909039388;2;1;1;1;2;4;105;0;5106650000
9009453;1;2;16;Bancolombia S.A.;8909039388;2;1;1;1;2;4;105;0;4085320000
9009453;1;2;16;Banco Davivienda S.A.;8600343137;2;1;1;1;2;4;146;0;5023450000
9009453;1;2;16;Banco Falabella S.A.;9000479818;2;1;1;1;2;6;21;0;1010280000
9009453;1;2;16;Banco Corpbanca Colombia S.A;8909039370;2;1;1;1;2;6;218;0;10130000000
9009453;1;2;10;Ministerio De Hacienda Y Credito Publico;8999990902;2;1;1;1;4;9;1873;0;640505000
9009453;1;2;10;Ministerio De Hacienda Y Credito Publico;8999990902;2;1;1;1;4;9;1873;0;3202525000
9009453;1;2;10;Ministerio De Hacienda Y Credito Publico;8999990902;2;1;1;1;4;9;1062;0;1057540000
9009453;1;2;10;Ministerio De Hacienda Y Credito Publico;8999990902;2;1;1;1;4;9;1062;0;2115080000
9009453;1;2;10;Ministerio De Hacienda Y Credito Publico;8999990902;2;1;1;1;4;9;1062;0;528770000
9009453;1;2;16;Banco Davivienda S.A.;8600343137;2;1;1;1;2;4;224;0;12132600000
9009453;1;2;16;Bancolombia S.A.;8909039388;2;1;1;1;2;6;225;0;15163500000
9009453;1;2;16;Bancolombia S.A.;8909039388;2;1;1;1;2;6;229;0;8082400000
9009453;1;2;10;Ministerio De Hacienda Y Credito Publico;8999990902;2;1;1;1;4;9;1062;0;1586310000
9009453;1;2;16;Bancolombia S.A.;8909039388;2;1;1;1;2;6;237;0;10091000000
9009453;1;2;16;Banco Colpatria Multibanca Colpatria S.A.;8600345941;2;1;1;1;2;1;238;0;1009300000
9009453;1;2;10;Ministerio De Hacienda Y Credito Publico;8999990902;2;1;1;1;4;9;1062;0;5287700000
9009453;1;2;16;Banco Davivienda S.A.;8600343137;2;1;1;1;2;1;609;0;11165220000
9009453;1;2;16;Banco Corpbanca Colombia S.A;8909039370;2;1;1;1;2;11;617;0;5068500000
9009453;1;2;16;Bancolombia S.A.;8909039388;2;1;1;1;2;6;252;0;15102600000
9009453;1;2;16;Banco Davivienda S.A.;8600343137;2;1;1;1;2;1;447;0;12086280000
9009453;1;2;16;Banco Corpbanca Colombia S.A;8909039370;2;1;1;1;2;11;632;0;10104200000
9009453;1;2;16;Banco Davivienda S.A.;8600343137;2;1;1;1;2;1;448;0;7049210000
9009453;1;2;16;Banco De Bogota S.A.;8600029644;2;1;1;1;2;1;457;0;3016800000
9009453;1;2;16;Banco Corpbanca Colombia S.A;8909039370;2;1;1;1;2;6;143;0;5610385000
9009453;1;2;10;Ministerio De Hacienda Y Credito Publico;8999990902;2;1;1;1;4;9;1873;0;1281010000
9009453;1;2;16;Banco De Bogota S.A.;8600029644;2;1;1;1;2;1;275;0;7119840000
9009453;1;2;16;Banco Colpatria Multibanca Colpatria S.A.;8600345941;2;1;1;1;2;1;16;0;7015050000
9009453;1;2;16;Banco Corpbanca Colombia S.A;8909039370;2;1;1;1;2;11;462;0;1018520000
9009453;1;2;16;Financiera De Desarrollo Territorial S.A. Findeter;8000963291;2;1;1;1;2;6;14;0;4047640000
9009453;1;2;16;Financiera De Desarrollo Territorial S.A. Findeter;8000963291;2;1;1;1;2;6;17;0;5057050000
9009453;1;2;16;Banco Corpbanca Colombia S.A;8909039370;2;1;1;1;2;11;473;0;10160400000
9009453;1;2;16;Bancolombia S.A.;8909039388;2;1;1;1;2;1;289;0;3550785000
9009453;1;2;16;Bancolombia S.A.;8909039388;2;1;1;1;2;1;293;0;5069450000
9009453;1;2;10;Ministerio De Hacienda Y Credito Publico;8999990902;2;1;1;1;4;9;413;0;3503100000
9009453;1;2;10;Ministerio De Hacienda Y Credito Publico;8999990902;2;1;1;1;4;9;413;0;2335400000
9009453;1;2;10;Ministerio De Hacienda Y Credito Publico;8999990902;2;1;1;1;4;9;1873;0;2562020000
9009453;1;2;16;Banco Corpbanca Colombia S.A;8909039370;2;1;1;1;2;11;477;0;8112000000
9009453;1;2;16;Financiera De Desarrollo Territorial S.A. Findeter;8000963291;2;1;1;1;2;6;162;0;10057600000
9009453;1;2;16;Banco De Bogota S.A.;8600029644;2;1;1;1;2;4;121;0;5003300000
9009453;1;2;16;Banco De Bogota S.A.;8600029644;2;1;1;1;2;4;204;0;5004100000
9009453;1;2;16;Banco De Bogota S.A.;8600029644;2;1;1;1;2;4;204;0;5004100000
9009453;1;2;16;Financiera De Desarrollo Territorial S.A. Findeter;8000963291;2;1;1;1;2;6;127;0;10049000000
9009453;1;2;16;Bancolombia S.A.;8909039388;2;1;1;1;2;1;303;0;3035670000
9009453;1;2;16;Bancolombia S.A.;8909039388;2;1;1;1;2;1;303;0;1517835000
9009453;1;2;16;Banco Corpbanca Colombia S.A;8909039370;2;1;1;1;2;11;486;0;10125300000
9009453;1;2;16;Bancolombia S.A.;8909039388;2;1;1;1;2;6;69;0;5019250000
9009453;1;2;16;Banco Davivienda S.A.;8600343137;2;1;1;1;2;1;678;0;10626945000
9009453;1;2;16;Banco De Comercio Ext. De Colombia S.A. Bancoldex;8001499236;2;1;1;1;2;6;233;0;5034500000
9009453;1;2;16;Banco Gnb Sudameris S.A.;8600507501;2;1;1;1;2;11;314;0;3011340000
9009453;1;2;16;Banco Corpbanca Colombia S.A;8909039370;2;1;1;1;2;11;320;0;15136200000
9009453;1;2;16;Bancolombia S.A.;8909039388;2;1;1;1;2;1;503;0;3511095000
9009453;1;2;16;Bancolombia S.A.;8909039388;2;1;1;1;2;1;503;0;4012680000
9009453;1;2;16;Banco De Comercio Ext. De Colombia S.A. Bancoldex;8001499236;2;1;1;1;2;1;503;0;4009960000
9009453;1;2;16;Bancolombia S.A.;8909039388;2;1;1;1;2;1;504;0;10030200000
9009453;1;2;16;Banco De Comercio Ext. De Colombia S.A. Bancoldex;8001499236;2;1;1;1;2;1;521;0;3012390000
9009453;1;2;16;Bancolombia S.A.;8909039388;2;1;1;1;2;1;526;0;2008220000
9009453;1;2;16;Bancolombia S.A.;8909039388;2;1;1;1;2;1;529;0;4016920000
9009453;1;2;16;Bancolombia S.A.;8909039388;2;1;1;1;2;1;529;0;2008460000
9009453;1;2;16;Bancolombia S.A.;8909039388;2;1;1;1;2;1;534;0;3008220000
9009453;1;2;16;Bancolombia S.A.;8909039388;2;1;1;1;2;1;715;0;2006700000
9009453;1;2;16;Banco Corpbanca Colombia S.A;8909039370;2;1;1;1;2;11;352;0;7013930000
9009453;1;2;10;Ministerio De Hacienda Y Credito Publico;8999990902;2;1;1;1;4;9;1873;0;3843030000
9009453;1;2;16;Bancolombia S.A.;8909039388;2;1;1;1;2;1;728;0;1001350000
9009452;2;1;0;Banco De Occidente S.A.;8903002794;0;0;0;0;0;0;0;0;0
9009452;2;2;0;Bancolombia S.A.;8909039388;0;0;0;0;0;0;0;0;320652.98
9009452;2;2;0;Bancolombia S.A.;8909039388;0;0;0;0;0;0;0;0;65565685.97
9009452;2;2;0;Banco Multibank S.A.;8600244141;0;0;0;0;0;0;0;0;0
9009452;2;2;0;Banco Multibank S.A.;8600244141;0;0;0;0;0;0;0;0;0
9009452;2;1;0;Banco De Occidente S.A.;8903002794;0;0;0;0;0;0;0;0;29768238.41
9009452;2;1;0;Banco De Occidente S.A.;8903002794;0;0;0;0;0;0;0;0;3611283.85
9009452;2;1;0;Banco De Occidente S.A.;8903002794;0;0;0;0;0;0;0;0;244076852.63
9009452;2;1;0;Banco De Occidente S.A.;8903002794;0;0;0;0;0;0;0;0;19781691.91
9009452;2;1;0;Banco De Occidente S.A.;8903002794;0;0;0;0;0;0;0;0;988979.32
9009452;2;1;0;Banco De Occidente S.A.;8903002794;0;0;0;0;0;0;0;0;0
9009452;2;1;0;Banco De Occidente S.A.;8903002794;0;0;0;0;0;0;0;0;0
9009452;2;1;0;Banco De Occidente S.A.;8903002794;0;0;0;0;0;0;0;0;0
9009452;2;2;0;Citibank International NY;2020202020;0;0;0;0;0;0;0;0;8850654.08
9009452;2;1;0;Banco De Occidente S.A.;8903002794;0;0;0;0;0;0;0;0;0
9009452;2;1;0;Banco De Occidente S.A.;8903002794;0;0;0;0;0;0;0;0;0
9009452;1;2;50;Ishares Latin America 40 Etf;9856498564;2;2;3;3;2;51;1;0;14944925.51
9009452;1;2;50;Ishares Latin America 40 Etf;9856498564;2;2;3;3;2;51;1;0;37037424.1
9009452;1;2;50;Ishares Latin America 40 Etf;9856498564;2;2;3;3;2;51;1;0;28265402.6
9009452;1;2;50;Ishares Latin America 40 Etf;9856498564;2;2;3;3;2;51;1;0;120209183.49
9009452;1;2;50;Ishares Latin America 40 Etf;9856498564;2;2;3;3;2;51;1;0;44834776.54
9009452;1;2;50;Ishares Edge Msci Usa Qualit;6151202020;2;2;3;3;2;51;1;0;92401106.11
9009452;1;2;50;Ishares Edge Msci Usa Qualit;6151202020;2;2;3;3;2;51;1;0;146243505.91
9009452;1;2;50;Ishares Edge Msci Usa Qualit;6151202020;2;2;3;3;2;51;1;0;95385888.27
9009452;1;2;50;Ishares Edge Msci Usa Qualit;6151202020;2;2;3;3;2;51;1;0;135490936.63
9009452;1;2;50;Ishares Edge Msci Usa Qualit;6151202020;2;2;3;3;2;51;1;0;30238320.62
9009452;1;2;50;Ishares Edge Msci Usa Qualit;6151202020;2;2;3;3;2;51;1;0;1755568.5
9009452;1;2;50;Ishares Core Us Agregate;9999999999;2;2;3;3;2;51;1;0;130855067.66
9009452;1;2;50;Ishares Intermediate Governm;8989898989;2;2;3;3;2;51;1;0;173701436.46
9009452;1;2;50;Ishares Government/Credit Bo;4524524524;2;2;3;3;2;51;1;0;122206403.61
9009452;1;2;50;Ishares Core Us Agregate;9999999999;2;2;3;3;2;51;1;0;647388229.47
9009452;1;2;50;Spors&P 500 Etf Trust;3228632934;2;2;3;3;2;51;1;0;149859025.92
9009452;1;2;50;Ishares Latin America 40 Etf;9856498564;2;2;3;3;2;51;1;0;65519419.83
9009452;1;2;50;SPDR S&P Emerging Asia Pacific ETF;6587;2;2;3;3;2;51;1;0;109767783.48
9009452;1;2;50;Vanguard FTSE Europe ETF;5522;2;2;3;3;2;51;1;0;193565880.45
9009452;1;1;41;Occirenta - Cartera Colectiva Abierta Sin Pacto De Permanencia ;8001476408;2;1;1;1;2;1;1;0;54568640.37
9009452;1;2;49;Banco Santander Chile;4427777777;2;1;1;1;2;51;1;0;357658882.88
9007240;2;2;0;Helm Bank;8600076603;0;0;0;0;0;0;0;0;0
9007240;2;1;0;Banco De Occidente S.A.;8903002794;0;0;0;0;0;0;0;0;0
9007240;2;1;0;Banco De Occidente S.A.;8903002794;0;0;0;0;0;0;0;0;3236746.21
9007240;2;2;0;Banco Davivienda S.A.;8600343137;0;0;0;0;0;0;0;0;193868475.1
9007240;1;1;41;Occirenta - Cartera Colectiva Abierta Sin Pacto De Permanencia ;8001476408;2;1;1;1;2;1;1;0;92338662.66
9007240;1;2;34;Banco Davivienda S.A.;8600343137;2;1;1;1;2;1;1;0;70768829829.2
90073963;2;1;0;Banco De Occidente S.A.;8903002794;0;0;0;0;0;0;0;0;4013559879.36
90073963;2;1;0;Banco De Occidente S.A.;8903002794;0;0;0;0;0;0;0;0;2881217.57
90073963;2;1;0;Banco De Occidente S.A.;8903002794;0;0;0;0;0;0;0;0;341712635.3
90073963;2;2;0;Bancolombia S.A.;8909039388;0;0;0;0;0;0;0;0;349401617.72
90073963;2;2;0;Bancolombia S.A.;8909039388;0;0;0;0;0;0;0;0;612060
90073963;2;2;0;Bancolombia S.A.;8909039388;0;0;0;0;0;0;0;0;109466009.15
90073963;2;2;0;Banco De Bogota S.A.;8600029644;0;0;0;0;0;0;0;0;91750730.72
90073963;2;2;0;Banco De Bogota S.A.;8600029644;0;0;0;0;0;0;0;0;1972630
90073963;2;2;0;Banco Davivienda S.A.;8600343137;0;0;0;0;0;0;0;0;277996013.19
90073963;1;1;41;Occirenta - Cartera Colectiva Abierta Sin Pacto De Permanencia ;8001476408;2;1;1;1;2;1;1;0;144168811.69
90073963;1;2;16;Banco Colpatria Multibanca Colpatria S.A.;8600345941;2;1;1;1;2;1;171;0;101486000
90073963;1;2;3;Banco Corpbanca Colombia S.A;8909039370;2;1;1;1;2;11;380;0;1005590000
90073963;1;2;16;Banco Colpatria Multibanca Colpatria S.A.;8600345941;2;1;1;1;2;1;53;0;100257000
90073963;1;2;4;Cementos Argos S.A.;8901002510;2;1;1;1;1;11;751;0;508935000
90073963;1;2;16;Banco Av Villas S.A.;8600358275;2;1;1;1;2;1;399;0;502615000
90073963;1;2;16;Banco Davivienda S.A.;8600343137;2;1;1;1;2;1;408;0;252772500
90073963;1;2;16;Banco Mundo Mujer;9007689337;2;1;1;1;2;25;48;0;501360000
90073963;1;2;16;La Hipotecaria Compañía de Financiamiento S.A.;9006289300;2;1;1;1;2;6;48;0;504395000
90073963;1;2;16;Banco Mundo Mujer;9007689337;2;1;1;1;2;25;50;0;504030000
90073963;1;2;16;Banco Mundo Mujer;9007689337;2;1;1;1;2;25;68;0;502555000
90073963;1;2;16;Banco Mundo Mujer;9007689337;2;1;1;1;2;25;71;0;200928000
90073963;1;2;16;Servicios Financieros S.A - Serfinansa C.F.;8600431866;2;1;1;1;2;4;77;0;502655000
90073963;1;2;16;Banco Mundo Mujer;9007689337;2;1;1;1;2;25;83;0;524840000
90073963;1;2;16;Banco Colpatria Multibanca Colpatria S.A.;8600345941;2;1;1;1;2;1;458;0;509935000
90073963;1;2;16;Servicios Financieros S.A - Serfinansa C.F.;8600431866;2;1;1;1;2;4;93;0;508675000
90073963;1;2;16;Banco Mundo Mujer;9007689337;2;1;1;1;2;25;98;0;507425000
90073963;1;2;16;Bancompartir S.A.;8600259715;2;1;1;1;2;1;8;0;506690000
90073963;1;2;16;Banco Mundo Mujer;9007689337;2;1;1;1;2;25;8;0;506480000
90073963;1;2;16;Rci Colombia S.A.;9009776290;2;1;1;1;2;1;286;0;1016030000
90073963;1;2;16;Banco Mundo Mujer;9007689337;2;1;1;1;2;23;293;0;1013250000
90073963;1;2;16;Banco Falabella S.A.;9000479818;2;1;1;1;2;1;293;0;1011880000
90073963;1;2;4;Organizaci?N Terpel S.A.;8300952130;2;1;1;1;1;1;266;0;1005240000
90073963;1;2;16;Banco Mundo Mujer;9007689337;2;1;1;1;2;25;119;0;1010530000
90073963;1;2;16;Banco Mundo Mujer;9007689337;2;1;1;1;2;23;301;0;1009920000
90073963;1;2;16;Banco Corpbanca Colombia S.A;8909039370;2;1;1;1;2;11;302;0;1013460000
90073963;1;2;16;Banco Wwb S.A.;9003782122;2;1;1;1;2;20;127;0;606990000
90073963;1;2;16;Banco Wwb S.A.;9003782122;2;1;1;1;2;20;127;0;404660000
90073963;1;2;16;Banco Corpbanca Colombia S.A;8909039370;2;1;1;1;2;6;127;0;1007950000
90073963;1;2;16;Banco De Las Microfinanzas Bancamia S.A.;9002150711;2;1;1;1;2;14;128;0;303450000
90073963;1;2;16;Banco De Las Microfinanzas Bancamia S.A.;9002150711;2;1;1;1;2;14;128;0;708050000
90073963;1;2;16;Banco Popular S.A.;8600077389;2;1;1;1;2;4;132;0;208665600
90073963;1;2;16;Banco De Comercio Ext. De Colombia S.A. Bancoldex;8001499236;2;1;1;1;2;1;315;0;1001390000
90073963;1;2;16;Bancompartir S.A.;8600259715;2;1;1;1;2;1;141;0;1504005000
90073963;1;2;16;Banco Finandina S.A.;8600518946;2;1;1;1;2;11;328;0;1009640000
90073963;1;2;16;Bancolombia S.A.;8909039388;2;1;1;1;2;1;301;0;999790000
90073963;1;2;16;Rci Colombia S.A.;9009776290;2;1;1;1;2;1;256;0;503565000
90073963;1;2;16;Banco Mundo Mujer;9007689337;2;1;1;1;2;25;89;0;154527000
90073963;1;2;16;Banco Mundo Mujer;9007689337;2;1;1;1;2;25;89;0;360563000
90073963;1;2;16;Bancompartir S.A.;8600259715;2;1;1;1;2;1;230;0;1515645000
90073963;1;2;16;Bancompartir S.A.;8600259715;2;1;1;1;2;1;233;0;1009930000
90073963;1;2;16;Bancompartir S.A.;8600259715;2;1;1;1;2;1;254;0;1006440000
90073963;1;2;16;Bancompartir S.A.;8600259715;2;1;1;1;2;1;260;0;328778880
90073963;1;2;16;Bancompartir S.A.;8600259715;2;1;1;1;2;1;260;0;173941120
90073963;1;2;16;Servicios Financieros S.A - Serfinansa C.F.;8600431866;2;1;1;1;2;18;630;0;1017910000
90073963;1;2;16;Servicios Financieros S.A - Serfinansa C.F.;8600431866;2;1;1;1;2;18;631;0;1017750000
90073963;1;2;16;Banco Mundo Mujer;9007689337;2;1;1;1;2;23;448;0;1005030000
90073963;1;2;16;Banco Davivienda S.A.;8600343137;2;1;1;1;2;1;638;0;1107722000
90073963;1;2;16;La Hipotecaria Compañía de Financiamiento S.A.;9006289300;2;1;1;1;2;11;463;0;508340000
90073963;1;2;3;Banco Finandina S.A.;8600518946;2;1;1;1;2;4;143;0;510900000
90073963;1;2;10;Ministerio De Hacienda Y Credito Publico;8999990902;2;1;1;1;4;9;1873;0;1281010000
90073963;1;2;16;Banco Mundo Mujer;9007689337;2;1;1;1;2;23;480;0;1013620000
90073963;1;2;16;Banco Mundo Mujer;9007689337;2;1;1;1;2;23;673;0;503215000
90073963;1;2;16;Banco Davivienda S.A.;8600343137;2;1;1;1;2;1;678;0;202418000
90073963;1;2;16;Banco De Las Microfinanzas Bancamia S.A.;9002150711;2;1;1;1;2;23;679;0;1010250000
90073963;1;2;16;Banco Pichincha S.A.;8902007567;2;1;1;1;2;23;679;0;1012040000
90073963;1;2;16;Banco Pichincha S.A.;8902007567;2;1;1;1;2;23;689;0;1009700000
90073963;1;2;16;Banco Pichincha S.A.;8902007567;2;1;1;1;2;23;689;0;1002620000
90073963;1;2;16;Banco Mundo Mujer;9007689337;2;1;1;1;2;23;689;0;1002370000
90073963;1;2;16;Banco De Comercio Ext. De Colombia S.A. Bancoldex;8001499236;2;1;1;1;2;1;522;0;401592000
90073963;1;2;16;Banco Pichincha S.A.;8902007567;2;1;1;1;2;23;529;0;1003550000
90073963;1;2;3;Banco Btg Pactual Cayman;5124;2;1;1;1;2;23;1081;0;3522925000
90073963;1;2;10;Ministerio De Hacienda Y Credito Publico;8999990902;2;1;1;1;4;9;1873;0;1281010000
90073963;1;2;16;Corporacion Financiera Colombiana S.A.;8903006536;2;1;1;1;2;1;29;0;202122000
90073963;1;2;16;Banco Finandina S.A.;8600518946;2;1;1;1;2;11;91;0;200504000
90073963;1;2;16;Bbva Colombia S.A.;8600030201;2;1;1;1;2;1;641;0;506350000
90073963;1;2;16;Banco De Bogota S.A.;8600029644;2;1;1;1;2;1;15;0;101229000
90073963;1;2;16;Banco Popular S.A.;8600077389;2;1;1;1;2;1;107;0;152167500
90073963;1;2;16;Bbva Colombia S.A.;8600030201;2;1;1;1;2;1;1024;0;515905000
90073963;1;2;16;Bancolombia S.A.;8909039388;2;1;1;1;2;1;474;0;513940000
90073963;1;2;16;Financiera De Desarrollo Territorial S.A. Findeter;8000963291;2;1;1;1;2;1;310;0;505420000
90073963;1;2;3;Servicios Financieros S.A - Serfinansa C.F.;8600431866;2;1;1;1;2;11;1419;0;1059520000
90073963;1;2;16;Gmac Financiera De Colombia S.A.;8600293968;2;1;1;1;2;1;157;0;703654000
90073963;1;2;16;Banco Davivienda S.A.;8600343137;2;1;1;1;2;1;339;0;504210000
90073963;1;2;16;Banco Davivienda S.A.;8600343137;2;1;1;1;2;1;108;0;508720000
90073963;1;2;16;Banco De Las Microfinanzas Bancamia S.A.;9002150711;2;1;1;1;2;23;22;0;1071860000
90073963;1;2;16;Banco Davivienda S.A.;8600343137;2;1;1;1;2;1;722;0;505420000
90073963;1;2;16;La Hipotecaria Compañía de Financiamiento S.A.;9006289300;2;1;1;1;2;11;182;0;501780000
90073963;1;2;16;Bancompartir S.A.;8600259715;2;1;1;1;2;1;1;0;381869600
90073963;1;2;16;Bancompartir S.A.;8600259715;2;1;1;1;2;1;1;0;120590400
90073963;1;2;16;Banco Finandina S.A.;8600518946;2;1;1;1;2;4;13;0;303609000
90073963;1;2;16;Banco Finandina S.A.;8600518946;2;1;1;1;2;4;13;0;202406000
