CÓDIGO CARTERA;TIPO ACTIVO;VINCULADO AL FONDO;TIPO DE TITULO;EMISOR;NIT;TIPO INVERSION ;TIPO REGISTRO;SISTEMA TRANSACCIONAL;TIPO MONEDA;TIPO SECTOR;CALIFICACION;DIAS AL VTO;DURACIÓN; VPN 
9011427;1;2;3;BANCO DAVIVIEND;860034313;2;1;4;1;2;1;1773;529; 3.051.360.000,00 
9011427;1;2;3;BANCO POPULAR;860007738;2;1;4;1;2;4;87;531; 1.002.980.000,00 
9011427;1;2;3;BANCO POPULAR;860007738;2;1;4;1;2;4;143;565; 2.016.280.000,00 
9011427;1;2;3;BANCO POPULAR;860007738;2;1;4;1;2;4;143;584; 1.008.140.000,00 
9011427;1;2;3;BANCO POPULAR;860007738;2;1;4;1;2;4;143;591; 1.008.140.000,00 
9011427;1;2;3;BANCO POPULAR;860007738;2;1;4;1;2;4;143;591; 1.008.140.000,00 
9011427;1;2;4;GRUPO ARGOS SA;890900266;2;1;4;1;1;1;1014;407; 4.432.389.750,00 
9011427;1;2;3;LEASING BANCOLO;8600592943;2;1;4;1;2;6;138;1195; 1.010.290.000,00 
9011427;1;2;3;LEASING BANCOLO;8600592943;2;1;4;1;2;6;138;1773; 4.546.305.000,00 
9011427;1;2;3;LEASING BANCOLO;8600592943;2;1;4;1;2;6;138;965; 1.010.290.000,00 
9011427;1;2;3;LEASING BANCOLO;8600592943;2;1;4;1;2;1;965;1188; 1.002.730.000,00 
9011427;1;2;3;LEASING BANCOLO;8600592943;2;1;4;1;2;1;965;1005; 3.008.190.000,00 
9011427;1;2;1;TESORERIA GENER;899999090;2;1;4;1;4;9;502;1170; 167.527.485,00 
9011427;1;2;1;TESORERIA GENER;899999090;2;1;4;1;4;9;528;1176; 193.843.119,00 
9011427;1;2;1;TESORERIA GENER;899999090;2;1;4;1;4;9;798;1186; 144.953.652,00 
9011427;1;2;1;TESORERIA GENER;899999090;2;1;4;1;4;9;858;1198; 123.410.144,00 
9011427;1;2;1;TESORERIA GENER;899999090;2;1;4;1;4;9;1123;1345; 278.899.207,00 
9011427;1;2;1;TESORERIA GENER;899999090;2;1;4;1;4;9;1317;1281; 197.182.469,00 
9011427;1;2;1;TESORERIA GENER;899999090;2;1;4;1;4;9;452;795; 293.669.775,00 
9011427;1;2;1;TESORERIA GENER;899999090;2;1;4;1;4;9;467;214; 169.070.186,00 
9011427;1;2;1;TESORERIA GENER;899999090;2;1;4;1;4;9;492;214; 169.627.737,00 
9011427;1;2;1;TESORERIA GENER;899999090;2;1;4;1;4;9;502;214; 149.950.394,00 
9011427;1;2;1;TESORERIA GENER;899999090;2;1;4;1;4;9;505;331; 156.014.773,00 
9011427;1;2;1;TESORERIA GENER;899999090;2;1;4;1;4;9;529;331; 316.596.958,00 
9011427;1;2;1;TESORERIA GENER;899999090;2;1;4;1;4;9;531;331; 364.705.248,00 
9011427;1;2;1;TESORERIA GENER;899999090;2;1;4;1;4;9;565;562; 240.323.417,00 
9011427;1;2;1;TESORERIA GENER;899999090;2;1;4;1;4;9;584;562; 415.472.086,00 
9011427;1;2;1;TESORERIA GENER;899999090;2;1;4;1;4;9;591;562; 286.187.146,00 
9011427;1;2;1;TESORERIA GENER;899999090;2;1;4;1;4;9;591;562; 191.361.960,00 
9011427;1;2;1;TESORERIA GENER;899999090;2;1;4;1;4;9;599;562; 138.046.708,00 
9011427;1;2;1;TESORERIA GENER;899999090;2;1;4;1;4;9;805;562; 329.868.737,00 
9011427;1;2;1;TESORERIA GENER;899999090;2;1;4;1;4;9;1339;8; 120.177.581,00 
9011427;1;2;1;TESORERIA GENER;899999090;2;1;4;1;4;9;1223;43; 142.719.166,00 
9011427;1;2;1;TESORERIA GENER;899999090;2;1;4;1;4;9;1248;71; 263.953.167,00 
9011427;1;2;1;TESORERIA GENER;899999090;2;1;4;1;4;9;1396;99; 460.011.212,00 
9011427;1;2;3;SERFINANSA S.A;8600431866;2;1;4;1;2;1;476;134; 2.003.240.000,00 
9011427;1;2;3;SERFINANSA S.A;8600431866;2;1;4;1;2;1;476;162; 500.810.000,00 
9011427;1;2;3;BANCO OCCIDENTE;890300279;2;1;4;1;2;1;545;190; 5.011.050.000,00 
9011427;1;2;3;BANCO OCCIDENTE;890300279;2;1;4;1;2;1;545;225; 1.002.210.000,00 
9011427;1;2;3;BANCO OCCIDENTE;890300279;2;1;4;1;2;1;2006;288; 1.978.600.000,00 
9011427;1;2;2;EPM;9000923859;2;1;4;1;3;1;1450;316; 4.541.720.000,00 
9011427;1;2;4;EMGESA S.A. E.S;8600638758;2;1;4;1;1;1;1745;344; 1.061.870.000,00 
9011427;1;2;4;EMGESA S.A. E.S;8600638758;2;1;4;1;1;1;1993;379; 2.025.180.000,00 
9011427;1;2;16;BANCO PICHINCHA;8902007567;2;1;4;1;2;4;99;407; 5.018.800.000,00 
9011427;1;2;16;BANCO CORPBANCA;8909039370;2;1;4;1;2;4;214;1195; 5.043.850.000,00 
9011427;1;2;16;BANCO OCCIDENTE;890300279;2;1;4;1;2;4;238;1773; 5.046.300.000,00 
9011427;1;2;16;BANCO OCCIDENTE;890300279;2;1;4;1;2;4;45;965; 503.445.000,00 
9011427;1;2;16;BANCO OCCIDENTE;890300279;2;1;4;1;2;4;245;1188; 1.007.950.000,00 
9011427;1;2;16;BANCO DE BOGOTA;860002964;2;1;4;1;2;4;249;1005; 2.015.580.000,00 
9011427;1;2;16;BANCO DE BOGOTA;860002964;2;1;4;1;2;4;279;1170; 1.015.740.000,00 
9011427;1;2;16;BANCO DE BOGOTA;860002964;2;1;4;1;2;4;135;1176; 2.018.720.000,00 
9011427;1;2;16;BANCO DE BOGOTA;860002964;2;1;4;1;2;4;279;1186; 3.047.220.000,00 
9011427;1;2;16;BANCOLOMBIA S.A;890903938;2;1;4;1;2;4;73;1198; 1.004.190.000,00 
9011427;1;2;16;BBVA;860003020;2;1;4;1;2;1;809;189; 3.018.480.000,00 
9011427;1;2;16;BBVA;860003020;2;1;4;1;2;6;131;321; 2.019.500.000,00 
9011427;1;2;16;BBVA;860003020;2;1;4;1;2;6;39;145; 1.008.370.000,00 
9011427;1;2;16;BANCOLDEX;800149923;2;1;4;1;2;6;218;321; 5.059.000.000,00 
9011427;1;2;16;BANCOLDEX;800149923;2;1;4;1;2;1;438;292; 1.005.940.000,00 
9011427;1;2;16;BANCOLDEX;800149923;2;1;4;1;2;6;70;321; 3.014.730.000,00 
9011427;1;2;16;BANCOLDEX;800149923;2;1;4;1;2;6;106;125; 3.038.550.000,00 
9011427;1;2;16;BANCOLDEX;800149923;2;1;4;1;2;6;272;321; 504.085.000,00 
9011427;1;2;16;BANCOLDEX;800149923;2;1;4;1;2;6;284;695; 1.017.020.000,00 
9011427;1;2;16;BANCOLOMBIA S.A;890903938;2;1;4;1;2;4;301;75; 3.030.330.000,00 
9011427;1;2;16;BANCO CORPBANCA;8909039370;2;1;4;1;2;4;179;123; 5.021.300.000,00 
9011427;1;2;16;FIN. DESA TERRI;800096329;2;1;4;1;2;6;69;321; 5.025.200.000,00 
9011427;1;2;16;FIN. DESA TERRI;800096329;2;1;4;1;2;6;227;125; 4.547.700.000,00 
9011427;1;2;16;FIN. DESA TERRI;800096329;2;1;4;1;2;6;351;324; 2.519.225.000,00 
9011427;1;2;16;FIN. DESA TERRI;800096329;2;1;4;1;2;6;228;120; 6.545.890.000,00 
9011427;1;2;16;FIN. DESA TERRI;800096329;2;1;4;1;2;6;228;623; 3.041.370.000,00 
9011427;1;2;16;FIN. DESA TERRI;800096329;2;1;4;1;2;6;228;214; 2.526.150.000,00 
9011427;1;2;16;BANCO AV VILLAS;860035827;2;1;4;1;2;4;294;10; 2.023.900.000,00 
9011427;1;2;16;BANCO AV VILLAS;860035827;2;1;4;1;2;4;325;189; 2.013.600.000,00 
9011427;1;2;16;BANCO AV VILLAS;860035827;2;1;4;1;2;4;294;321; 2.529.875.000,00 
9011427;1;2;16;BANCO AV VILLAS;860035827;2;1;4;1;2;4;326;145; 3.020.010.000,00 
9011427;1;2;16;BANCOLDEX;800149923;2;1;4;1;2;6;303;321; 1.009.700.000,00 
9011427;1;2;16;BANCOLOMBIA S.A;890903938;2;1;4;1;2;4;251;292; 1.015.210.000,00 
9011427;1;2;16;BBVA;860003020;2;1;4;1;2;6;276;321; 2.032.760.000,00 
9011427;1;2;16;BBVA;860003020;2;1;4;1;2;1;375;125; 7.105.840.000,00 
9011427;1;2;16;BBVA;860003020;2;1;4;1;2;1;810;321; 10.183.100.000,00 
9011427;1;2;16;BBVA;860003020;2;1;4;1;2;1;876;695; 3.045.660.000,00 
9011427;1;2;16;BBVA;860003020;2;1;4;1;2;1;587;321; 1.004.430.000,00 
9011427;1;2;16;BBVA;860003020;2;1;4;1;2;1;1040;695; 3.013.860.000,00 
9011427;1;2;16;BBVA;860003020;2;1;4;1;2;1;508;75; 501.435.000,00 
9011427;1;2;16;BANCO DAVIVIEND;860034313;2;1;4;1;2;6;100;123; 2.016.700.000,00 
9011427;1;2;16;BANCO DAVIVIEND;860034313;2;1;4;1;2;6;128;321; 5.050.250.000,00 
9011427;1;2;16;BANCO DAVIVIEND;860034313;2;1;4;1;2;6;127;125; 10.064.700.000,00 
9011427;1;2;16;BANCO DAVIVIEND;860034313;2;1;4;1;2;1;410;324; 5.023.050.000,00 
9011427;1;2;16;BANCO DAVIVIEND;860034313;2;1;4;1;2;1;423;120; 5.010.750.000,00 
9011427;1;2;16;BANCO DAVIVIEND;860034313;2;1;4;1;2;6;323;623; 10.000.200.000,00 
9011427;1;2;16;BANCO OCCIDENTE;890300279;2;1;4;1;2;1;642;214; 2.033.580.000,00 
9011427;1;2;16;BANCO POPULAR;860007738;2;1;4;1;2;5;265;10; 2.028.900.000,00 
9011427;1;2;16;BANCO POPULAR;860007738;2;1;4;1;2;1;417;189; 1.012.630.000,00 
9011427;1;2;16;RED MULTIBANCA;890100180;2;1;4;1;2;1;467;321; 5.028.050.000,00 
9011427;1;2;16;RED MULTIBANCA;890100180;2;1;4;1;2;1;663;346; 2.006.280.000,00 
9011427;1;2;16;RED MULTIBANCA;890100180;2;1;4;1;2;1;1040;440; 5.036.550.000,00 
9011427;1;2;16;FIN. DESA TERRI;800096329;2;1;4;1;2;6;218;453; 502.835.000,00 
9011427;1;2;16;FIN. DESA TERRI;800096329;2;1;4;1;2;6;260;456; 1.010.260.000,00 
9011427;1;2;16;LEASING BANCOLO;8600592943;2;1;4;1;2;6;165;474; 5.033.300.000,00 
9011427;1;2;16;LEASING BANCOLO;8600592943;2;1;4;1;2;6;254;474; 5.063.800.000,00 
9011427;1;2;16;LEASING BANCOLO;8600592943;2;1;4;1;2;1;535;698; 2.015.660.000,00 
9011427;1;2;16;LEASING BANCOLO;8600592943;2;1;4;1;2;6;360;343; 2.012.160.000,00 
9011427;1;2;16;LEASING BANCOLO;8600592943;2;1;4;1;2;6;294;1184; 681.196.500,00 
9011427;1;2;16;BANCO DE BOGOTA;860002964;2;1;4;1;2;4;346;1147; 6.040.620.000,00 
9011427;1;2;16;BANCO DE BOGOTA;860002964;2;1;4;1;2;4;346;522; 5.033.850.000,00 
9011427;1;2;16;BANCO DE BOGOTA;860002964;2;1;4;1;2;1;440;1733; 3.014.490.000,00 
9011427;1;2;16;BANCO DE BOGOTA;860002964;2;1;4;1;2;1;453;251; 5.011.700.000,00 
9011427;1;2;16;BANCO DE BOGOTA;860002964;2;1;4;1;2;1;456;251; 501.315.000,00 
9011427;1;2;16;BANCO DE BOGOTA;860002964;2;1;4;1;2;1;474;254; 501.655.000,00 
9011427;1;2;16;BANCO DE BOGOTA;860002964;2;1;4;1;2;1;474;244; 501.655.000,00 
9011427;1;2;16;BANCO DE BOGOTA;860002964;2;1;4;1;2;1;698;594; 10.007.200.000,00 
9011427;1;2;16;BANCO AV VILLAS;860035827;2;1;4;1;2;4;343;609; 1.006.340.000,00 
9011427;1;2;16;BBVA;860003020;2;1;4;1;2;1;1184;619; 5.154.750.000,00 
9011427;1;2;16;BBVA;860003020;2;1;4;1;2;1;1147;571; 2.074.380.000,00 
9011427;1;2;16;BANCO DE BOGOTA;860002964;2;1;4;1;2;1;522;323; 9.053.100.000,00 
9011427;1;2;16;BANCO OCCIDENTE;890300279;2;1;4;1;2;1;1733;328; 4.168.920.000,00 
9011427;1;2;16;BANCO POPULAR;860007738;2;1;4;1;2;4;265;634; 2.026.180.000,00 
9011427;1;2;16;BANCO POPULAR;860007738;2;1;4;1;2;1;2815;18; 1.049.900.000,00 
9011427;1;2;16;BANCO POPULAR;860007738;2;1;4;1;2;4;282;73; 513.335.000,00 
9011427;1;2;16;BANCO POPULAR;860007738;2;1;4;1;2;1;1050;37; 5.065.500.000,00 
9011427;1;2;16;BANCOLOMBIA S.A;890903938;2;1;4;1;2;1;3529;25; 2.067.480.000,00 
9011427;1;2;16;BANCOLOMBIA S.A;890903938;2;1;4;1;2;4;251;33; 2.030.060.000,00 
9011427;1;2;16;BANCOLOMBIA S.A;890903938;2;1;4;1;2;4;251;33; 2.537.575.000,00 
9011427;1;2;16;BANCOLOMBIA S.A;890903938;2;1;4;1;2;4;251;129; 5.075.150.000,00 
9011427;1;2;16;BANCOLOMBIA S.A;890903938;2;1;4;1;2;4;254;72; 2.029.220.000,00 
9011427;1;2;16;BANCOLOMBIA S.A;890903938;2;1;4;1;2;4;244;19; 508.555.000,00 
9011427;1;2;16;BANCOLOMBIA S.A;890903938;2;1;4;1;2;1;594;207; 3.538.010.000,00 
9011427;1;2;16;BANCOLOMBIA S.A;890903938;2;1;4;1;2;1;609;31; 1.514.100.000,00 
9011427;1;2;16;BANCOLOMBIA S.A;890903938;2;1;4;1;2;1;619;32; 8.071.360.000,00 
9011427;1;2;16;BANCOLOMBIA S.A;890903938;2;1;4;1;2;1;571;50; 1.522.155.000,00 
9011427;1;2;16;RED MULTIBANCA;890100180;2;1;4;1;2;5;323;57; 1.026.290.000,00 
9011427;1;2;16;RED MULTIBANCA;890100180;2;1;4;1;2;5;328;206; 7.179.130.000,00 
9011427;1;2;16;RED MULTIBANCA;890100180;2;1;4;1;2;1;634;37; 513.110.000,00 
9011427;1;2;16;RED MULTIBANCA;890100180;2;1;4;1;2;1;634;122; 2.565.550.000,00 
9011427;1;2;16;BANCO DAVIVIEND;860034313;2;1;4;1;2;6;101;39; 2.029.620.000,00 
9011427;1;2;16;BANCO DAVIVIEND;860034313;2;1;4;1;2;6;153;59; 1.509.435.000,00 
9011427;1;2;16;BANCO DAVIVIEND;860034313;2;1;4;1;2;1;522;59; 5.021.350.000,00 
9011427;1;2;16;FIN. DESA TERRI;800096329;2;1;4;1;2;6;77;214; 503.630.000,00 
9011427;1;2;16;LEASING BANCOLO;8600592943;2;1;4;1;2;6;311;238; 2.037.780.000,00 
9011427;1;2;16;BANCO OCCIDENTE;890300279;2;1;4;1;2;4;44;283; 5.031.300.000,00 
9011427;1;2;16;BANCO OCCIDENTE;890300279;2;1;4;1;2;4;18;577; 2.018.520.000,00 
9011427;1;2;16;BANCO OCCIDENTE;890300279;2;1;4;1;2;4;73;34; 20.046.400.000,00 
9011427;1;2;16;BANCO SUDAMERIS;860050750;2;1;4;1;2;4;37;193; 12.230.280.000,00 
9011427;1;2;16;BANCO SUDAMERIS;860050750;2;1;4;1;2;4;25;70; 5.041.750.000,00 
9011427;1;2;16;BANCO SUDAMERIS;860050750;2;1;4;1;2;4;33;170; 5.035.300.000,00 
9011427;1;2;16;BANCO SUDAMERIS;860050750;2;1;4;1;2;4;33;294; 10.070.600.000,00 
9011427;1;2;16;BANCO SUDAMERIS;860050750;2;1;4;1;2;4;129;325; 20.148.000.000,00 
9011427;1;2;16;BANCO SUDAMERIS;860050750;2;1;4;1;2;4;72;290; 4.010.600.000,00 
9011427;1;2;16;RED MULTIBANCA;890100180;2;1;4;1;2;5;19;276; 1.031.960.000,00 
9011427;1;2;16;RED MULTIBANCA;890100180;2;1;4;1;2;5;207;282; 2.018.760.000,00 
9011427;1;2;16;BANCO POPULAR;860007738;2;1;4;1;2;4;101;375; 5.052.950.000,00 
9011427;1;2;16;BANCO POPULAR;860007738;2;1;4;1;2;4;25;90; 10.082.700.000,00 
9011427;1;2;16;BANCO POPULAR;860007738;2;1;4;1;2;4;31;810; 10.074.400.000,00 
9011427;1;2;16;BANCO POPULAR;860007738;2;1;4;1;2;4;32;67; 10.073.100.000,00 
9011427;1;2;16;BANCO DE BOGOTA;860002964;2;1;4;1;2;4;50;67; 2.513.100.000,00 
9011427;1;2;16;BANCO DE BOGOTA;860002964;2;1;4;1;2;4;57;258; 11.047.520.000,00 
9011427;1;2;16;BANCOLOMBIA S.A;890903938;2;1;4;1;2;4;206;1040; 2.045.240.000,00 
9011427;1;2;16;BANCOLOMBIA S.A;890903938;2;1;4;1;2;4;37;496; 1.019.040.000,00 
9011427;1;2;16;BANCO AV VILLAS;860035827;2;1;4;1;2;4;122;100; 20.163.800.000,00 
9011427;1;2;16;BANCO DAVIVIEND;860034313;2;1;4;1;2;6;39;128; 1.113.990.000,00 
9011427;1;2;16;LEASING BANCOLD;8002253859;2;1;4;1;2;6;59;52; 1.004.620.000,00 
9011427;1;2;16;LEASING BANCOLD;8002253859;2;1;4;1;2;6;59;128; 1.004.620.000,00 
9011427;1;2;10;TESORERIA GENER;899999090;2;1;4;1;4;9;214;134; 10.224.600.000,00 
9011427;1;2;10;TESORERIA GENER;899999090;2;1;4;1;4;9;214;134; 10.224.600.000,00 
9011427;1;2;10;TESORERIA GENER;899999090;2;1;4;1;4;9;214;320; 10.224.600.000,00 
9011427;1;2;10;TESORERIA GENER;899999090;2;1;4;1;4;9;214;288; 10.224.600.000,00 
9011427;1;2;10;TESORERIA GENER;899999090;2;1;4;1;4;9;214;316; 20.449.200.000,00 
9011427;1;2;10;TESORERIA GENER;899999090;2;1;4;1;4;9;214;344; 3.067.380.000,00 
9011427;1;2;10;TESORERIA GENER;899999090;2;1;4;1;4;9;331;379; 1.036.470.000,00 
9011427;1;2;10;TESORERIA GENER;899999090;2;1;4;1;4;9;331;407; 1.554.705.000,00 
9011427;1;2;10;TESORERIA GENER;899999090;2;1;4;1;4;9;331;1195; 5.182.350.000,00 
9011427;1;2;10;TESORERIA GENER;899999090;2;1;4;1;4;9;562;1773; 2.140.500.000,00 
9011427;1;2;10;TESORERIA GENER;899999090;2;1;4;1;4;9;562;965; 1.070.250.000,00 
9011427;1;2;10;TESORERIA GENER;899999090;2;1;4;1;4;9;562;1188; 1.070.250.000,00 
9011427;1;2;10;TESORERIA GENER;899999090;2;1;4;1;4;9;562;1005; 1.070.250.000,00 
9011427;1;2;10;TESORERIA GENER;899999090;2;1;4;1;4;9;562;1170; 2.140.500.000,00 
9011427;1;2;10;TESORERIA GENER;899999090;2;1;4;1;4;9;562;1176; 2.140.500.000,00 
9011427;1;2;9;TESORERIA GENER;899999090;1;1;4;1;4;9;8;1186; 230.597.366,00 
9011427;1;2;9;TESORERIA GENER;899999090;1;1;4;1;4;9;43;1198; 293.942.391,00 
9011427;1;2;9;TESORERIA GENER;899999090;1;1;4;1;4;9;71;288; 320.762.031,00 
9011427;1;2;9;TESORERIA GENER;899999090;1;1;4;1;4;9;99;316; 364.072.850,00 
9011427;1;2;9;TESORERIA GENER;899999090;1;1;4;1;4;9;134;344; 402.766.998,00 
9011427;1;2;9;TESORERIA GENER;899999090;1;1;4;1;4;9;162;379; 407.899.018,00 
9011427;1;2;9;TESORERIA GENER;899999090;1;1;4;1;4;9;190;407; 444.574.715,00 
9011427;1;2;9;TESORERIA GENER;899999090;1;1;4;1;4;9;225;126; 429.393.381,00 
9011427;1;2;9;TESORERIA GENER;899999090;1;1;4;1;4;9;253;321; 402.380.486,00 
9011427;1;2;9;TESORERIA GENER;899999090;1;1;4;1;4;9;288;288; 402.595.215,00 
9011427;1;2;9;TESORERIA GENER;899999090;1;1;4;1;4;9;316;316; 407.533.979,00 
9011427;1;2;9;TESORERIA GENER;899999090;1;1;4;1;4;9;344;344; 389.131.713,00 
9011427;1;2;9;TESORERIA GENER;899999090;1;1;4;1;4;9;379;379; 450.179.139,00 
9011427;1;2;9;TESORERIA GENER;899999090;1;1;4;1;4;9;407;407; 436.522.381,00 
9011427;2;2;0;BANCO AV VILLAS;860035827;0;0;0;0;0;0;0;0; 1.292.514.582,00 
9011427;2;2;0;BBVA;860003020;0;0;0;0;0;0;0;0; 13.220.850.103,00 
9011427;2;2;0;BANCO DE BOGOTA;860002964;0;0;0;0;0;0;0;0; 6.525.536.666,00 
9011427;2;2;0;BANCO CORPBANCA;8909039370;0;0;0;0;0;0;0;0; 21.301.882.918,00 
9011427;2;2;0;BANCO SUDAMERIS;860050750;0;0;0;0;0;0;0;0; 54.281.124.505,00 
9011427;2;2;0;BANCO CAJA SOCI;8600073354;0;0;0;0;0;0;0;0; 1.189.520.562,00 
9011427;2;2;0;BANCO POPULAR;860007738;0;0;0;0;0;0;0;0; 6.062.405,00 
9011427;2;2;0;BBVA;860003020;0;0;0;0;0;0;0;0; 64.290.640,00 
9011427;2;2;0;BBVA;860003020;0;0;0;0;0;0;0;0; 20.863.533,00 
9011427;2;2;0;BBVA;860003020;0;0;0;0;0;0;0;0; 13.459.610,00 
9011427;2;2;0;BANCO DE BOGOTA;860002964;0;0;0;0;0;0;0;0; 6.509.313,00 
9011427;2;2;0;RED MULTIBANCA;890100180;0;0;0;0;0;0;0;0; 5.777.035,00 
9011427;2;2;0;BANCO DAVIVIEND;860034313;0;0;0;0;0;0;0;0; 48.167.885,00 
9011427;2;2;0;BANCO DAVIVIEND;860034313;0;0;0;0;0;0;0;0; 3.819.976,00 
9011427;2;2;0;BANCO OCCIDENTE;890300279;0;0;0;0;0;0;0;0; 128.767,00 
9011427;2;2;0;BANCOLOMBIA S.A;890903938;0;0;0;0;0;0;0;0; 5.755.290,00 
9011427;2;2;0;BANCOLOMBIA S.A;890903938;0;0;0;0;0;0;0;0; 15.401.283,00 
9011427;2;2;0;BANCO CORPBANCA;8909039370;0;0;0;0;0;0;0;0; 10.000.000,00 
9011427;2;2;0;BANCOLOMBIA S.A;890903938;0;0;0;0;0;0;0;0; 1.074.552.815,00 
9011427;2;2;0;BANCO CITIBANK;860051135;0;0;0;0;0;0;0;0; 517.281.677,00 
9011427;2;2;0;RED MULTIBANCA;890100180;0;0;0;0;0;0;0;0; 6.640.104.430,00 
9011427;2;2;0;BANCO CORPBANCA;8909039370;0;0;0;0;0;0;0;0; 10.288.242.638,00 
9011427;2;2;0;BANCO DAVIVIEND;860034313;0;0;0;0;0;0;0;0; 2.493.406.078,00 
9011427;2;2;0;BANCO OCCIDENTE;890300279;0;0;0;0;0;0;0;0; 1.325.175.704,00 
9011427;2;2;0;BANCO POPULAR;860007738;0;0;0;0;0;0;0;0; 5.220.549.312,00 
9011427;2;2;0;BANCO AGRARIO;8000378008;0;0;0;0;0;0;0;0; 161.718.400,00 
9011403;1;2;3;BANCO DAVIVIEND;860034313;2;1;4;1;2;1;1195;316; 524.550.000,00 
9011403;1;2;3;BANCO DAVIVIEND;860034313;2;1;4;1;2;1;1773;344; 2.034.240.000,00 
9011403;1;2;3;LEASING BANCOLO;8600592943;2;1;4;1;2;1;965;379; 1.002.730.000,00 
9011403;1;2;1;TESORERIA GENER;899999090;2;1;4;1;4;9;1188;407; 284.578.306,00 
9011403;1;2;1;TESORERIA GENER;899999090;2;1;4;1;4;9;1005;1195; 159.174.241,00 
9011403;1;2;1;TESORERIA GENER;899999090;2;1;4;1;4;9;1170;1773; 236.543.427,00 
9011403;1;2;1;TESORERIA GENER;899999090;2;1;4;1;4;9;1176;965; 479.780.142,00 
9011403;1;2;1;TESORERIA GENER;899999090;2;1;4;1;4;9;1186;1188; 260.420.826,00 
9011403;1;2;1;TESORERIA GENER;899999090;2;1;4;1;4;9;1198;1005; 442.080.082,00 
9011403;1;2;1;TESORERIA GENER;899999090;2;1;4;1;4;9;1345;1170; 519.629.142,00 
9011403;1;2;1;TESORERIA GENER;899999090;2;1;4;1;4;9;1281;1176; 473.580.694,00 
9011403;1;2;1;TESORERIA GENER;899999090;2;1;4;1;4;9;795;1186; 183.272.271,00 
9011403;1;2;1;TESORERIA GENER;899999090;2;1;4;1;4;9;875;1198; 169.440.088,00 
9011403;1;2;1;TESORERIA GENER;899999090;2;1;4;1;4;9;905;1345; 221.832.047,00 
9011403;1;2;1;TESORERIA GENER;899999090;2;1;4;1;4;9;963;1281; 106.928.341,00 
9011403;1;2;1;TESORERIA GENER;899999090;2;1;4;1;4;9;977;795; 127.159.598,00 
9011403;1;2;1;TESORERIA GENER;899999090;2;1;4;1;4;9;1008;1223; 252.361.956,00 
9011403;1;2;1;TESORERIA GENER;899999090;2;1;4;1;4;9;1043;1248; 150.193.450,00 
9011403;1;2;3;SERFINANSA S.A;8600431866;2;1;4;1;2;1;476;1396; 500.810.000,00 
9011403;1;2;3;BANCO POPULAR;860007738;2;1;4;1;2;1;1913;476; 1.000.720.000,00 
9011403;1;2;3;BANCO OCCIDENTE;890300279;2;1;4;1;2;1;545;476; 1.002.210.000,00 
9011403;1;2;16;BANCO CORPBANCA;8909039370;2;1;4;1;2;4;214;545; 5.043.850.000,00 
9011403;1;2;16;BANCO OCCIDENTE;890300279;2;1;4;1;2;4;238;545; 1.009.260.000,00 
9011403;1;2;16;BANCO OCCIDENTE;890300279;2;1;4;1;2;4;283;2006; 507.320.000,00 
9011403;1;2;16;BBVA;860003020;2;1;4;1;2;1;577;1450; 2.017.340.000,00 
9011403;1;2;16;BANCOLDEX;800149923;2;1;4;1;2;6;34;1745; 505.790.000,00 
9011403;1;2;16;BANCOLDEX;800149923;2;1;4;1;2;6;193;859; 507.180.000,00 
9011403;1;2;16;BANCOLDEX;800149923;2;1;4;1;2;6;74;859; 3.012.180.000,00 
9011403;1;2;16;BANCOLDEX;800149923;2;1;4;1;2;6;107;497; 5.063.600.000,00 
9011403;1;2;16;BANCOLOMBIA S.A;890903938;2;1;4;1;2;4;70;265; 1.004.910.000,00 
9011403;1;2;16;BANCO CORPBANCA;8909039370;2;1;4;1;2;4;170;211; 2.011.140.000,00 
9011403;1;2;16;BANCO AV VILLAS;860035827;2;1;4;1;2;4;294;208; 1.011.950.000,00 
9011403;1;2;16;BANCO AV VILLAS;860035827;2;1;4;1;2;4;325;267; 1.006.800.000,00 
9011403;1;2;16;BANCO AV VILLAS;860035827;2;1;4;1;2;4;290;254; 1.014.010.000,00 
9011403;1;2;16;BBVA;860003020;2;1;4;1;2;6;276;472; 1.016.380.000,00 
9011403;1;2;16;BBVA;860003020;2;1;4;1;2;6;282;535; 1.015.530.000,00 
9011403;1;2;16;BBVA;860003020;2;1;4;1;2;1;375;139; 1.015.120.000,00 
9011403;1;2;16;BBVA;860003020;2;1;4;1;2;6;90;455; 501.470.000,00 
9011403;1;2;16;BBVA;860003020;2;1;4;1;2;1;810;343; 2.036.620.000,00 
9011403;1;2;16;BBVA;860003020;2;1;4;1;2;6;67;1181; 1.006.670.000,00 
9011403;1;2;16;BBVA;860003020;2;1;4;1;2;6;67;1150; 1.006.670.000,00 
9011403;1;2;16;BBVA;860003020;2;1;4;1;2;6;258;994; 507.505.000,00 
9011403;1;2;16;BBVA;860003020;2;1;4;1;2;1;1040;1042; 2.009.240.000,00 
9011403;1;2;16;BBVA;860003020;2;1;4;1;2;1;496;1050; 5.070.900.000,00 
9011403;1;2;16;BANCO DAVIVIEND;860034313;2;1;4;1;2;6;100;251; 1.008.350.000,00 
9011403;1;2;16;BANCO DAVIVIEND;860034313;2;1;4;1;2;6;128;510; 1.010.050.000,00 
9011403;1;2;16;BANCO DAVIVIEND;860034313;2;1;4;1;2;6;52;609; 501.745.000,00 
9011403;1;2;16;BANCO DAVIVIEND;860034313;2;1;4;1;2;6;128;1029; 1.010.050.000,00 
9011403;1;2;16;BANCO DAVIVIEND;860034313;2;1;4;1;2;6;134;807; 1.005.560.000,00 
9011403;1;2;16;BANCO DAVIVIEND;860034313;2;1;4;1;2;6;134;1172; 1.005.560.000,00 
9011403;1;2;16;BANCO DAVIVIEND;860034313;2;1;4;1;2;6;89;44; 1.504.605.000,00 
9011403;1;2;16;BANCO OCCIDENTE;890300279;2;1;4;1;2;1;642;25; 1.016.790.000,00 
9011403;1;2;16;BANCO OCCIDENTE;890300279;2;1;4;1;2;1;859;33; 1.014.460.000,00 
9011403;1;2;16;BANCO OCCIDENTE;890300279;2;1;4;1;2;1;859;141; 507.230.000,00 
9011403;1;2;16;BANCO OCCIDENTE;890300279;2;1;4;1;2;1;859;609; 507.230.000,00 
9011403;1;2;16;BANCO OCCIDENTE;890300279;2;1;4;1;2;1;497;1029; 3.031.860.000,00 
9011403;1;2;16;BANCO POPULAR;860007738;2;1;4;1;2;5;265;807; 1.014.450.000,00 
9011403;1;2;16;BANCO POPULAR;860007738;2;1;4;1;2;5;211;1172; 1.008.910.000,00 
9011403;1;2;16;RED MULTIBANCA;890100180;2;1;4;1;2;5;208;44; 501.490.000,00 
9011403;1;2;16;RED MULTIBANCA;890100180;2;1;4;1;2;5;267;25; 3.012.750.000,00 
9011403;1;2;16;LEASING BANCOLO;8600592943;2;1;4;1;2;6;254;33; 1.012.760.000,00 
9011403;1;2;16;LEASING BANCOLO;8600592943;2;1;4;1;2;1;472;141; 2.026.600.000,00 
9011403;1;2;16;LEASING BANCOLO;8600592943;2;1;4;1;2;1;535;101; 1.007.830.000,00 
9011403;1;2;16;BANCO DE BOGOTA;860002964;2;1;4;1;2;4;139;29; 502.570.000,00 
9011403;1;2;16;BANCO DE BOGOTA;860002964;2;1;4;1;2;4;346;129; 503.385.000,00 
9011403;1;2;16;BANCO DE BOGOTA;860002964;2;1;4;1;2;1;423;79; 1.002.720.000,00 
9011403;1;2;16;BANCO DE BOGOTA;860002964;2;1;4;1;2;1;441;238; 502.345.000,00 
9011403;1;2;16;BANCO DE BOGOTA;860002964;2;1;4;1;2;1;453;293; 501.170.000,00 
9011403;1;2;16;BANCO DE BOGOTA;860002964;2;1;4;1;2;1;465;321; 2.011.800.000,00 
9011403;1;2;16;BANCO DE BOGOTA;860002964;2;1;4;1;2;1;528;249; 2.016.140.000,00 
9011403;1;2;16;BANCO DE BOGOTA;860002964;2;1;4;1;2;4;153;129; 503.835.000,00 
9011403;1;2;16;BANCO DE BOGOTA;860002964;2;1;4;1;2;4;158;136; 1.510.545.000,00 
9011403;1;2;16;BANCO DE BOGOTA;860002964;2;1;4;1;2;4;278;279; 1.010.380.000,00 
9011403;1;2;16;BANCO DE BOGOTA;860002964;2;1;4;1;2;1;528;73; 5.040.350.000,00 
9011403;1;2;16;BANCO DE BOGOTA;860002964;2;1;4;1;2;1;455;91; 2.004.360.000,00 
9011403;1;2;16;BANCO AV VILLAS;860035827;2;1;4;1;2;4;343;70; 1.006.340.000,00 
9011403;1;2;16;BBVA;860003020;2;1;4;1;2;1;1181;70; 515.730.000,00 
9011403;1;2;16;BBVA;860003020;2;1;4;1;2;1;1150;69; 518.340.000,00 
9011403;1;2;16;BBVA;860003020;2;1;4;1;2;1;994;228; 517.610.000,00 
9011403;1;2;16;BANCO DE BOGOTA;860002964;2;1;4;1;2;1;1042;294; 506.505.000,00 
9011403;1;2;16;BANCO POPULAR;860007738;2;1;4;1;2;1;1050;325; 5.065.500.000,00 
9011403;1;2;16;BANCOLOMBIA S.A;890903938;2;1;4;1;2;4;251;262; 1.015.030.000,00 
9011403;1;2;16;BANCOLOMBIA S.A;890903938;2;1;4;1;2;1;510;437; 1.010.910.000,00 
9011403;1;2;16;BANCOLOMBIA S.A;890903938;2;1;4;1;2;1;609;256; 1.009.400.000,00 
9011403;1;2;16;BANCOLOMBIA S.A;890903938;2;1;4;1;2;1;1029;72; 1.016.860.000,00 
9011403;1;2;16;FIN. DESA TERRI;800096329;2;1;4;1;2;1;807;258; 1.027.920.000,00 
9011403;1;2;16;FIN. DESA TERRI;800096329;2;1;4;1;2;1;1172;276; 505.445.000,00 
9011403;1;2;16;BANCO OCCIDENTE;890300279;2;1;4;1;2;4;44;375; 3.018.780.000,00 
9011403;1;2;16;BANCO SUDAMERIS;860050750;2;1;4;1;2;4;25;810; 1.008.350.000,00 
9011403;1;2;16;BANCO SUDAMERIS;860050750;2;1;4;1;2;4;33;443; 1.007.060.000,00 
9011403;1;2;16;BANCO SUDAMERIS;860050750;2;1;4;1;2;4;141;87; 2.011.420.000,00 
9011403;1;2;16;BANCO POPULAR;860007738;2;1;4;1;2;4;101;439; 2.021.180.000,00 
9011403;1;2;16;BANCO POPULAR;860007738;2;1;4;1;2;4;29;73; 10.077.800.000,00 
9011403;1;2;16;BANCO AV VILLAS;860035827;2;1;4;1;2;4;129;89; 1.510.830.000,00 
9011403;1;2;16;BANCO DAVIVIEND;860034313;2;1;4;1;2;6;79;146; 5.011.150.000,00 
9011403;1;2;10;TESORERIA GENER;899999090;2;1;4;1;4;9;214;100; 1.022.460.000,00 
9011403;1;2;10;TESORERIA GENER;899999090;2;1;4;1;4;9;214;128; 511.230.000,00 
9011403;1;2;10;TESORERIA GENER;899999090;2;1;4;1;4;9;214;128; 10.224.600.000,00 
9011403;1;2;10;TESORERIA GENER;899999090;2;1;4;1;4;9;331;134; 2.072.940.000,00 
9011403;1;2;10;TESORERIA GENER;899999090;2;1;4;1;4;9;331;89; 518.235.000,00 
9011403;1;2;10;TESORERIA GENER;899999090;2;1;4;1;4;9;331;323; 5.182.350.000,00 
9011403;1;2;10;TESORERIA GENER;899999090;2;1;4;1;4;9;562;408; 1.070.250.000,00 
9011403;1;2;10;TESORERIA GENER;899999090;2;1;4;1;4;9;578;642; 5.161.900.000,00 
9011403;1;2;9;TESORERIA GENER;899999090;1;1;4;1;4;9;8;412; 15.052.496,00 
9011403;1;2;9;TESORERIA GENER;899999090;1;1;4;1;4;9;43;265; 29.031.347,00 
9011403;1;2;9;TESORERIA GENER;899999090;1;1;4;1;4;9;71;417; 77.817.753,00 
9011403;1;2;9;TESORERIA GENER;899999090;1;1;4;1;4;9;99;417; 88.532.725,00 
9011403;1;2;9;TESORERIA GENER;899999090;1;1;4;1;4;9;134;417; 105.904.293,00 
9011403;1;2;9;TESORERIA GENER;899999090;1;1;4;1;4;9;162;893; 115.502.675,00 
9011403;1;2;9;TESORERIA GENER;899999090;1;1;4;1;4;9;190;54; 110.821.585,00 
9011403;1;2;9;TESORERIA GENER;899999090;1;1;4;1;4;9;225;260; 106.033.131,00 
9011403;1;2;9;TESORERIA GENER;899999090;1;1;4;1;4;9;253;260; 91.345.674,00 
9011403;1;2;9;TESORERIA GENER;899999090;1;1;4;1;4;9;288;897; 53.252.767,00 
9011403;1;2;9;TESORERIA GENER;899999090;1;1;4;1;4;9;316;346; 25.230.646,00 
9011403;1;2;9;TESORERIA GENER;899999090;1;1;4;1;4;9;344;139; 19.626.221,00 
9011403;1;2;9;TESORERIA GENER;899999090;1;1;4;1;4;9;379;453; 23.641.652,00 
9011403;1;2;9;TESORERIA GENER;899999090;1;1;4;1;4;9;407;343; 25.982.197,00 
9011403;2;2;0;BANCO DE BOGOTA;860002964;0;0;0;0;0;0;0;0; 886.841.378,00 
9011403;2;2;0;BANCO DAVIVIEND;860034313;0;0;0;0;0;0;0;0; 41.306.136,00 
9011403;2;2;0;BANCO CORPBANCA;8909039370;0;0;0;0;0;0;0;0; 22.161.967.118,00 
9011403;2;2;0;BANCO SUDAMERIS;860050750;0;0;0;0;0;0;0;0; 23.650.304.191,00 
9011403;2;2;0;BANCOLOMBIA S.A;890903938;0;0;0;0;0;0;0;0; 352.807.116,00 
9011403;2;2;0;BBVA;860003020;0;0;0;0;0;0;0;0; 1.489.479,00 
9011403;2;2;0;BBVA;860003020;0;0;0;0;0;0;0;0; 329.639,00 
9011403;2;2;0;BANCOLOMBIA S.A;890903938;0;0;0;0;0;0;0;0; 277.757,00 
9011403;2;2;0;BBVA;860003020;0;0;0;0;0;0;0;0; 965.666.527,00 
9011403;2;2;0;BANCO CITIBANK;860051135;0;0;0;0;0;0;0;0; 9.590.518,00 
9011403;2;2;0;RED MULTIBANCA;890100180;0;0;0;0;0;0;0;0; 282.561.007,00 
9011403;2;2;0;BANCO POPULAR;860007738;0;0;0;0;0;0;0;0; 7.342.438.326,00 
9011403;2;2;0;BANCO OCCIDENTE;890300279;0;0;0;0;0;0;0;0; 40.826.340,00 
9011407;1;2;16;BANCO OCCIDENTE;890300279;2;1;4;1;2;4;238;893; 2.018.520.000,00 
9011407;1;2;16;BANCO OCCIDENTE;890300279;2;1;4;1;2;4;293;54; 1.012.090.000,00 
9011407;1;2;16;BANCO DE BOGOTA;860002964;2;1;4;1;2;4;321;260; 1.518.615.000,00 
9011407;1;2;16;BANCO DE BOGOTA;860002964;2;1;4;1;2;4;249;260; 1.511.685.000,00 
9011407;1;2;16;BANCO DE BOGOTA;860002964;2;1;4;1;2;4;129;897; 2.573.108.580,00 
9011407;1;2;16;BANCO DE BOGOTA;860002964;2;1;4;1;2;4;136;346; 1.155.933.555,00 
9011407;1;2;16;BANCO DE BOGOTA;860002964;2;1;4;1;2;4;279;139; 2.031.480.000,00 
9011407;1;2;16;BANCOLDEX;800149923;2;1;4;1;2;6;73;453; 3.012.570.000,00 
9011407;1;2;16;BANCOLDEX;800149923;2;1;4;1;2;6;91;343; 1.015.780.000,00 
9011407;1;2;16;BANCOLOMBIA S.A;890903938;2;1;4;1;2;4;70;1147; 1.004.910.000,00 
9011407;1;2;16;BANCOLOMBIA S.A;890903938;2;1;4;1;2;4;70;1077; 2.009.820.000,00 
9011407;1;2;16;FIN. DESA TERRI;800096329;2;1;4;1;2;6;69;1078; 1.005.040.000,00 
9011407;1;2;16;FIN. DESA TERRI;800096329;2;1;4;1;2;6;228;2815; 4.041.840.000,00 
9011407;1;2;16;BANCO AV VILLAS;860035827;2;1;4;1;2;4;294;510; 2.023.900.000,00 
9011407;1;2;16;BANCO AV VILLAS;860035827;2;1;4;1;2;4;325;609; 1.006.800.000,00 
9011407;1;2;16;BANCO AV VILLAS;860035827;2;1;4;1;2;4;262;968; 1.508.220.000,00 
9011407;1;2;16;BANCOLOMBIA S.A;890903938;2;1;4;1;2;1;437;1029; 1.011.320.000,00 
9011407;1;2;16;BANCOLOMBIA S.A;890903938;2;1;4;1;2;4;256;1753; 507.270.000,00 
9011407;1;2;16;BANCOLOMBIA S.A;890903938;2;1;4;1;2;4;72;165; 2.514.525.000,00 
9011407;1;2;16;BBVA;860003020;2;1;4;1;2;6;258;96; 2.030.020.000,00 
9011407;1;2;16;BBVA;860003020;2;1;4;1;2;6;276;1172; 1.016.380.000,00 
9011407;1;2;16;BBVA;860003020;2;1;4;1;2;1;375;7; 2.030.240.000,00 
9011407;1;2;16;BBVA;860003020;2;1;4;1;2;1;810;44; 3.054.930.000,00 
9011407;1;2;16;BBVA;860003020;2;1;4;1;2;1;443;11; 1.520.205.000,00 
9011407;1;2;16;BBVA;860003020;2;1;4;1;2;6;87;101; 1.504.980.000,00 
9011407;1;2;16;BBVA;860003020;2;1;4;1;2;1;439;37; 1.011.030.000,00 
9011407;1;2;16;BBVA;860003020;2;1;4;1;2;6;73;122; 1.005.680.000,00 
9011407;1;2;16;BANCO DAVIVIEND;860034313;2;1;4;1;2;6;89;70; 2.006.140.000,00 
9011407;1;2;16;BANCO DAVIVIEND;860034313;2;1;4;1;2;6;146;70; 3.012.090.000,00 
9011407;1;2;16;BANCO DAVIVIEND;860034313;2;1;4;1;2;6;100;69; 1.008.350.000,00 
9011407;1;2;16;BANCO DAVIVIEND;860034313;2;1;4;1;2;6;128;228; 2.020.100.000,00 
9011407;1;2;16;BANCO DAVIVIEND;860034313;2;1;4;1;2;6;128;294; 1.010.050.000,00 
9011407;1;2;16;BANCO DAVIVIEND;860034313;2;1;4;1;2;6;134;325; 1.508.340.000,00 
9011407;1;2;16;BANCO DAVIVIEND;860034313;2;1;4;1;2;6;89;262; 1.003.070.000,00 
9011407;1;2;16;BANCO DAVIVIEND;860034313;2;1;4;1;2;6;323;437; 500.010.000,00 
9011407;1;2;16;BANCO OCCIDENTE;890300279;2;1;4;1;2;1;408;256; 2.026.780.000,00 
9011407;1;2;16;BANCO OCCIDENTE;890300279;2;1;4;1;2;1;642;72; 1.016.790.000,00 
9011407;1;2;16;BANCO OCCIDENTE;890300279;2;1;4;1;2;1;412;258; 506.400.000,00 
9011407;1;2;16;BANCO POPULAR;860007738;2;1;4;1;2;5;265;276; 2.028.900.000,00 
9011407;1;2;16;BANCO POPULAR;860007738;2;1;4;1;2;1;417;375; 1.012.630.000,00 
9011407;1;2;16;BANCO POPULAR;860007738;2;1;4;1;2;1;417;810; 3.037.890.000,00 
9011407;1;2;16;BANCO POPULAR;860007738;2;1;4;1;2;1;417;443; 2.025.260.000,00 
9011407;1;2;16;RED MULTIBANCA;890100180;2;1;4;1;2;1;893;87; 1.008.400.000,00 
9011407;1;2;16;FIN. DESA TERRI;800096329;2;1;4;1;2;6;54;439; 1.003.160.000,00 
9011407;1;2;16;FIN. DESA TERRI;800096329;2;1;4;1;2;6;260;73; 505.130.000,00 
9011407;1;2;16;FIN. DESA TERRI;800096329;2;1;4;1;2;6;260;89; 505.130.000,00 
9011407;1;2;16;BANCO DE BOGOTA;860002964;2;1;4;1;2;1;897;417; 1.004.290.000,00 
9011407;1;2;16;BANCO DE BOGOTA;860002964;2;1;4;1;2;4;346;893; 5.033.850.000,00 
9011407;1;2;16;BANCO DE BOGOTA;860002964;2;1;4;1;2;4;139;54; 502.570.000,00 
9011407;1;2;16;BANCO DE BOGOTA;860002964;2;1;4;1;2;1;453;260; 2.004.680.000,00 
9011407;1;2;16;BANCO AV VILLAS;860035827;2;1;4;1;2;4;343;260; 1.006.340.000,00 
9011407;1;2;16;BBVA;860003020;2;1;4;1;2;1;1147;897; 1.037.190.000,00 
9011407;1;2;16;BANCO DE BOGOTA;860002964;2;1;4;1;2;1;1077;346; 1.008.490.000,00 
9011407;1;2;16;BANCO DE BOGOTA;860002964;2;1;4;1;2;1;1078;139; 1.008.330.000,00 
9011407;1;2;16;BANCO POPULAR;860007738;2;1;4;1;2;1;2815;453; 1.049.900.000,00 
9011407;1;2;16;BANCOLOMBIA S.A;890903938;2;1;4;1;2;1;510;343; 1.010.910.000,00 
9011407;1;2;16;BANCOLOMBIA S.A;890903938;2;1;4;1;2;1;609;1147; 504.700.000,00 
9011407;1;2;16;BANCOLOMBIA S.A;890903938;2;1;4;1;2;1;968;1077; 2.077.100.000,00 
9011407;1;2;16;BANCOLOMBIA S.A;890903938;2;1;4;1;2;1;1029;1078; 2.542.150.000,00 
9011407;1;2;16;BANCOLOMBIA S.A;890903938;2;1;4;1;2;1;1753;2815; 1.054.540.000,00 
9011407;1;2;16;BANCO DAVIVIEND;860034313;2;1;4;1;2;6;165;510; 502.095.000,00 
9011407;1;2;16;BANCO DAVIVIEND;860034313;2;1;4;1;2;6;96;323; 2.031.960.000,00 
9011407;1;2;16;FIN. DESA TERRI;800096329;2;1;4;1;2;1;1172;408; 505.445.000,00 
9011407;1;2;16;BANCO OCCIDENTE;890300279;2;1;4;1;2;4;7;642; 3.031.770.000,00 
9011407;1;2;16;BANCO OCCIDENTE;890300279;2;1;4;1;2;4;44;25; 2.012.520.000,00 
9011407;1;2;16;BANCO POPULAR;860007738;2;1;4;1;2;4;11;2; 3.029.970.000,00 
9011407;1;2;16;BANCO POPULAR;860007738;2;1;4;1;2;4;101;69; 3.031.770.000,00 
9011407;1;2;16;BANCOLOMBIA S.A;890903938;2;1;4;1;2;4;37;12; 2.547.600.000,00 
9011407;1;2;16;BANCO AV VILLAS;860035827;2;1;4;1;2;4;122;98; 2.016.380.000,00 
9011407;1;2;10;TESORERIA GENER;899999090;2;1;4;1;4;9;331;316; 5.182.350.000,00 
9011407;1;2;10;TESORERIA GENER;899999090;2;1;4;1;4;9;331;344; 518.235.000,00 
9011407;1;2;10;TESORERIA GENER;899999090;2;1;4;1;4;9;331;379; 2.072.940.000,00 
9011407;2;2;0;BANCO POPULAR;860007738;0;0;0;0;0;0;0;0; 26.721.975.450,00 
9011407;2;2;0;BANCO AGRARIO;8000378008;0;0;0;0;0;0;0;0; 17.349.979,00 
9011407;2;2;0;BANCOLOMBIA S.A;890903938;0;0;0;0;0;0;0;0; 3.461.236,00 
9011407;2;2;0;BBVA;860003020;0;0;0;0;0;0;0;0; 5.249.730.171,00 
9011407;2;2;0;RED MULTIBANCA;890100180;0;0;0;0;0;0;0;0; 9.470.752.432,00 
9011407;2;2;0;BANCO DAVIVIEND;860034313;0;0;0;0;0;0;0;0; 666.116.572,00 
9011407;2;2;0;BANCO OCCIDENTE;890300279;0;0;0;0;0;0;0;0; 2.550.873.190,00 
9011407;2;2;0;BANCO AV VILLAS;860035827;0;0;0;0;0;0;0;0; 2.360.848.498,00 
9011407;2;2;0;BANCO DE BOGOTA;860002964;0;0;0;0;0;0;0;0; 21.667.508.275,00 
9011407;2;2;0;BANCO CITIBANK;860051135;0;0;0;0;0;0;0;0; 507.133.598,00 
9011407;2;2;0;BANCO SUDAMERIS;860050750;0;0;0;0;0;0;0;0; 24.702.217.837,00 
9011407;2;2;0;BBVA;860003020;0;0;0;0;0;0;0;0; 905.151.460,00 
9011407;2;2;0;RED MULTIBANCA;890100180;0;0;0;0;0;0;0;0; -   
9011407;2;2;0;BANCO DAVIVIEND;860034313;0;0;0;0;0;0;0;0; 95.893.288,00 
9011407;2;2;0;BANCOLOMBIA S.A;890903938;0;0;0;0;0;0;0;0; 63.538.321,00 
9011407;2;2;0;BANCO CORPBANCA;8909039370;0;0;0;0;0;0;0;0; 21.121.716.909,00 
