ID;TIPO ACTIVO;VINCULADO O NO;TIPO TITULOS;EMISOR;NIT;TIPO INVERSION;TIPO REGISTRO;SISTEMA TRANSACCIONAL;TIPO MONEDA;TIPO SECTOR;CALIFICACION;DIAS AL VTO;DURACIÓN;VPN
9641;1;2;16;Banco Popular S.A.;8600077389;2;1;1;1;2;1;141;0;504535000
9641;1;2;16;Financiera De Desarrollo Territorial S.A. Findeter;8000963291;2;1;1;1;2;1;54;0;508930000
9641;1;2;16;Banco Agrario De Colombia S.A;8000378008;2;1;1;1;2;1;210;0;506280000
9641;1;2;16;Banco Av Villas S.A.;8600358275;2;1;1;1;2;1;230;0;509190000
9641;1;2;16;Banco Procredit Colombia S.A.;9002009609;2;1;1;1;2;1;257;0;516785000
9641;1;2;16;Banco Corpbanca Colombia S.A;8909039370;2;1;1;1;2;1;443;0;502510000
9641;1;2;16;Banco Davivienda S.A.;8600343137;2;1;1;1;2;1;288;0;509205000
9641;1;2;3;Banco De Occidente S.A.;8903002794;2;1;1;1;2;1;318;0;988000000
9641;1;1;16;Corporacion Financiera Colombiana S.A.;8903006536;2;1;1;1;2;1;109;0;502495000
9641;1;2;16;Banco Colpatria Multibanca Colpatria S.A.;8600345941;2;1;1;1;2;1;30;0;500360000
9641;1;2;16;Helm Bank;8600076603;2;1;1;1;2;1;128;0;504235000
9641;1;2;16;Banco Corpbanca Colombia S.A;8909039370;2;1;1;1;2;1;230;0;503725000
9641;1;2;16;Banco Santander De Negocios Colombia S.A.;9006281103;2;1;1;1;2;1;415;0;504010000
9641;1;2;16;Banco Davivienda S.A.;8600343137;2;1;1;1;2;1;206;0;502625000
9641;1;2;16;Banco Davivienda S.A.;8600343137;2;1;1;1;2;1;501;0;503415000
9641;1;2;16;Banco De Bogota S.A.;8600029644;2;1;1;1;2;1;327;0;1004440000
9641;1;2;34;Bancolombia S.A.;8909039388;2;1;1;1;2;1;1;0;5822740
9641;1;2;37;Ecopetrol S.A.;8999990681;2;1;1;1;1;1;1;0;8093750
9641;1;2;34;Banco Davivienda S.A.;8600343137;2;1;1;1;2;1;1;0;9135000
9641;1;2;34;Banco Davivienda S.A.;8600343137;2;1;1;1;2;1;1;0;5336000
9641;1;2;34;Bancolombia S.A.;8909039388;2;1;1;1;2;1;1;0;10006920
9641;1;2;50;Fiduciaria Bogota S.A.;8001423837;2;1;1;1;2;1;1;0;24263893.8
9641;1;2;50;Fiduciaria Bogota S.A.;8001423837;2;1;1;1;2;1;1;0;564276.6
9641;1;2;37;Almacenes Exito S.A.;8909006089;2;1;1;1;1;1;1;0;5169120
9641;1;2;10;Ministerio De Hacienda Y Credito Publico;8999990902;2;1;1;1;2;9;103;0;489750000
9641;2;2;0;Banco Av Villas S.A.;8600358275;0;0;0;0;0;0;0;0;1
9641;2;1;0;Corporacion Financiera Colombiana S.A.;8903006536;0;0;0;0;0;0;0;0;3557563
9641;2;2;0;Banco De Occidente S.A.;8903002794;0;0;0;0;0;0;0;0;0
9641;2;2;0;Banco De Bogota S.A.;8600029644;0;0;0;0;0;0;0;0;0
9641;2;2;0;Bancolombia S.A.;8909039388;0;0;0;0;0;0;0;0;0
9641;2;2;0;Bancolombia S.A.;8909039388;0;0;0;0;0;0;0;0;0
9641;2;2;0;Bancolombia S.A.;8909039388;0;0;0;0;0;0;0;0;0
9641;2;2;0;Bancolombia S.A.;8909039388;0;0;0;0;0;0;0;0;0
9641;2;2;0;Bancolombia S.A.;8909039388;0;0;0;0;0;0;0;0;0
9641;2;2;0;Banco De Occidente S.A.;8903002794;0;0;0;0;0;0;0;0;0
9641;2;2;0;Banco De Occidente S.A.;8903002794;0;0;0;0;0;0;0;0;0
9641;2;2;0;Banco De Occidente S.A.;8903002794;0;0;0;0;0;0;0;0;0
9641;2;2;0;Banco De Occidente S.A.;8903002794;0;0;0;0;0;0;0;0;0
9641;2;2;0;Banco De Occidente S.A.;8903002794;0;0;0;0;0;0;0;0;0
9641;2;2;0;Banco De Occidente S.A.;8903002794;0;0;0;0;0;0;0;0;0
9641;2;2;0;Citibank Colombia S.A.;8600511354;0;0;0;0;0;0;0;0;1832971.66
9641;2;2;0;Banco Corpbanca Colombia S.A;8909039370;0;0;0;0;0;0;0;0;1099370.38
9641;2;2;0;Banco De Occidente S.A.;8903002794;0;0;0;0;0;0;0;0;889129769.56
9641;2;2;0;Banco Corpbanca Colombia S.A;8909039370;0;0;0;0;0;0;0;0;198612.94
9641;2;2;0;Banco Av Villas S.A.;8600358275;0;0;0;0;0;0;0;0;356905148.57
9641;2;2;0;Banco De Bogota S.A.;8600029644;0;0;0;0;0;0;0;0;126400529.79
9641;2;2;0;Banco Corpbanca Colombia S.A;8909039370;0;0;0;0;0;0;0;0;698743020.93
9641;2;2;0;Bbva Colombia S.A.;8600030201;0;0;0;0;0;0;0;0;911616415.09
9641;2;2;0;Banco Colpatria Multibanca Colpatria S.A.;8600345941;0;0;0;0;0;0;0;0;280981262.78
9641;2;2;0;Citibank Colombia S.A.;8600511354;0;0;0;0;0;0;0;0;325687622.55
9641;2;2;0;Bbva Colombia S.A.;8600030201;0;0;0;0;0;0;0;0;0
9641;2;2;0;Banco De Bogota S.A.;8600029644;0;0;0;0;0;0;0;0;136882.21
9641;2;2;0;Banco Colpatria Multibanca Colpatria S.A.;8600345941;0;0;0;0;0;0;0;0;234993.41
9641;2;2;0;Citibank Colombia S.A.;8600511354;0;0;0;0;0;0;0;0;27340
9641;2;2;0;Banco De Occidente S.A.;8903002794;0;0;0;0;0;0;0;0;0
9641;2;2;0;Bancolombia S.A.;8909039388;0;0;0;0;0;0;0;0;0
9641;2;2;0;Banco De Occidente S.A.;8903002794;0;0;0;0;0;0;0;0;0
9641;2;2;0;Banco De Bogota S.A.;8600029644;0;0;0;0;0;0;0;0;5635725.37
9641;2;2;0;Banco De Occidente S.A.;8903002794;0;0;0;0;0;0;0;0;0
9641;2;2;0;Banco Av Villas S.A.;8600358275;0;0;0;0;0;0;0;0;2574512.14
9641;2;2;0;Bbva Colombia S.A.;8600030201;0;0;0;0;0;0;0;0;0
9641;2;2;0;Banco Colpatria Multibanca Colpatria S.A.;8600345941;0;0;0;0;0;0;0;0;2524766.32
9641;2;2;0;Bancolombia S.A.;8909039388;0;0;0;0;0;0;0;0;0
9641;2;2;0;Banco Av Villas S.A.;8600358275;0;0;0;0;0;0;0;0;24972.67
9641;2;1;0;Corporacion Financiera Colombiana S.A.;8903006536;0;0;0;0;0;0;0;0;1109285046.17
9641;2;2;0;Banco De Occidente S.A.;8903002794;0;0;0;0;0;0;0;0;6603669.53
9641;2;2;0;Bancolombia S.A.;8909039388;0;0;0;0;0;0;0;0;714569296.09
9644;1;2;16;Bbva Colombia S.A.;8600030201;2;1;1;1;2;1;236;0;1005690000
9644;1;2;3;Banco Davivienda S.A.;8600343137;2;1;1;1;2;1;256;0;1004780000
9644;1;2;3;Banco Davivienda S.A.;8600343137;2;1;1;1;2;1;256;0;1004780000
9644;1;2;3;Leasing Bancolombia S.A. C.F.;8600592943;2;1;1;1;2;1;325;0;575655500
9644;1;2;3;Leasing Bancolombia S.A. C.F.;8600592943;2;1;1;1;2;1;325;0;425484500
9644;1;2;16;Banco Gnb Sudameris S.A.;8600507501;2;1;1;1;2;1;107;0;501945000
9644;1;1;16;Corporacion Financiera Colombiana S.A.;8903006536;2;1;1;1;2;1;109;0;1004990000
9644;1;2;16;Banco Davivienda S.A.;8600343137;2;1;1;1;2;1;9;0;2010860000
9644;1;2;16;Banco Corpbanca Colombia S.A;8909039370;2;1;1;1;2;1;13;0;502290000
9644;1;2;16;Helm Bank;8600076603;2;1;1;1;2;1;128;0;504235000
9644;1;1;16;Corporacion Financiera Colombiana S.A.;8903006536;2;1;1;1;2;1;75;0;503505000
9644;1;2;16;Financiera De Desarrollo Territorial S.A. Findeter;8000963291;2;1;1;1;2;1;192;0;504155000
9644;1;2;16;Banco Corpbanca Colombia S.A;8909039370;2;1;1;1;2;1;230;0;1007450000
9644;1;2;16;Banco De Bogota S.A.;8600029644;2;1;1;1;2;1;251;0;1010070000
9644;1;2;16;Banco Av Villas S.A.;8600358275;2;1;1;1;2;1;451;0;1005380000
9644;1;2;16;Banco Davivienda S.A.;8600343137;2;1;1;1;2;1;501;0;1006830000
9644;1;2;16;Banco De Bogota S.A.;8600029644;2;1;1;1;2;1;515;0;1000520000
9644;1;2;16;Bancolombia S.A.;8909039388;2;1;1;1;2;1;276;0;1011870000
9644;1;2;16;Banco Corpbanca Colombia S.A;8909039370;2;1;1;1;2;1;338;0;1007810000
9644;1;2;16;Banco Davivienda S.A.;8600343137;2;1;1;1;2;1;535;0;1003680000
9644;1;2;10;Ministerio De Hacienda Y Credito Publico;8999990902;2;1;1;1;2;9;258;0;2490589403.82
9644;1;2;10;Ministerio De Hacienda Y Credito Publico;8999990902;2;1;1;1;2;9;285;0;1416270000
9644;1;2;16;Bancolombia Panama S.A.;4444042541;2;1;1;3;2;1;146;0;1497244444.02
9644;1;2;16;Banco Corpbanca Colombia S.A;8909039370;2;1;1;1;2;1;134;0;515390000
9644;1;2;3;Leasing Bancolombia S.A. C.F.;8600592943;2;1;1;1;2;1;193;0;1034610000
9644;1;2;16;Banco De Bogota S.A.;8600029644;2;1;1;1;2;1;2;0;1019260000
9644;1;2;16;Banco Pichincha S.A.;8902007567;2;1;1;1;2;1;68;0;2011960000
9644;1;1;16;Corporacion Financiera Colombiana S.A.;8903006536;2;1;1;1;2;1;82;0;2986410000
9644;1;2;16;Banco Finandina S.A.;8600518946;2;1;1;1;2;1;88;0;995470000
9644;1;2;16;Banco De Bogota S.A.;8600029644;2;1;1;1;2;1;158;0;1014550000
9644;1;2;16;Helm Bank;8600076603;2;1;1;1;2;1;79;0;2004940000
9644;1;2;16;Banco Popular S.A.;8600077389;2;1;1;1;2;1;141;0;1009070000
9644;1;2;16;Banco Davivienda S.A.;8600343137;2;1;1;1;2;1;21;0;2042640000
9644;1;2;16;Banco Corpbanca Colombia S.A;8909039370;2;1;1;1;2;1;443;0;1005020000
9644;1;2;16;Banco Procredit Colombia S.A.;9002009609;2;1;1;1;2;1;274;0;514265000
9644;1;2;16;Banco Davivienda S.A.;8600343137;2;1;1;1;2;1;288;0;2036820000
9644;1;2;3;Banco De Occidente S.A.;8903002794;2;1;1;1;2;1;318;0;988000000
9644;1;2;16;Banco Davivienda S.A.;8600343137;2;1;1;1;2;1;472;0;510085000
9644;1;2;16;Bancolombia S.A.;8909039388;2;1;1;1;2;1;337;0;986300000
9644;1;2;16;Bancolombia S.A.;8909039388;2;1;1;1;2;1;181;0;3000090000
9644;1;2;10;Ministerio De Hacienda Y Credito Publico;8999990902;2;1;1;1;2;9;2881;0;585965000
9644;2;2;0;Banco Caja Social;8600073354;0;0;0;0;0;0;0;0;1295000
9644;2;2;0;Banco Caja Social;8600073354;0;0;0;0;0;0;0;0;215256.05
9644;2;2;0;Banco Caja Social;8600073354;0;0;0;0;0;0;0;0;503769150.88
9644;2;2;0;Banco Santander De Negocios Colombia S.A.;9006281103;0;0;0;0;0;0;0;0;1055898351.26
9644;2;2;0;Banco Santander De Negocios Colombia S.A.;9006281103;0;0;0;0;0;0;0;0;30000
9644;2;2;0;Banco Santander De Negocios Colombia S.A.;9006281103;0;0;0;0;0;0;0;0;650000
9644;2;2;0;Bbva Colombia S.A.;8600030201;0;0;0;0;0;0;0;0;0
9644;2;1;0;Corporacion Financiera Colombiana S.A.;8903006536;0;0;0;0;0;0;0;0;457407
9644;2;2;0;Banco Av Villas S.A.;8600358275;0;0;0;0;0;0;0;0;1
9644;2;2;0;Banco Popular S.A.;8600077389;0;0;0;0;0;0;0;0;2423500
9644;2;2;0;Banco Popular S.A.;8600077389;0;0;0;0;0;0;0;0;3750550.26
9644;2;2;0;Banco Cooperativo Coopcentral;8902030889;0;0;0;0;0;0;0;0;9560
9644;2;2;0;Banco Cooperativo Coopcentral;8902030889;0;0;0;0;0;0;0;0;100150000
9644;2;2;0;Banco Popular S.A.;8600077389;0;0;0;0;0;0;0;0;2496081892.77
9644;2;2;0;Banco Agrario De Colombia S.A;8000378008;0;0;0;0;0;0;0;0;2053960
9644;2;2;0;Banco Agrario De Colombia S.A;8000378008;0;0;0;0;0;0;0;0;2100000
9644;2;2;0;Banco Agrario De Colombia S.A;8000378008;0;0;0;0;0;0;0;0;229312614
9644;2;2;0;Banco Cooperativo Coopcentral;8902030889;0;0;0;0;0;0;0;0;2768413813
9644;2;2;0;Banco De Occidente S.A.;8903002794;0;0;0;0;0;0;0;0;0
9644;2;2;0;Banco De Bogota S.A.;8600029644;0;0;0;0;0;0;0;0;0
9644;2;2;0;Banco Corpbanca Colombia S.A;8909039370;0;0;0;0;0;0;0;0;2743748.23
9644;2;2;0;Banco Corpbanca Colombia S.A;8909039370;0;0;0;0;0;0;0;0;1225794447.06
9644;2;2;0;Banco Corpbanca Colombia S.A;8909039370;0;0;0;0;0;0;0;0;245297
9644;2;2;0;Banco Av Villas S.A.;8600358275;0;0;0;0;0;0;0;0;1413036013.85
9644;2;2;0;Bancolombia S.A.;8909039388;0;0;0;0;0;0;0;0;0
9644;2;1;0;Corporacion Financiera Colombiana S.A.;8903006536;0;0;0;0;0;0;0;0;3042986218.95
9644;2;2;0;Banco Av Villas S.A.;8600358275;0;0;0;0;0;0;0;0;217000
9644;2;2;0;Bancolombia S.A.;8909039388;0;0;0;0;0;0;0;0;0
9644;2;2;0;Bancolombia S.A.;8909039388;0;0;0;0;0;0;0;0;0
9644;2;2;0;Banco Davivienda S.A.;8600343137;0;0;0;0;0;0;0;0;80289.89
9644;2;2;0;Banco Davivienda S.A.;8600343137;0;0;0;0;0;0;0;0;15682.68
9644;2;2;0;Banco Davivienda S.A.;8600343137;0;0;0;0;0;0;0;0;1124993504.63
9644;2;2;0;Banco De Occidente S.A.;8903002794;0;0;0;0;0;0;0;0;0
9644;2;2;0;Banco De Occidente S.A.;8903002794;0;0;0;0;0;0;0;0;0
9644;2;2;0;Banco De Occidente S.A.;8903002794;0;0;0;0;0;0;0;0;0
9644;2;2;0;Banco De Occidente S.A.;8903002794;0;0;0;0;0;0;0;0;0
9644;2;2;0;Banco De Occidente S.A.;8903002794;0;0;0;0;0;0;0;0;0
9644;2;2;0;Banco De Occidente S.A.;8903002794;0;0;0;0;0;0;0;0;0
9644;2;2;0;Citibank Colombia S.A.;8600511354;0;0;0;0;0;0;0;0;2081828.4
9644;2;2;0;Helm Bank;8600076603;0;0;0;0;0;0;0;0;5468830.14
9644;2;2;0;Banco De Occidente S.A.;8903002794;0;0;0;0;0;0;0;0;38447104.31
9644;2;2;0;Helm Bank;8600076603;0;0;0;0;0;0;0;0;324303.05
9644;2;2;0;Helm Bank;8600076603;0;0;0;0;0;0;0;0;209457726.32
9644;2;2;0;Bbva Colombia S.A.;8600030201;0;0;0;0;0;0;0;0;258052847.48
9644;2;2;0;Banco De Bogota S.A.;8600029644;0;0;0;0;0;0;0;0;8111228784.56
9644;2;2;0;Banco Colpatria Multibanca Colpatria S.A.;8600345941;0;0;0;0;0;0;0;0;203126612.4
9644;2;2;0;Citibank Colombia S.A.;8600511354;0;0;0;0;0;0;0;0;912429528.32
9644;2;2;0;Banco De Bogota S.A.;8600029644;0;0;0;0;0;0;0;0;622855.42
9644;2;2;0;Banco Colpatria Multibanca Colpatria S.A.;8600345941;0;0;0;0;0;0;0;0;263826.85
9644;2;2;0;Citibank Colombia S.A.;8600511354;0;0;0;0;0;0;0;0;0
9644;2;2;0;Bancolombia S.A.;8909039388;0;0;0;0;0;0;0;0;22156422801.23
9644;2;2;0;Banco Av Villas S.A.;8600358275;0;0;0;0;0;0;0;0;2162044.97
9644;2;2;0;Banco De Occidente S.A.;8903002794;0;0;0;0;0;0;0;0;0
9644;2;2;0;Banco Davivienda S.A.;8600343137;0;0;0;0;0;0;0;0;5608000
9644;2;2;0;Bbva Colombia S.A.;8600030201;0;0;0;0;0;0;0;0;0
9644;2;2;0;Banco De Bogota S.A.;8600029644;0;0;0;0;0;0;0;0;8582687.99
9644;2;2;0;Banco Colpatria Multibanca Colpatria S.A.;8600345941;0;0;0;0;0;0;0;0;1120542.48
9644;2;2;0;Banco De Occidente S.A.;8903002794;0;0;0;0;0;0;0;0;0
9644;2;2;0;Bancolombia S.A.;8909039388;0;0;0;0;0;0;0;0;0
9644;2;2;0;Banco De Occidente S.A.;8903002794;0;0;0;0;0;0;0;0;807746720.41
9644;2;2;0;Bancolombia S.A.;8909039388;0;0;0;0;0;0;0;0;500013630.13
9645;1;2;3;Leasing Bancolombia S.A. C.F.;8600592943;2;1;1;1;2;1;193;0;517305000
9645;1;2;16;Financiera De Desarrollo Territorial S.A. Findeter;8000963291;2;1;1;1;2;1;54;0;508930000
9645;1;2;16;Banco Agrario De Colombia S.A;8000378008;2;1;1;1;2;1;210;0;506280000
9645;1;2;16;Banco Procredit Colombia S.A.;9002009609;2;1;1;1;2;1;257;0;516785000
9645;1;2;16;Banco Corpbanca Colombia S.A;8909039370;2;1;1;1;2;1;443;0;502510000
9645;1;2;16;Banco De Bogota S.A.;8600029644;2;1;1;1;2;1;313;0;505985000
9645;1;2;3;Banco Davivienda S.A.;8600343137;2;1;1;1;2;1;256;0;502390000
9645;1;1;16;Corporacion Financiera Colombiana S.A.;8903006536;2;1;1;1;2;1;109;0;502495000
9645;1;2;16;Banco Colpatria Multibanca Colpatria S.A.;8600345941;2;1;1;1;2;1;30;0;500360000
9645;1;2;16;Banco Corpbanca Colombia S.A;8909039370;2;1;1;1;2;1;230;0;503725000
9645;1;2;16;Banco Corpbanca Colombia S.A;8909039370;2;1;1;1;2;1;445;0;302259000
9645;1;2;16;Banco Davivienda S.A.;8600343137;2;1;1;1;2;1;206;0;502625000
9645;1;2;16;Banco Av Villas S.A.;8600358275;2;1;1;1;2;1;451;0;502690000
9645;1;2;10;Ministerio De Hacienda Y Credito Publico;8999990902;2;1;1;1;2;9;103;0;489750000
9645;2;1;0;Corporacion Financiera Colombiana S.A.;8903006536;0;0;0;0;0;0;0;0;1007328
9645;2;2;0;Banco Caja Social;8600073354;0;0;0;0;0;0;0;0;173974811.48
9645;2;2;0;Bancolombia S.A.;8909039388;0;0;0;0;0;0;0;0;0
9645;2;1;0;Corporacion Financiera Colombiana S.A.;8903006536;0;0;0;0;0;0;0;0;375208122.18
9645;2;2;0;Bancolombia S.A.;8909039388;0;0;0;0;0;0;0;0;0
9645;2;2;0;Bancolombia S.A.;8909039388;0;0;0;0;0;0;0;0;0
9645;2;2;0;Banco De Occidente S.A.;8903002794;0;0;0;0;0;0;0;0;0
9645;2;2;0;Banco De Occidente S.A.;8903002794;0;0;0;0;0;0;0;0;0
9645;2;2;0;Banco De Occidente S.A.;8903002794;0;0;0;0;0;0;0;0;0
9645;2;2;0;Banco De Occidente S.A.;8903002794;0;0;0;0;0;0;0;0;0
9645;2;2;0;Banco De Occidente S.A.;8903002794;0;0;0;0;0;0;0;0;0
9645;2;2;0;Banco De Occidente S.A.;8903002794;0;0;0;0;0;0;0;0;0
9645;2;2;0;Banco Davivienda S.A.;8600343137;0;0;0;0;0;0;0;0;5032500
9645;2;2;0;Banco Gnb Sudameris S.A.;8600507501;0;0;0;0;0;0;0;0;0
9645;2;2;0;Citibank Colombia S.A.;8600511354;0;0;0;0;0;0;0;0;1633988.4
9645;2;2;0;Banco Davivienda S.A.;8600343137;0;0;0;0;0;0;0;0;288534.6
9645;2;2;0;Banco Davivienda S.A.;8600343137;0;0;0;0;0;0;0;0;295596.97
9645;2;2;0;Banco De Occidente S.A.;8903002794;0;0;0;0;0;0;0;0;844287755.43
9645;2;2;0;Banco Caja Social;8600073354;0;0;0;0;0;0;0;0;319958
9645;2;2;0;Banco Davivienda S.A.;8600343137;0;0;0;0;0;0;0;0;373787537.86
9645;2;2;0;Banco Av Villas S.A.;8600358275;0;0;0;0;0;0;0;0;290052817.38
9645;2;2;0;Banco Colpatria Multibanca Colpatria S.A.;8600345941;0;0;0;0;0;0;0;0;306659410.65
9645;2;2;0;Citibank Colombia S.A.;8600511354;0;0;0;0;0;0;0;0;392889981.31
9645;2;2;0;Banco De Bogota S.A.;8600029644;0;0;0;0;0;0;0;0;1472945492.95
9645;2;2;0;Banco Gnb Sudameris S.A.;8600507501;0;0;0;0;0;0;0;0;579846805.21
9645;2;2;0;Bbva Colombia S.A.;8600030201;0;0;0;0;0;0;0;0;0
9645;2;2;0;Banco De Bogota S.A.;8600029644;0;0;0;0;0;0;0;0;440302.6
9645;2;2;0;Banco Colpatria Multibanca Colpatria S.A.;8600345941;0;0;0;0;0;0;0;0;202925.38
9645;2;2;0;Banco Gnb Sudameris S.A.;8600507501;0;0;0;0;0;0;0;0;0
9645;2;2;0;Citibank Colombia S.A.;8600511354;0;0;0;0;0;0;0;0;2244535.11
9645;2;2;0;Bbva Colombia S.A.;8600030201;0;0;0;0;0;0;0;0;425297375.19
9645;2;2;0;Banco De Occidente S.A.;8903002794;0;0;0;0;0;0;0;0;0
9645;2;2;0;Banco Av Villas S.A.;8600358275;0;0;0;0;0;0;0;0;879818.03
9645;2;2;0;Bbva Colombia S.A.;8600030201;0;0;0;0;0;0;0;0;4499845
9645;2;2;0;Banco De Bogota S.A.;8600029644;0;0;0;0;0;0;0;0;6590001.23
9645;2;2;0;Banco Colpatria Multibanca Colpatria S.A.;8600345941;0;0;0;0;0;0;0;0;3445938.01
9645;2;2;0;Bancolombia S.A.;8909039388;0;0;0;0;0;0;0;0;0
9645;2;2;0;Banco Av Villas S.A.;8600358275;0;0;0;0;0;0;0;0;275000
9645;2;2;0;Banco De Occidente S.A.;8903002794;0;0;0;0;0;0;0;0;9899571.22
9645;2;2;0;Bancolombia S.A.;8909039388;0;0;0;0;0;0;0;0;127998996.01
9645;2;2;0;Banco Caja Social;8600073354;0;0;0;0;0;0;0;0;4241094.1
13174;1;2;10;Ministerio De Hacienda Y Credito Publico;8999990902;2;1;1;1;2;9;12;0;997740000
13174;1;2;10;Ministerio De Hacienda Y Credito Publico;8999990902;2;1;1;1;2;9;12;0;498870000
13174;1;2;10;Ministerio De Hacienda Y Credito Publico;8999990902;2;1;1;1;2;9;285;0;2360450000
13174;1;2;10;Ministerio De Hacienda Y Credito Publico;8999990902;2;1;1;1;2;9;811;0;3506475000
13174;1;2;16;Financiera De Desarrollo Territorial S.A. Findeter;8000963291;2;1;1;1;2;1;532;0;510655000
13174;1;2;16;Financiera De Desarrollo Territorial S.A. Findeter;8000963291;2;1;1;1;2;1;167;0;1022310000
13174;1;2;16;Banco De Bogota S.A.;8600029644;2;1;1;1;2;1;167;0;511205000
13174;1;2;16;Bancolombia S.A.;8909039388;2;1;1;1;2;1;241;0;516055000
13174;1;2;16;Banco De Bogota S.A.;8600029644;2;1;1;1;2;1;2;0;3057780000
13174;1;2;16;Banco De Bogota S.A.;8600029644;2;1;1;1;2;1;155;0;2030600000
13174;1;2;16;Banco Davivienda S.A.;8600343137;2;1;1;1;2;1;22;0;1021100000
13174;1;2;16;Banco Popular S.A.;8600077389;2;1;1;1;2;1;45;0;1016850000
13174;1;2;16;Bancolombia S.A.;8909039388;2;1;1;1;2;1;258;0;3082410000
13174;1;2;16;Banco Davivienda S.A.;8600343137;2;1;1;1;2;1;288;0;1018410000
13174;1;2;16;Banco Gnb Sudameris S.A.;8600507501;2;1;1;1;2;1;47;0;2018820000
13174;1;2;16;Banco Gnb Sudameris S.A.;8600507501;2;1;1;1;2;1;78;0;3028740000
13174;1;2;16;Bbva Colombia S.A.;8600030201;2;1;1;1;2;1;236;0;2011380000
13174;1;2;16;Banco Popular S.A.;8600077389;2;1;1;1;2;1;80;0;1004460000
13174;1;2;16;Banco De Bogota S.A.;8600029644;2;1;1;1;2;1;134;0;3021870000
13174;1;2;16;Financiera De Desarrollo Territorial S.A. Findeter;8000963291;2;1;1;1;2;1;139;0;503110000
13174;1;2;16;Banco Popular S.A.;8600077389;2;1;1;1;2;1;80;0;1004460000
13174;1;2;16;Banco De Bogota S.A.;8600029644;2;1;1;1;2;1;251;0;1010070000
13174;1;2;16;Banco De Bogota S.A.;8600029644;2;1;1;1;2;1;4;0;1006260000
13174;1;2;16;Banco De Bogota S.A.;8600029644;2;1;1;1;2;1;85;0;501050000
13174;1;2;16;Banco De Bogota S.A.;8600029644;2;1;1;1;2;1;504;0;502695000
13174;1;2;16;Banco De Occidente S.A.;8903002794;2;1;1;1;2;1;53;0;2004580000
13174;1;2;16;Banco De Bogota S.A.;8600029644;2;1;1;1;2;1;338;0;3024870000
13174;1;2;16;Banco Corpbanca Colombia S.A;8909039370;2;1;1;1;2;1;522;0;1006390000
13174;1;2;16;Banco Davivienda S.A.;8600343137;2;1;1;1;2;1;536;0;501715000
13174;2;2;0;Banco Pichincha S.A.;8902007567;0;0;0;0;0;0;0;0;1154459410.34
13174;2;2;0;Banco Pichincha S.A.;8902007567;0;0;0;0;0;0;0;0;3167000
13174;2;2;0;Banco Pichincha S.A.;8902007567;0;0;0;0;0;0;0;0;53205957
13174;2;2;0;Banco De Occidente S.A.;8903002794;0;0;0;0;0;0;0;0;0
13174;2;2;0;Banco Santander De Negocios Colombia S.A.;9006281103;0;0;0;0;0;0;0;0;1526650903.35
13174;2;2;0;Banco Santander De Negocios Colombia S.A.;9006281103;0;0;0;0;0;0;0;0;4600420
13174;2;2;0;Banco Santander De Negocios Colombia S.A.;9006281103;0;0;0;0;0;0;0;0;1912554
13174;2;2;0;Banco Caja Social;8600073354;0;0;0;0;0;0;0;0;218586858.15
13174;2;2;0;Banco Davivienda S.A.;8600343137;0;0;0;0;0;0;0;0;686068679.6
13174;2;2;0;Banco Av Villas S.A.;8600358275;0;0;0;0;0;0;0;0;11170740.68
13174;2;2;0;Banco De Occidente S.A.;8903002794;0;0;0;0;0;0;0;0;1000110857.52
13174;2;2;0;Banco De Occidente S.A.;8903002794;0;0;0;0;0;0;0;0;0
13174;2;2;0;Banco De Occidente S.A.;8903002794;0;0;0;0;0;0;0;0;0
13174;2;2;0;Banco Popular S.A.;8600077389;0;0;0;0;0;0;0;0;2155963.18
13174;2;2;0;Banco De Occidente S.A.;8903002794;0;0;0;0;0;0;0;0;0
13174;2;2;0;Banco Davivienda S.A.;8600343137;0;0;0;0;0;0;0;0;1481400
13174;2;2;0;Banco Av Villas S.A.;8600358275;0;0;0;0;0;0;0;0;1976445.03
13174;2;2;0;Bbva Colombia S.A.;8600030201;0;0;0;0;0;0;0;0;0
13174;2;2;0;Banco De Bogota S.A.;8600029644;0;0;0;0;0;0;0;0;1835434
13174;2;2;0;Banco Gnb Sudameris S.A.;8600507501;0;0;0;0;0;0;0;0;0
13174;2;2;0;Banco Corpbanca Colombia S.A;8909039370;0;0;0;0;0;0;0;0;292153.32
13174;2;2;0;Bancolombia S.A.;8909039388;0;0;0;0;0;0;0;0;0
13174;2;2;0;Citibank Colombia S.A.;8600511354;0;0;0;0;0;0;0;0;4074295.06
13174;2;2;0;Banco Caja Social;8600073354;0;0;0;0;0;0;0;0;4160000
13174;2;2;0;Banco Agrario De Colombia S.A;8000378008;0;0;0;0;0;0;0;0;1626229
13174;2;2;0;Helm Bank;8600076603;0;0;0;0;0;0;0;0;3617399.36
13174;2;2;0;Banco Popular S.A.;8600077389;0;0;0;0;0;0;0;0;414698.79
13174;2;2;0;Banco Davivienda S.A.;8600343137;0;0;0;0;0;0;0;0;332768.21
13174;2;2;0;Banco Davivienda S.A.;8600343137;0;0;0;0;0;0;0;0;113290.25
13174;2;2;0;Banco Caja Social;8600073354;0;0;0;0;0;0;0;0;287602
13174;2;2;0;Banco Agrario De Colombia S.A;8000378008;0;0;0;0;0;0;0;0;968003
13174;2;2;0;Banco Gnb Sudameris S.A.;8600507501;0;0;0;0;0;0;0;0;0
13174;2;2;0;Helm Bank;8600076603;0;0;0;0;0;0;0;0;58156.15
13174;2;2;0;Banco Av Villas S.A.;8600358275;0;0;0;0;0;0;0;0;4891184780.28
13174;2;2;0;Banco De Occidente S.A.;8903002794;0;0;0;0;0;0;0;0;676602156.85
13174;2;2;0;Banco Popular S.A.;8600077389;0;0;0;0;0;0;0;0;6680585695.36
13174;2;2;0;Bbva Colombia S.A.;8600030201;0;0;0;0;0;0;0;0;1090880532.79
13174;2;2;0;Banco Agrario De Colombia S.A;8000378008;0;0;0;0;0;0;0;0;601862308.59
13174;2;2;0;Banco De Bogota S.A.;8600029644;0;0;0;0;0;0;0;0;7532121313.32
13174;2;2;0;Banco Colpatria Multibanca Colpatria S.A.;8600345941;0;0;0;0;0;0;0;0;425812815.45
13174;2;2;0;Citibank Colombia S.A.;8600511354;0;0;0;0;0;0;0;0;446669402.42
13174;2;2;0;Helm Bank;8600076603;0;0;0;0;0;0;0;0;546506809.33
13174;2;2;0;Banco Corpbanca Colombia S.A;8909039370;0;0;0;0;0;0;0;0;1011035432.22
13174;2;2;0;Bancolombia S.A.;8909039388;0;0;0;0;0;0;0;0;3747523867.75
13174;2;2;0;Banco Gnb Sudameris S.A.;8600507501;0;0;0;0;0;0;0;0;11479939541.68
13174;2;2;0;Banco De Occidente S.A.;8903002794;0;0;0;0;0;0;0;0;0
13174;2;2;0;Banco Av Villas S.A.;8600358275;0;0;0;0;0;0;0;0;843050
13174;2;2;0;Bbva Colombia S.A.;8600030201;0;0;0;0;0;0;0;0;0
13174;2;2;0;Banco De Bogota S.A.;8600029644;0;0;0;0;0;0;0;0;890137.99
13174;2;2;0;Banco Corpbanca Colombia S.A;8909039370;0;0;0;0;0;0;0;0;146349
13174;2;2;0;Bancolombia S.A.;8909039388;0;0;0;0;0;0;0;0;0
13174;2;2;0;Citibank Colombia S.A.;8600511354;0;0;0;0;0;0;0;0;1946781.49
13174;2;2;0;Banco Colpatria Multibanca Colpatria S.A.;8600345941;0;0;0;0;0;0;0;0;2481372
13174;2;2;0;Banco Colpatria Multibanca Colpatria S.A.;8600345941;0;0;0;0;0;0;0;0;185957.41
25392;1;2;10;Ministerio De Hacienda Y Credito Publico;8999990902;2;1;1;1;2;9;258;0;2490589403.82
25392;1;2;10;Ministerio De Hacienda Y Credito Publico;8999990902;2;1;1;1;2;9;12;0;3990960000
25392;1;2;10;Ministerio De Hacienda Y Credito Publico;8999990902;2;1;1;1;2;9;958;0;1239273507.43
25392;1;2;10;Ministerio De Hacienda Y Credito Publico;8999990902;2;1;1;1;2;9;1105;0;1070180000
25392;1;2;16;Bbva Colombia S.A.;8600030201;2;1;1;1;2;1;236;0;502845000
25392;1;2;3;Banco Davivienda S.A.;8600343137;2;1;1;1;2;1;256;0;1004780000
25392;1;2;3;Banco Popular S.A.;8600077389;2;1;1;1;2;1;261;0;501830000
25392;1;2;3;Leasing Bancolombia S.A. C.F.;8600592943;2;1;1;1;2;1;325;0;575655500
25392;1;1;16;Corporacion Financiera Colombiana S.A.;8903006536;2;1;1;1;2;1;106;0;502890000
25392;1;2;16;Banco Gnb Sudameris S.A.;8600507501;2;1;1;1;2;1;107;0;1003890000
25392;1;2;16;Banco Gnb Sudameris S.A.;8600507501;2;1;1;1;2;1;20;0;1002850000
25392;1;2;16;Banco Colpatria Multibanca Colpatria S.A.;8600345941;2;1;1;1;2;1;30;0;3002160000
25392;1;2;16;Banco Gnb Sudameris S.A.;8600507501;2;1;1;1;2;1;52;0;1003190000
25392;1;2;16;Banco Davivienda S.A.;8600343137;2;1;1;1;2;1;9;0;1005430000
25392;1;2;16;Helm Bank;8600076603;2;1;1;1;2;1;128;0;1008470000
25392;1;2;16;Banco De Bogota S.A.;8600029644;2;1;1;1;2;1;134;0;503645000
25392;1;2;16;Financiera De Desarrollo Territorial S.A. Findeter;8000963291;2;1;1;1;2;1;146;0;1005130000
25392;1;1;16;Corporacion Financiera Colombiana S.A.;8903006536;2;1;1;1;2;1;63;0;1009600000
25392;1;2;16;Helm Bank;8600076603;2;1;1;1;2;1;34;0;2015320000
25392;1;1;16;Corporacion Financiera Colombiana S.A.;8903006536;2;1;1;1;2;1;75;0;503505000
25392;1;2;16;Financiera De Desarrollo Territorial S.A. Findeter;8000963291;2;1;1;1;2;1;198;0;1008860000
25392;1;2;16;Banco Popular S.A.;8600077389;2;1;1;1;2;1;80;0;1004460000
25392;1;2;16;Financiera De Desarrollo Territorial S.A. Findeter;8000963291;2;1;1;1;2;1;192;0;1008310000
25392;1;2;16;Banco Corpbanca Colombia S.A;8909039370;2;1;1;1;2;1;230;0;2014900000
25392;1;2;16;Banco Santander De Negocios Colombia S.A.;9006281103;2;1;1;1;2;1;415;0;3024060000
25392;1;2;16;Banco Davivienda S.A.;8600343137;2;1;1;1;2;1;251;0;2020140000
25392;1;2;16;Banco De Bogota S.A.;8600029644;2;1;1;1;2;1;251;0;505035000
25392;1;2;16;Bbva Colombia S.A.;8600030201;2;1;1;1;2;1;267;0;2003700000
25392;1;2;16;Banco Davivienda S.A.;8600343137;2;1;1;1;2;1;204;0;2010300000
25392;1;2;16;Banco Corpbanca Colombia S.A;8909039370;2;1;1;1;2;1;265;0;2013360000
25392;1;2;16;Banco Davivienda S.A.;8600343137;2;1;1;1;2;1;206;0;1005250000
25392;1;2;16;Banco Av Villas S.A.;8600358275;2;1;1;1;2;1;451;0;5026900000
25392;1;2;16;Banco De Bogota S.A.;8600029644;2;1;1;1;2;1;313;0;2016640000
25392;1;2;16;Banco De Bogota S.A.;8600029644;2;1;1;1;2;1;504;0;1508085000
25392;1;2;16;Banco De Bogota S.A.;8600029644;2;1;1;1;2;1;327;0;1004440000
25392;1;2;16;Banco De Bogota S.A.;8600029644;2;1;1;1;2;1;512;0;1002640000
25392;1;2;16;Banco De Bogota S.A.;8600029644;2;1;1;1;2;1;337;0;1008540000
25392;1;2;16;Banco Corpbanca Colombia S.A;8909039370;2;1;1;1;2;1;338;0;5039050000
25392;1;2;16;Banco Corpbanca Colombia S.A;8909039370;2;1;1;1;2;1;341;0;2014120000
25392;1;2;16;Banco De Bogota S.A.;8600029644;2;1;1;1;2;1;4;0;10062600000
25392;1;2;16;Banco Popular S.A.;8600077389;2;1;1;1;2;1;16;0;5017750000
25392;1;2;10;Titularizadora Colombiana S.A. Hitos;8300895306;2;1;1;1;2;9;2076;0;128091159.08
25392;1;2;16;Financiera De Desarrollo Territorial S.A. Findeter;8000963291;2;1;1;1;2;1;532;0;510655000
25392;1;2;16;Bancolombia S.A.;8909039388;2;1;1;1;2;1;241;0;516055000
25392;1;2;16;Banco De Bogota S.A.;8600029644;2;1;1;1;2;1;2;0;1019260000
25392;1;1;16;Corporacion Financiera Colombiana S.A.;8903006536;2;1;1;1;2;1;82;0;1990940000
25392;1;2;16;Banco Finandina S.A.;8600518946;2;1;1;1;2;1;88;0;995470000
25392;1;2;16;Banco De Bogota S.A.;8600029644;2;1;1;1;2;1;152;0;1016040000
25392;1;2;16;Financiera De Desarrollo Territorial S.A. Findeter;8000963291;2;1;1;1;2;1;15;0;1015770000
25392;1;2;16;Banco Davivienda S.A.;8600343137;2;1;1;1;2;1;22;0;2042200000
25392;1;2;16;Bancolombia S.A.;8909039388;2;1;1;1;2;1;23;0;509430000
25392;1;2;16;Helm Bank;8600076603;2;1;1;1;2;1;17;0;1015320000
25392;1;2;16;Banco De Bogota S.A.;8600029644;2;1;1;1;2;1;7;0;509095000
25392;1;2;16;Financiera De Desarrollo Territorial S.A. Findeter;8000963291;2;1;1;1;2;1;93;0;2037840000
25392;1;2;16;Banco De Bogota S.A.;8600029644;2;1;1;1;2;1;170;0;500975000
25392;1;2;16;Banco De Bogota S.A.;8600029644;2;1;1;1;2;1;158;0;2010660000
25392;1;2;16;Banco Popular S.A.;8600077389;2;1;1;1;2;1;141;0;2018140000
25392;1;2;16;Financiera De Desarrollo Territorial S.A. Findeter;8000963291;2;1;1;1;2;1;93;0;1018920000
25392;1;2;16;Bbva Colombia S.A.;8600030201;2;1;1;1;2;1;134;0;2024660000
25392;1;2;16;Banco Popular S.A.;8600077389;2;1;1;1;2;1;140;0;1009300000
25392;1;2;16;Banco Popular S.A.;8600077389;2;1;1;1;2;1;141;0;1009070000
25392;1;2;16;Banco De Bogota S.A.;8600029644;2;1;1;1;2;1;158;0;1005330000
25392;1;2;16;Banco Popular S.A.;8600077389;2;1;1;1;2;1;141;0;1009070000
25392;1;2;16;Banco Davivienda S.A.;8600343137;2;1;1;1;2;1;160;0;2029200000
25392;1;2;16;Bbva Colombia S.A.;8600030201;2;1;1;1;2;1;69;0;1007610000
25392;1;2;16;Banco De Comercio Ext. De Colombia S.A. Bancoldex;8001499236;2;1;1;1;2;1;45;0;1009630000
25392;1;2;16;Banco Davivienda S.A.;8600343137;2;1;1;1;2;1;87;0;502965000
25392;1;2;16;Banco Davivienda S.A.;8600343137;2;1;1;1;2;1;93;0;1034050000
25392;1;2;16;Banco Davivienda S.A.;8600343137;2;1;1;1;2;1;169;0;2024720000
25392;1;2;16;Banco De Bogota S.A.;8600029644;2;1;1;1;2;1;157;0;2032540000
25392;1;2;16;Financiera De Desarrollo Territorial S.A. Findeter;8000963291;2;1;1;1;2;1;54;0;1017860000
25392;1;1;16;Corporacion Financiera Colombiana S.A.;8903006536;2;1;1;1;2;1;212;0;1518705000
25392;1;2;16;Banco Av Villas S.A.;8600358275;2;1;1;1;2;1;230;0;2036760000
25392;1;2;16;Banco Davivienda S.A.;8600343137;2;1;1;1;2;1;21;0;4085280000
25392;1;2;16;Banco Av Villas S.A.;8600358275;2;1;1;1;2;1;233;0;1017950000
25392;1;2;16;Banco Av Villas S.A.;8600358275;2;1;1;1;2;1;229;0;1019010000
25392;1;2;16;Banco Corpbanca Colombia S.A;8909039370;2;1;1;1;2;1;443;0;2010040000
25392;1;2;16;Banco Av Villas S.A.;8600358275;2;1;1;1;2;1;443;0;2012260000
25392;1;2;16;Helm Bank;8600076603;2;1;1;1;2;1;275;0;5107500000
25392;1;2;16;Banco Davivienda S.A.;8600343137;2;1;1;1;2;1;288;0;2036820000
25392;1;2;16;Banco De Bogota S.A.;8600029644;2;1;1;1;2;1;51;0;3006000000
25392;1;2;3;Banco De Occidente S.A.;8903002794;2;1;1;1;2;1;318;0;988000000
25392;1;2;16;Banco De Occidente S.A.;8903002794;2;1;1;1;2;1;379;0;2040640000
25392;1;2;16;Banco Santander De Negocios Colombia S.A.;9006281103;2;1;1;1;2;1;292;0;3053730000
25392;1;2;16;Banco Colpatria Multibanca Colpatria S.A.;8600345941;2;1;1;1;2;1;484;0;1017230000
25392;1;2;16;Banco Colpatria Multibanca Colpatria S.A.;8600345941;2;1;1;1;2;1;492;0;2030580000
25392;1;2;16;Banco De Bogota S.A.;8600029644;2;1;1;1;2;1;313;0;2023940000
25392;1;2;16;Banco Av Villas S.A.;8600358275;2;1;1;1;2;1;28;0;2039920000
25392;1;2;10;Ministerio De Hacienda Y Credito Publico;8999990902;2;1;1;1;2;9;811;0;2003700000
25392;1;2;10;Ministerio De Hacienda Y Credito Publico;8999990902;2;1;1;1;2;9;1105;0;10701800000
25392;1;2;10;Ministerio De Hacienda Y Credito Publico;8999990902;2;1;1;1;2;9;811;0;10018500000
25392;1;2;10;Ministerio De Hacienda Y Credito Publico;8999990902;2;1;1;1;2;9;811;0;10018500000
25392;1;2;10;Ministerio De Hacienda Y Credito Publico;8999990902;2;1;1;1;2;9;811;0;10018500000
25392;1;2;10;Ministerio De Hacienda Y Credito Publico;8999990902;2;1;1;1;2;9;811;0;10018500000
25392;1;2;10;Ministerio De Hacienda Y Credito Publico;8999990902;2;1;1;1;2;9;811;0;2003700000
25392;1;2;10;Ministerio De Hacienda Y Credito Publico;8999990902;2;1;1;1;2;9;811;0;5009250000
25392;1;2;10;Ministerio De Hacienda Y Credito Publico;8999990902;2;1;1;1;2;9;811;0;5009250000
25392;2;2;0;Banco Corpbanca Colombia S.A;8909039370;0;0;0;0;0;0;0;0;845385.43
25392;2;2;0;Banco Corpbanca Colombia S.A;8909039370;0;0;0;0;0;0;0;0;4906339.4
25392;2;2;0;Banco Corpbanca Colombia S.A;8909039370;0;0;0;0;0;0;0;0;1517312330.13
25392;2;2;0;Banco Gnb Sudameris S.A.;8600507501;0;0;0;0;0;0;0;0;0
25392;2;2;0;Banco Gnb Sudameris S.A.;8600507501;0;0;0;0;0;0;0;0;0
25392;2;2;0;Banco Gnb Sudameris S.A.;8600507501;0;0;0;0;0;0;0;0;8110216416.96
25392;2;2;0;Confiar Cooperativa Financiera;8909813951;0;0;0;0;0;0;0;0;986676.89
25392;2;2;0;Confiar Cooperativa Financiera;8909813951;0;0;0;0;0;0;0;0;402547.22
25392;2;2;0;Confiar Cooperativa Financiera;8909813951;0;0;0;0;0;0;0;0;3523621
25392;2;2;0;Confiar Cooperativa Financiera;8909813951;0;0;0;0;0;0;0;0;6491752756.97
25392;2;2;0;Banco Colpatria Multibanca Colpatria S.A.;8600345941;0;0;0;0;0;0;0;0;305883.25
25392;2;2;0;Banco Colpatria Multibanca Colpatria S.A.;8600345941;0;0;0;0;0;0;0;0;5466943
25392;2;2;0;Banco Colpatria Multibanca Colpatria S.A.;8600345941;0;0;0;0;0;0;0;0;1360474027.88
25392;2;2;0;Banco De Occidente S.A.;8903002794;0;0;0;0;0;0;0;0;996962520.28
25392;2;2;0;Banco De Occidente S.A.;8903002794;0;0;0;0;0;0;0;0;0
25392;2;2;0;Banco De Occidente S.A.;8903002794;0;0;0;0;0;0;0;0;0
25392;2;2;0;Banco De Occidente S.A.;8903002794;0;0;0;0;0;0;0;0;50000000
25392;2;2;0;Banco De Occidente S.A.;8903002794;0;0;0;0;0;0;0;0;50000000
25392;2;2;0;Banco De Occidente S.A.;8903002794;0;0;0;0;0;0;0;0;0
25392;2;2;0;Banco De Occidente S.A.;8903002794;0;0;0;0;0;0;0;0;765269492.04
25392;2;2;0;Banco De Occidente S.A.;8903002794;0;0;0;0;0;0;0;0;50000000
25392;2;2;0;Bbva Colombia S.A.;8600030201;0;0;0;0;0;0;0;0;2014153.65
25392;2;2;0;Bbva Colombia S.A.;8600030201;0;0;0;0;0;0;0;0;56750678.46
25392;2;2;0;Bbva Colombia S.A.;8600030201;0;0;0;0;0;0;0;0;980527992.09
25392;2;2;0;Bancolombia S.A.;8909039388;0;0;0;0;0;0;0;0;20354674789.24
25392;2;2;0;Bancolombia S.A.;8909039388;0;0;0;0;0;0;0;0;0
25392;2;2;0;Bancolombia S.A.;8909039388;0;0;0;0;0;0;0;0;0
25392;2;2;0;Bancolombia S.A.;8909039388;0;0;0;0;0;0;0;0;0
25392;2;2;0;Banco De Occidente S.A.;8903002794;0;0;0;0;0;0;0;0;0
25392;2;2;0;Banco Davivienda S.A.;8600343137;0;0;0;0;0;0;0;0;5790582481.96
25392;2;2;0;Banco Davivienda S.A.;8600343137;0;0;0;0;0;0;0;0;8079.74
25392;2;2;0;Banco Davivienda S.A.;8600343137;0;0;0;0;0;0;0;0;4852000
25392;2;2;0;Banco Davivienda S.A.;8600343137;0;0;0;0;0;0;0;0;186109.16
25392;2;2;0;Bancolombia S.A.;8909039388;0;0;0;0;0;0;0;0;0
25392;2;2;0;Banco De Bogota S.A.;8600029644;0;0;0;0;0;0;0;0;26304620282.08
25392;2;2;0;Banco De Bogota S.A.;8600029644;0;0;0;0;0;0;0;0;335244429.91
25392;2;2;0;Banco De Bogota S.A.;8600029644;0;0;0;0;0;0;0;0;5838696.13
25392;2;2;0;Banco Av Villas S.A.;8600358275;0;0;0;0;0;0;0;0;39903692412.98
25392;2;2;0;Banco Av Villas S.A.;8600358275;0;0;0;0;0;0;0;0;8530575.28
25392;2;2;0;Banco Av Villas S.A.;8600358275;0;0;0;0;0;0;0;0;248463.46
25392;2;2;0;Helm Bank;8600076603;0;0;0;0;0;0;0;0;89999.65
25392;2;2;0;Helm Bank;8600076603;0;0;0;0;0;0;0;0;7161885
25392;2;2;0;Helm Bank;8600076603;0;0;0;0;0;0;0;0;1156163979.09
25392;2;2;0;Banco Av Villas S.A.;8600358275;0;0;0;0;0;0;0;0;39813273.93
25392;2;2;0;Banco De Bogota S.A.;8600029644;0;0;0;0;0;0;0;0;0
25392;2;2;0;Banco Caja Social;8600073354;0;0;0;0;0;0;0;0;3205000
25392;2;2;0;Banco Caja Social;8600073354;0;0;0;0;0;0;0;0;236370.4
25392;2;2;0;Banco Caja Social;8600073354;0;0;0;0;0;0;0;0;485135861.96
25392;2;2;0;Banco De Occidente S.A.;8903002794;0;0;0;0;0;0;0;0;0
25392;2;2;0;Citibank Colombia S.A.;8600511354;0;0;0;0;0;0;0;0;522152465.66
25392;2;2;0;Banco Av Villas S.A.;8600358275;0;0;0;0;0;0;0;0;59044.95
25392;2;2;0;Citibank Colombia S.A.;8600511354;0;0;0;0;0;0;0;0;3482.67
25392;2;2;0;Citibank Colombia S.A.;8600511354;0;0;0;0;0;0;0;0;8006138.34
25392;2;2;0;Banco Agrario De Colombia S.A;8000378008;0;0;0;0;0;0;0;0;1941663
25392;2;2;0;Banco Agrario De Colombia S.A;8000378008;0;0;0;0;0;0;0;0;5053539.51
25392;2;2;0;Banco Agrario De Colombia S.A;8000378008;0;0;0;0;0;0;0;0;912954076.29
25392;2;2;0;Banco Santander De Negocios Colombia S.A.;9006281103;0;0;0;0;0;0;0;0;0
25392;2;2;0;Banco Santander De Negocios Colombia S.A.;9006281103;0;0;0;0;0;0;0;0;0
25392;2;2;0;Banco Santander De Negocios Colombia S.A.;9006281103;0;0;0;0;0;0;0;0;0
25392;2;2;0;Banco Colpatria Multibanca Colpatria S.A.;8600345941;0;0;0;0;0;0;0;0;0
25392;2;2;0;Banco Colpatria Multibanca Colpatria S.A.;8600345941;0;0;0;0;0;0;0;0;0
25392;2;2;0;Banco Colpatria Multibanca Colpatria S.A.;8600345941;0;0;0;0;0;0;0;0;0
25392;2;2;0;Banco Colpatria Multibanca Colpatria S.A.;8600345941;0;0;0;0;0;0;0;0;0
25392;2;2;0;Banco Colpatria Multibanca Colpatria S.A.;8600345941;0;0;0;0;0;0;0;0;0
25392;2;2;0;Banco Colpatria Multibanca Colpatria S.A.;8600345941;0;0;0;0;0;0;0;0;0
25392;2;2;0;Banco Colpatria Multibanca Colpatria S.A.;8600345941;0;0;0;0;0;0;0;0;0
25392;2;2;0;Banco De Occidente S.A.;8903002794;0;0;0;0;0;0;0;0;0
25392;2;2;0;Banco De Occidente S.A.;8903002794;0;0;0;0;0;0;0;0;0
25392;2;2;0;Banco De Occidente S.A.;8903002794;0;0;0;0;0;0;0;0;0
25392;2;2;0;Banco De Occidente S.A.;8903002794;0;0;0;0;0;0;0;0;0
25392;2;2;0;Banco De Occidente S.A.;8903002794;0;0;0;0;0;0;0;0;0
25392;2;2;0;Banco De Occidente S.A.;8903002794;0;0;0;0;0;0;0;0;0
25392;2;2;0;Banco De Bogota S.A.;8600029644;0;0;0;0;0;0;0;0;0
25392;2;2;0;Banco De Bogota S.A.;8600029644;0;0;0;0;0;0;0;0;0
25392;2;2;0;Banco De Bogota S.A.;8600029644;0;0;0;0;0;0;0;0;0
25392;2;2;0;Banco De Bogota S.A.;8600029644;0;0;0;0;0;0;0;0;0
25392;2;2;0;Banco De Bogota S.A.;8600029644;0;0;0;0;0;0;0;0;0
25392;2;2;0;Banco De Bogota S.A.;8600029644;0;0;0;0;0;0;0;0;0
25392;2;2;0;Bbva Colombia S.A.;8600030201;0;0;0;0;0;0;0;0;0
25392;2;2;0;Citibank Colombia S.A.;8600511354;0;0;0;0;0;0;0;0;0
25392;2;2;0;Banco Av Villas S.A.;8600358275;0;0;0;0;0;0;0;0;0
25392;2;2;0;Banco Av Villas S.A.;8600358275;0;0;0;0;0;0;0;0;0
25392;2;2;0;Banco Av Villas S.A.;8600358275;0;0;0;0;0;0;0;0;0
25392;2;2;0;Banco Av Villas S.A.;8600358275;0;0;0;0;0;0;0;0;0
25392;2;2;0;Citibank Colombia S.A.;8600511354;0;0;0;0;0;0;0;0;0
25392;2;2;0;Citibank Colombia S.A.;8600511354;0;0;0;0;0;0;0;0;0
25392;2;2;0;Bbva Colombia S.A.;8600030201;0;0;0;0;0;0;0;0;0
25392;2;2;0;Bbva Colombia S.A.;8600030201;0;0;0;0;0;0;0;0;0
25392;2;2;0;Bbva Colombia S.A.;8600030201;0;0;0;0;0;0;0;0;0
25392;2;2;0;Bbva Colombia S.A.;8600030201;0;0;0;0;0;0;0;0;0
25392;2;2;0;Bbva Colombia S.A.;8600030201;0;0;0;0;0;0;0;0;0
25392;2;2;0;Bancolombia S.A.;8909039388;0;0;0;0;0;0;0;0;0
25392;2;2;0;Bancolombia S.A.;8909039388;0;0;0;0;0;0;0;0;0
25392;2;2;0;Bancolombia S.A.;8909039388;0;0;0;0;0;0;0;0;0
25392;2;2;0;Bancolombia S.A.;8909039388;0;0;0;0;0;0;0;0;0
25392;2;2;0;Bancolombia S.A.;8909039388;0;0;0;0;0;0;0;0;0
25392;2;2;0;Bancolombia S.A.;8909039388;0;0;0;0;0;0;0;0;0
25392;2;1;0;Corporacion Financiera Colombiana S.A.;8903006536;0;0;0;0;0;0;0;0;11900533
25392;2;1;0;Corporacion Financiera Colombiana S.A.;8903006536;0;0;0;0;0;0;0;0;25860845573.86
30383;1;2;10;Ministerio De Hacienda Y Credito Publico;8999990902;2;1;1;1;2;9;958;0;2478547014.86
30383;1;2;10;Ministerio De Hacienda Y Credito Publico;8999990902;2;1;1;1;2;9;1650;0;3707659756.61
30383;1;2;10;Ministerio De Hacienda Y Credito Publico;8999990902;2;1;1;1;2;9;958;0;1239273507.43
30383;1;2;10;Ministerio De Hacienda Y Credito Publico;8999990902;2;1;1;1;2;9;958;0;1239273507.43
30383;1;2;10;Ministerio De Hacienda Y Credito Publico;8999990902;2;1;1;1;2;9;103;0;6366750000
30383;1;2;10;Ministerio De Hacienda Y Credito Publico;8999990902;2;1;1;1;2;9;258;0;3735884105.73
30383;1;2;10;Ministerio De Hacienda Y Credito Publico;8999990902;2;1;1;1;2;9;12;0;9977400000
30383;1;2;10;Ministerio De Hacienda Y Credito Publico;8999990902;2;1;1;1;2;9;12;0;9977400000
30383;1;2;10;Ministerio De Hacienda Y Credito Publico;8999990902;2;1;1;1;2;9;811;0;1502775000
30383;1;2;10;Ministerio De Hacienda Y Credito Publico;8999990902;2;1;1;1;2;9;1105;0;11771980000
30383;1;2;10;Ministerio De Hacienda Y Credito Publico;8999990902;2;1;1;1;2;9;1105;0;3210540000
30383;1;2;10;Ministerio De Hacienda Y Credito Publico;8999990902;2;1;1;1;2;9;811;0;5009250000
30383;1;2;10;Ministerio De Hacienda Y Credito Publico;8999990902;2;1;1;1;2;9;811;0;5009250000
30383;1;2;16;Banco De Bogota S.A.;8600029644;2;1;1;1;2;1;158;0;1014550000
30383;1;2;16;Banco De Bogota S.A.;8600029644;2;1;1;1;2;1;4;0;1023340000
30383;1;2;16;Banco Davivienda S.A.;8600343137;2;1;1;1;2;1;22;0;3063300000
30383;1;2;16;Bancolombia S.A.;8909039388;2;1;1;1;2;1;23;0;5094300000
30383;1;2;16;Banco Corpbanca Colombia S.A;8909039370;2;1;1;1;2;1;15;0;505885000
30383;1;2;16;Banco Corpbanca Colombia S.A;8909039370;2;1;1;1;2;1;15;0;505885000
30383;1;2;16;Banco Corpbanca Colombia S.A;8909039370;2;1;1;1;2;1;8;0;1527135000
30383;1;2;16;Banco Corpbanca Colombia S.A;8909039370;2;1;1;1;2;1;4;0;10632090000
30383;1;2;16;Banco Corpbanca Colombia S.A;8909039370;2;1;1;1;2;1;11;0;5142450000
30383;1;2;16;Bancolombia S.A.;8909039388;2;1;1;1;2;1;29;0;12243600000
30383;1;2;16;Banco De Bogota S.A.;8600029644;2;1;1;1;2;1;4;0;506290000
30383;1;2;16;Banco De Occidente S.A.;8903002794;2;1;1;1;2;1;13;0;508360000
30383;1;2;16;Banco Corpbanca Colombia S.A;8909039370;2;1;1;1;2;1;357;0;2006240000
30383;1;2;16;Banco De Bogota S.A.;8600029644;2;1;1;1;2;1;3;0;5032450000
30383;1;2;16;Banco De Bogota S.A.;8600029644;2;1;1;1;2;1;134;0;503645000
30383;1;2;16;Financiera De Desarrollo Territorial S.A. Findeter;8000963291;2;1;1;1;2;1;139;0;1006220000
30383;1;2;16;Banco De Occidente S.A.;8903002794;2;1;1;1;2;1;53;0;3006870000
30383;1;2;16;Banco Corpbanca Colombia S.A;8909039370;2;1;1;1;2;1;1;0;1510755000
30383;1;2;16;Banco De Bogota S.A.;8600029644;2;1;1;1;2;1;4;0;2012520000
30383;1;2;16;Banco De Occidente S.A.;8903002794;2;1;1;1;2;1;2;0;1510860000
30383;2;2;0;Banco De Occidente S.A.;8903002794;0;0;0;0;0;0;0;0;0
30383;2;2;0;Banco De Occidente S.A.;8903002794;0;0;0;0;0;0;0;0;826297599.57
30383;2;2;0;Banco De Occidente S.A.;8903002794;0;0;0;0;0;0;0;0;0
30383;2;2;0;Banco De Occidente S.A.;8903002794;0;0;0;0;0;0;0;0;0
30383;2;2;0;Banco De Occidente S.A.;8903002794;0;0;0;0;0;0;0;0;1000188938.68
30383;2;2;0;Banco De Occidente S.A.;8903002794;0;0;0;0;0;0;0;0;5000
30383;2;2;0;Banco Colpatria Multibanca Colpatria S.A.;8600345941;0;0;0;0;0;0;0;0;3197419
30383;2;2;0;Banco Colpatria Multibanca Colpatria S.A.;8600345941;0;0;0;0;0;0;0;0;218244.53
30383;2;2;0;Banco Colpatria Multibanca Colpatria S.A.;8600345941;0;0;0;0;0;0;0;0;467188190.11
30383;2;2;0;Banco Caja Social;8600073354;0;0;0;0;0;0;0;0;199000
30383;2;2;0;Banco Caja Social;8600073354;0;0;0;0;0;0;0;0;4650000
30383;2;2;0;Banco Caja Social;8600073354;0;0;0;0;0;0;0;0;318217151.89
30383;2;2;0;Bbva Colombia S.A.;8600030201;0;0;0;0;0;0;0;0;4187828387
30383;2;2;0;Bbva Colombia S.A.;8600030201;0;0;0;0;0;0;0;0;3261381
30383;2;2;0;Bbva Colombia S.A.;8600030201;0;0;0;0;0;0;0;0;1001227985
30383;2;2;0;Bancolombia S.A.;8909039388;0;0;0;0;0;0;0;0;0
30383;2;2;0;Bancolombia S.A.;8909039388;0;0;0;0;0;0;0;0;0
30383;2;2;0;Bancolombia S.A.;8909039388;0;0;0;0;0;0;0;0;0.82
30383;2;2;0;Bancolombia S.A.;8909039388;0;0;0;0;0;0;0;0;4002751049.64
30383;2;2;0;Banco Corpbanca Colombia S.A;8909039370;0;0;0;0;0;0;0;0;2256058.69
30383;2;2;0;Banco Corpbanca Colombia S.A;8909039370;0;0;0;0;0;0;0;0;194846.67
30383;2;2;0;Banco Corpbanca Colombia S.A;8909039370;0;0;0;0;0;0;0;0;1382159416.37
30383;2;2;0;Banco Davivienda S.A.;8600343137;0;0;0;0;0;0;0;0;1464035079.2
30383;2;2;0;Banco Davivienda S.A.;8600343137;0;0;0;0;0;0;0;0;192292.09
30383;2;2;0;Banco Davivienda S.A.;8600343137;0;0;0;0;0;0;0;0;3824000
30383;2;2;0;Banco Davivienda S.A.;8600343137;0;0;0;0;0;0;0;0;99234.23
30383;2;2;0;Banco Gnb Sudameris S.A.;8600507501;0;0;0;0;0;0;0;0;0
30383;2;2;0;Banco Gnb Sudameris S.A.;8600507501;0;0;0;0;0;0;0;0;0
30383;2;2;0;Citibank Colombia S.A.;8600511354;0;0;0;0;0;0;0;0;328860294.42
30383;2;2;0;Helm Bank;8600076603;0;0;0;0;0;0;0;0;11688.2
30383;2;2;0;Helm Bank;8600076603;0;0;0;0;0;0;0;0;2425476.59
30383;2;2;0;Helm Bank;8600076603;0;0;0;0;0;0;0;0;3003436671.92
30383;2;2;0;Banco Av Villas S.A.;8600358275;0;0;0;0;0;0;0;0;823026
30383;2;2;0;Banco Av Villas S.A.;8600358275;0;0;0;0;0;0;0;0;16935195391.11
30383;2;2;0;Banco Av Villas S.A.;8600358275;0;0;0;0;0;0;0;0;250000
30383;2;2;0;Banco Av Villas S.A.;8600358275;0;0;0;0;0;0;0;0;0
30383;2;2;0;Citibank Colombia S.A.;8600511354;0;0;0;0;0;0;0;0;3020979.2
30383;2;2;0;Citibank Colombia S.A.;8600511354;0;0;0;0;0;0;0;0;724666.8
30383;2;2;0;Banco De Bogota S.A.;8600029644;0;0;0;0;0;0;0;0;4283589.17
30383;2;2;0;Banco De Bogota S.A.;8600029644;0;0;0;0;0;0;0;0;330001.05
30383;2;2;0;Banco De Bogota S.A.;8600029644;0;0;0;0;0;0;0;0;25222721328.58
30383;2;2;0;Banco Gnb Sudameris S.A.;8600507501;0;0;0;0;0;0;0;0;5513956203.57
30383;2;2;0;Banco De Bogota S.A.;8600029644;0;0;0;0;0;0;0;0;0
30383;2;2;0;Banco Santander De Negocios Colombia S.A.;9006281103;0;0;0;0;0;0;0;0;0
30383;2;2;0;Banco Santander De Negocios Colombia S.A.;9006281103;0;0;0;0;0;0;0;0;0
30383;2;2;0;Banco Santander De Negocios Colombia S.A.;9006281103;0;0;0;0;0;0;0;0;0
30383;2;2;0;Citibank Colombia S.A.;8600511354;0;0;0;0;0;0;0;0;0
30383;2;2;0;Citibank Colombia S.A.;8600511354;0;0;0;0;0;0;0;0;0
30383;2;2;0;Citibank Colombia S.A.;8600511354;0;0;0;0;0;0;0;0;0
30385;1;2;3;Banco Davivienda S.A.;8600343137;2;1;1;1;2;1;256;0;502390000
30385;1;1;16;Corporacion Financiera Colombiana S.A.;8903006536;2;1;1;1;2;1;109;0;1004990000
30385;1;2;16;Banco Gnb Sudameris S.A.;8600507501;2;1;1;1;2;1;20;0;501425000
30385;1;2;16;Helm Bank;8600076603;2;1;1;1;2;1;34;0;1007660000
30385;1;1;16;Corporacion Financiera Colombiana S.A.;8903006536;2;1;1;1;2;1;91;0;1003550000
30385;1;2;16;Banco Colpatria Multibanca Colpatria S.A.;8600345941;2;1;1;1;2;1;226;0;504200000
30385;1;2;16;Banco Av Villas S.A.;8600358275;2;1;1;1;2;1;451;0;1005380000
30385;1;2;16;Banco Davivienda S.A.;8600343137;2;1;1;1;2;1;501;0;1510245000
30385;1;2;10;Ministerio De Hacienda Y Credito Publico;8999990902;2;1;1;1;2;9;103;0;979500000
30385;1;2;16;Bancolombia S.A.;8909039388;2;1;1;1;2;1;23;0;509430000
30385;1;2;16;Banco De Bogota S.A.;8600029644;2;1;1;1;2;1;158;0;1005330000
30385;1;1;16;Corporacion Financiera Colombiana S.A.;8903006536;2;1;1;1;2;1;212;0;506235000
30385;1;2;16;Banco Davivienda S.A.;8600343137;2;1;1;1;2;1;203;0;1029040000
30385;1;2;16;Banco Davivienda S.A.;8600343137;2;1;1;1;2;1;288;0;1018410000
30385;1;2;16;Banco De Bogota S.A.;8600029644;2;1;1;1;2;1;51;0;2004000000
30385;2;2;0;Banco De Occidente S.A.;8903002794;0;0;0;0;0;0;0;0;0
30385;2;2;0;Banco De Occidente S.A.;8903002794;0;0;0;0;0;0;0;0;146366266.24
30385;2;2;0;Banco De Occidente S.A.;8903002794;0;0;0;0;0;0;0;0;0
30385;2;2;0;Banco De Occidente S.A.;8903002794;0;0;0;0;0;0;0;0;0
30385;2;2;0;Banco De Occidente S.A.;8903002794;0;0;0;0;0;0;0;0;10214078.6
30385;2;2;0;Banco De Occidente S.A.;8903002794;0;0;0;0;0;0;0;0;5000
30385;2;2;0;Banco Santander De Negocios Colombia S.A.;9006281103;0;0;0;0;0;0;0;0;107255685.58
30385;2;2;0;Banco Santander De Negocios Colombia S.A.;9006281103;0;0;0;0;0;0;0;0;20000
30385;2;2;0;Banco Santander De Negocios Colombia S.A.;9006281103;0;0;0;0;0;0;0;0;1600000
30385;2;2;0;Banco Colpatria Multibanca Colpatria S.A.;8600345941;0;0;0;0;0;0;0;0;9087.39
30385;2;2;0;Banco Colpatria Multibanca Colpatria S.A.;8600345941;0;0;0;0;0;0;0;0;212491.02
30385;2;2;0;Banco Colpatria Multibanca Colpatria S.A.;8600345941;0;0;0;0;0;0;0;0;199739047.03
30385;2;1;0;Corporacion Financiera Colombiana S.A.;8903006536;0;0;0;0;0;0;0;0;9240125
30385;2;2;0;Helm Bank;8600076603;0;0;0;0;0;0;0;0;2214.28
30385;2;2;0;Helm Bank;8600076603;0;0;0;0;0;0;0;0;2602953
30385;2;2;0;Helm Bank;8600076603;0;0;0;0;0;0;0;0;154582129.53
30385;2;2;0;Banco Caja Social;8600073354;0;0;0;0;0;0;0;0;220000
30385;2;2;0;Banco Caja Social;8600073354;0;0;0;0;0;0;0;0;160000
30385;2;2;0;Banco Caja Social;8600073354;0;0;0;0;0;0;0;0;21195962.47
30385;2;1;0;Corporacion Financiera Colombiana S.A.;8903006536;0;0;0;0;0;0;0;0;156717668
30385;2;2;0;Bbva Colombia S.A.;8600030201;0;0;0;0;0;0;0;0;124617731
30385;2;2;0;Bbva Colombia S.A.;8600030201;0;0;0;0;0;0;0;0;2090505
30385;2;2;0;Bancolombia S.A.;8909039388;0;0;0;0;0;0;0;0;0
30385;2;2;0;Bancolombia S.A.;8909039388;0;0;0;0;0;0;0;0;0
30385;2;2;0;Bancolombia S.A.;8909039388;0;0;0;0;0;0;0;0;0
30385;2;2;0;Bancolombia S.A.;8909039388;0;0;0;0;0;0;0;0;1468079983
30385;2;2;0;Banco Corpbanca Colombia S.A;8909039370;0;0;0;0;0;0;0;0;1602711.99
30385;2;2;0;Banco Corpbanca Colombia S.A;8909039370;0;0;0;0;0;0;0;0;194846.47
30385;2;2;0;Banco Corpbanca Colombia S.A;8909039370;0;0;0;0;0;0;0;0;295704534.43
30385;2;2;0;Banco Davivienda S.A.;8600343137;0;0;0;0;0;0;0;0;182793646.49
30385;2;2;0;Banco Davivienda S.A.;8600343137;0;0;0;0;0;0;0;0;149000
30385;2;2;0;Banco Davivienda S.A.;8600343137;0;0;0;0;0;0;0;0;112000
30385;2;2;0;Banco Davivienda S.A.;8600343137;0;0;0;0;0;0;0;0;1864000
30385;2;2;0;Banco Gnb Sudameris S.A.;8600507501;0;0;0;0;0;0;0;0;0
30385;2;2;0;Banco Gnb Sudameris S.A.;8600507501;0;0;0;0;0;0;0;0;0
30385;2;2;0;Banco Av Villas S.A.;8600358275;0;0;0;0;0;0;0;0;1794767
30385;2;2;0;Banco Av Villas S.A.;8600358275;0;0;0;0;0;0;0;0;55799771.66
30385;2;2;0;Banco Av Villas S.A.;8600358275;0;0;0;0;0;0;0;0;200000
30385;2;2;0;Banco Av Villas S.A.;8600358275;0;0;0;0;0;0;0;0;0
30385;2;2;0;Banco De Bogota S.A.;8600029644;0;0;0;0;0;0;0;0;4136374991.86
30385;2;2;0;Banco De Bogota S.A.;8600029644;0;0;0;0;0;0;0;0;196162.94
30385;2;2;0;Banco De Bogota S.A.;8600029644;0;0;0;0;0;0;0;0;5179453.06
30385;2;2;0;Bbva Colombia S.A.;8600030201;0;0;0;0;0;0;0;0;16736757.78
30385;2;2;0;Banco Gnb Sudameris S.A.;8600507501;0;0;0;0;0;0;0;0;132753342.56
30385;2;2;0;Banco De Bogota S.A.;8600029644;0;0;0;0;0;0;0;0;0
30385;2;2;0;Citibank Colombia S.A.;8600511354;0;0;0;0;0;0;0;0;179060552.35
30385;2;2;0;Citibank Colombia S.A.;8600511354;0;0;0;0;0;0;0;0;2966466.8
30385;2;2;0;Citibank Colombia S.A.;8600511354;0;0;0;0;0;0;0;0;50680
30385;2;2;0;Banco Santander De Negocios Colombia S.A.;9006281103;0;0;0;0;0;0;0;0;10019.54
30385;2;2;0;Banco Santander De Negocios Colombia S.A.;9006281103;0;0;0;0;0;0;0;0;1500000
30385;2;2;0;Banco Santander De Negocios Colombia S.A.;9006281103;0;0;0;0;0;0;0;0;20000
30385;2;2;0;Citibank Colombia S.A.;8600511354;0;0;0;0;0;0;0;0;0
30385;2;2;0;Citibank Colombia S.A.;8600511354;0;0;0;0;0;0;0;0;0
30385;2;2;0;Citibank Colombia S.A.;8600511354;0;0;0;0;0;0;0;0;0
9633;1;2;10;Ministerio De Hacienda Y Credito Publico;8999990902;2;1;1;1;2;9;811;0;8014800000
9633;1;2;10;Ministerio De Hacienda Y Credito Publico;8999990902;2;1;1;1;2;9;811;0;2003700000
9633;1;2;10;Ministerio De Hacienda Y Credito Publico;8999990902;2;1;1;1;2;9;1105;0;5350900000
9633;1;2;16;Banco Colpatria Multibanca Colpatria S.A.;8600345941;2;1;1;1;2;1;391;0;522195000
9633;1;2;16;Banco Colpatria Multibanca Colpatria S.A.;8600345941;2;1;1;1;2;1;41;0;510190000
9633;1;2;16;Banco Falabella S.A.;9000479818;2;1;1;1;2;1;411;0;2082240000
9633;1;2;16;Banco Colpatria Multibanca Colpatria S.A.;8600345941;2;1;1;1;2;1;188;0;1044960000
9633;1;2;3;Banco De Occidente S.A.;8903002794;2;1;1;1;2;1;751;0;538580000
9633;1;2;16;Banco De Occidente S.A.;8903002794;2;1;1;1;2;1;741;0;521945000
9633;1;2;10;Titularizadora Colombiana S.A. Hitos;8300895306;2;1;1;1;2;9;2076;0;415322584.7
9633;1;2;3;Banco Corpbanca Colombia S.A;8909039370;2;1;1;1;2;1;387;0;1740690000
9633;1;2;3;Leasing Bancolombia S.A. C.F.;8600592943;2;1;1;1;2;1;193;0;1551915000
9633;1;2;3;Leasing Bancolombia S.A. C.F.;8600592943;2;1;1;1;2;1;2019;0;532250000
9633;1;1;16;Leasing Corficolombiana S.A.;8000247028;2;1;1;1;2;1;404;0;1040400000
9633;1;1;16;Leasing Corficolombiana S.A.;8000247028;2;1;1;1;2;1;399;0;1041010000
9633;1;2;16;Financiera De Desarrollo Territorial S.A. Findeter;8000963291;2;1;1;1;2;1;532;0;1021310000
9633;1;2;3;Banco Popular S.A.;8600077389;2;1;1;1;2;1;146;0;1026740000
9633;1;2;3;Banco Popular S.A.;8600077389;2;1;1;1;2;1;146;0;1026740000
9633;1;2;16;Banco Corpbanca Colombia S.A;8909039370;2;1;1;1;2;1;139;0;514765000
9633;1;2;16;Banco Corpbanca Colombia S.A;8909039370;2;1;1;1;2;1;139;0;514765000
9633;1;2;16;Bbva Colombia S.A.;8600030201;2;1;1;1;2;1;292;0;523005000
9633;1;2;16;Banco De Bogota S.A.;8600029644;2;1;1;1;2;1;2;0;4586670000
9633;1;2;3;Banco Davivienda S.A.;8600343137;2;1;1;1;2;1;38;0;298779030
9633;1;2;16;Financiera De Desarrollo Territorial S.A. Findeter;8000963291;2;1;1;1;2;1;381;0;1045730000
9633;1;2;16;Banco Popular S.A.;8600077389;2;1;1;1;2;1;45;0;1016850000
9633;1;2;16;Banco Colpatria Multibanca Colpatria S.A.;8600345941;2;1;1;1;2;1;195;0;1043810000
9633;1;2;16;Banco Pichincha S.A.;8902007567;2;1;1;1;2;1;68;0;3017940000
9633;1;1;16;Corporacion Financiera Colombiana S.A.;8903006536;2;1;1;1;2;1;81;0;4978450000
9633;1;2;16;Financiera De Desarrollo Territorial S.A. Findeter;8000963291;2;1;1;1;2;1;138;0;1513680000
9633;1;2;16;Banco Gnb Sudameris S.A.;8600507501;2;1;1;1;2;1;138;0;2018640000
9633;1;2;16;Banco De Bogota S.A.;8600029644;2;1;1;1;2;1;152;0;2032080000
9633;1;2;16;Banco De Bogota S.A.;8600029644;2;1;1;1;2;1;155;0;5076500000
9633;1;2;16;Banco De Bogota S.A.;8600029644;2;1;1;1;2;1;158;0;3043650000
9633;1;2;16;Banco Davivienda S.A.;8600343137;2;1;1;1;2;1;22;0;5105500000
9633;1;2;16;Bancolombia S.A.;8909039388;2;1;1;1;2;1;23;0;1528290000
9633;1;2;3;Banco De Occidente S.A.;8903002794;2;1;1;1;2;1;21;0;1053600000
9633;1;2;16;Banco Av Villas S.A.;8600358275;2;1;1;1;2;1;28;0;4079840000
9633;1;2;16;Banco De Occidente S.A.;8903002794;2;1;1;1;2;1;20;0;1015030000
9633;1;2;16;Bbva Colombia S.A.;8600030201;2;1;1;1;2;1;39;0;505275000
9633;1;2;16;Helm Bank;8600076603;2;1;1;1;2;1;79;0;3007410000
9633;1;2;16;Banco De Bogota S.A.;8600029644;2;1;1;1;2;1;52;0;2015560000
9633;1;2;16;Helm Bank;8600076603;2;1;1;1;2;1;68;0;2010000000
9633;1;2;16;Financiera De Desarrollo Territorial S.A. Findeter;8000963291;2;1;1;1;2;1;54;0;1017860000
9633;1;2;16;Banco De Bogota S.A.;8600029644;2;1;1;1;2;1;8;0;1017960000
9633;1;2;16;Banco De Bogota S.A.;8600029644;2;1;1;1;2;1;24;0;1014010000
9633;1;2;16;Banco Davivienda S.A.;8600343137;2;1;1;1;2;1;105;0;3083640000
9633;1;2;16;Helm Bank;8600076603;2;1;1;1;2;1;66;0;1005630000
9633;1;2;16;Banco De Comercio Ext. De Colombia S.A. Bancoldex;8001499236;2;1;1;1;2;1;68;0;1005000000
9633;1;2;16;Banco De Comercio Ext. De Colombia S.A. Bancoldex;8001499236;2;1;1;1;2;1;45;0;5048150000
9633;1;2;16;Financiera De Desarrollo Territorial S.A. Findeter;8000963291;2;1;1;1;2;1;94;0;1018440000
9633;1;2;16;Helm Bank;8600076603;2;1;1;1;2;1;67;0;2011060000
9633;1;2;16;Helm Bank;8600076603;2;1;1;1;2;1;65;0;1005980000
9633;1;2;16;Financiera De Desarrollo Territorial S.A. Findeter;8000963291;2;1;1;1;2;1;94;0;1018440000
9633;1;2;16;Banco Corpbanca Colombia S.A;8909039370;2;1;1;1;2;1;125;0;1032320000
9633;1;2;16;Banco De Bogota S.A.;8600029644;2;1;1;1;2;1;128;0;5104950000
9633;1;2;16;Banco De Bogota S.A.;8600029644;2;1;1;1;2;1;129;0;2041480000
9633;1;2;16;Banco Popular S.A.;8600077389;2;1;1;1;2;1;147;0;3027180000
9633;1;2;16;Banco De Bogota S.A.;8600029644;2;1;1;1;2;1;2;0;2038520000
9633;1;2;16;Banco Popular S.A.;8600077389;2;1;1;1;2;1;130;0;1532595000
9633;1;2;16;Banco Gnb Sudameris S.A.;8600507501;2;1;1;1;2;1;169;0;3008700000
9633;1;2;3;Banco Popular S.A.;8600077389;2;1;1;1;2;1;146;0;2053480000
9633;1;2;16;Banco Davivienda S.A.;8600343137;2;1;1;1;2;1;505;0;2042720000
9633;1;2;16;Banco De Bogota S.A.;8600029644;2;1;1;1;2;1;49;0;1008590000
9633;1;2;16;Bbva Colombia S.A.;8600030201;2;1;1;1;2;1;72;0;502310000
9633;1;2;16;Banco De Bogota S.A.;8600029644;2;1;1;1;2;1;139;0;509140000
9633;1;2;16;Banco De Bogota S.A.;8600029644;2;1;1;1;2;1;170;0;1001950000
9633;1;2;16;Bbva Colombia S.A.;8600030201;2;1;1;1;2;1;185;0;509980000
9633;1;2;16;Banco Popular S.A.;8600077389;2;1;1;1;2;1;45;0;1016850000
9633;1;2;16;Banco Davivienda S.A.;8600343137;2;1;1;1;2;1;140;0;509785000
9633;1;2;16;Bbva Colombia S.A.;8600030201;2;1;1;1;2;1;134;0;1012330000
9633;1;2;16;Banco Popular S.A.;8600077389;2;1;1;1;2;1;140;0;4037200000
9633;1;2;16;Banco Popular S.A.;8600077389;2;1;1;1;2;1;141;0;3531745000
9633;1;2;16;Banco De Bogota S.A.;8600029644;2;1;1;1;2;1;158;0;3015990000
9633;1;2;16;Banco De Bogota S.A.;8600029644;2;1;1;1;2;1;23;0;5071150000
9633;1;2;16;Banco Popular S.A.;8600077389;2;1;1;1;2;1;141;0;1009070000
9633;1;2;16;Banco Corpbanca Colombia S.A;8909039370;2;1;1;1;2;1;28;0;3040320000
9633;1;2;16;Helm Bank;8600076603;2;1;1;1;2;1;46;0;2018800000
9633;1;2;16;Helm Bank;8600076603;2;1;1;1;2;1;14;0;1015990000
9633;1;2;16;Banco Davivienda S.A.;8600343137;2;1;1;1;2;1;160;0;5073000000
9633;1;2;16;Financiera De Desarrollo Territorial S.A. Findeter;8000963291;2;1;1;1;2;1;94;0;3055320000
9633;1;2;16;Bbva Colombia S.A.;8600030201;2;1;1;1;2;1;69;0;3022830000
9633;1;2;16;Banco De Bogota S.A.;8600029644;2;1;1;1;2;1;163;0;3044700000
9633;1;2;16;Bbva Colombia S.A.;8600030201;2;1;1;1;2;1;39;0;6063300000
9633;1;2;16;Banco De Bogota S.A.;8600029644;2;1;1;1;2;1;81;0;1012180000
9633;1;2;16;Banco Davivienda S.A.;8600343137;2;1;1;1;2;1;99;0;3097770000
9633;1;2;16;Banco Davivienda S.A.;8600343137;2;1;1;1;2;1;169;0;8098880000
9633;1;2;16;Banco De Bogota S.A.;8600029644;2;1;1;1;2;1;157;0;3048810000
9633;1;2;16;Banco Davivienda S.A.;8600343137;2;1;1;1;2;1;170;0;2024220000
9633;1;2;16;Banco De Bogota S.A.;8600029644;2;1;1;1;2;1;53;0;1007560000
9633;1;2;16;Banco Popular S.A.;8600077389;2;1;1;1;2;1;45;0;1016850000
9633;1;2;16;Financiera De Desarrollo Territorial S.A. Findeter;8000963291;2;1;1;1;2;1;54;0;508930000
9633;1;2;16;Banco Davivienda S.A.;8600343137;2;1;1;1;2;1;22;0;10211000000
9633;1;2;16;Banco De Bogota S.A.;8600029644;2;1;1;1;2;1;81;0;1012180000
9633;1;2;16;Banco Davivienda S.A.;8600343137;2;1;1;1;2;1;65;0;1013170000
9633;1;2;16;Banco De Bogota S.A.;8600029644;2;1;1;1;2;1;86;0;1007560000
9633;1;2;16;Banco De Bogota S.A.;8600029644;2;1;1;1;2;1;147;0;2037520000
9633;1;2;16;Banco Colpatria Multibanca Colpatria S.A.;8600345941;2;1;1;1;2;1;188;0;522480000
9633;1;2;16;Banco Davivienda S.A.;8600343137;2;1;1;1;2;1;69;0;3030660000
9633;1;2;16;Banco Davivienda S.A.;8600343137;2;1;1;1;2;1;58;0;1014760000
9633;1;2;16;Financiera De Desarrollo Territorial S.A. Findeter;8000963291;2;1;1;1;2;1;54;0;2035720000
9633;1;2;16;Banco Agrario De Colombia S.A;8000378008;2;1;1;1;2;1;210;0;5062800000
9633;1;1;16;Corporacion Financiera Colombiana S.A.;8903006536;2;1;1;1;2;1;212;0;3037410000
9633;1;2;16;Banco De Bogota S.A.;8600029644;2;1;1;1;2;1;149;0;1016050000
9633;1;1;16;Corporacion Financiera Colombiana S.A.;8903006536;2;1;1;1;2;1;217;0;2541400000
9633;1;2;16;Servicios Financieros S.A - Serfinansa C.F.;8600431866;2;1;1;1;2;1;36;0;5061450000
9633;1;2;16;Banco Davivienda S.A.;8600343137;2;1;1;1;2;1;65;0;1013170000
9633;1;2;16;Banco Davivienda S.A.;8600343137;2;1;1;1;2;1;104;0;514065000
9633;1;2;16;Banco Av Villas S.A.;8600358275;2;1;1;1;2;1;229;0;1019010000
9633;1;2;16;Banco Davivienda S.A.;8600343137;2;1;1;1;2;1;93;0;2068100000
9633;1;2;16;Banco Popular S.A.;8600077389;2;1;1;1;2;1;106;0;512840000
9633;1;2;16;Banco Davivienda S.A.;8600343137;2;1;1;1;2;1;143;0;1021550000
9633;1;2;16;Banco De Bogota S.A.;8600029644;2;1;1;1;2;1;49;0;1008590000
9633;1;2;16;Banco Popular S.A.;8600077389;2;1;1;1;2;1;45;0;2033700000
9633;1;2;16;Banco De Bogota S.A.;8600029644;2;1;1;1;2;1;152;0;508020000
9633;1;2;16;Banco Davivienda S.A.;8600343137;2;1;1;1;2;1;203;0;1029040000
9633;1;2;16;Banco Davivienda S.A.;8600343137;2;1;1;1;2;1;203;0;1029040000
9633;1;2;16;Banco Davivienda S.A.;8600343137;2;1;1;1;2;1;182;0;4138440000
9633;1;2;16;Bancolombia S.A.;8909039388;2;1;1;1;2;1;266;0;1537935000
9633;1;2;16;Banco Davivienda S.A.;8600343137;2;1;1;1;2;1;169;0;1012360000
9633;1;2;16;Banco Av Villas S.A.;8600358275;2;1;1;1;2;1;229;0;2038020000
9633;1;2;16;Banco Corpbanca Colombia S.A;8909039370;2;1;1;1;2;1;443;0;6030120000
9633;1;2;16;Banco Av Villas S.A.;8600358275;2;1;1;1;2;1;443;0;5030650000
9633;1;2;16;Banco Gnb Sudameris S.A.;8600507501;2;1;1;1;2;1;207;0;1039370000
9633;1;2;16;Banco Gnb Sudameris S.A.;8600507501;2;1;1;1;2;1;222;0;518415000
9633;1;2;16;Banco Davivienda S.A.;8600343137;2;1;1;1;2;1;265;0;5053100000
9633;1;2;16;Banco Corpbanca Colombia S.A;8909039370;2;1;1;1;2;1;273;0;5000500000
9633;1;2;16;Bbva Colombia S.A.;8600030201;2;1;1;1;2;1;456;0;5015050000
9633;1;2;16;Helm Bank;8600076603;2;1;1;1;2;1;275;0;11236500000
9633;1;2;16;Helm Bank;8600076603;2;1;1;1;2;1;458;0;19960005000
9633;1;2;16;Banco Davivienda S.A.;8600343137;2;1;1;1;2;1;288;0;20368200000
9633;1;2;3;Banco De Occidente S.A.;8903002794;2;1;1;1;2;1;318;0;4940000000
9633;1;2;16;Banco Av Villas S.A.;8600358275;2;1;1;1;2;1;374;0;2045280000
9633;1;2;16;Banco Corpbanca Colombia S.A;8909039370;2;1;1;1;2;1;472;0;3058500000
9633;1;2;16;Banco Davivienda S.A.;8600343137;2;1;1;1;2;1;472;0;510085000
9633;1;2;16;Banco Santander De Negocios Colombia S.A.;9006281103;2;1;1;1;2;1;292;0;2035820000
9633;1;2;16;Banco Colpatria Multibanca Colpatria S.A.;8600345941;2;1;1;1;2;1;301;0;5076550000
9633;1;2;16;Banco Davivienda S.A.;8600343137;2;1;1;1;2;1;666;0;2037080000
9633;1;2;16;Banco Colpatria Multibanca Colpatria S.A.;8600345941;2;1;1;1;2;1;485;0;508495000
9633;1;1;16;Corporacion Financiera Colombiana S.A.;8903006536;2;1;1;1;2;1;317;0;3032310000
9633;1;2;16;Bancolombia S.A.;8909039388;2;1;1;1;2;1;258;0;5137350000
9633;1;2;16;Banco De Comercio Ext. De Colombia S.A. Bancoldex;8001499236;2;1;1;1;2;1;157;0;502970000
9633;1;2;16;Bancolombia S.A.;8909039388;2;1;1;1;2;1;337;0;2958900000
9633;1;2;16;Banco Colpatria Multibanca Colpatria S.A.;8600345941;2;1;1;1;2;1;270;0;4906450000
9633;1;2;10;Ministerio De Hacienda Y Credito Publico;8999990902;2;1;1;1;2;9;691;0;220602500
9633;1;2;10;Ministerio De Hacienda Y Credito Publico;8999990902;2;1;1;1;2;9;691;0;92123604
9633;1;2;10;Ministerio De Hacienda Y Credito Publico;8999990902;2;1;1;1;2;9;958;0;2478547014.86
9633;1;2;10;Ministerio De Hacienda Y Credito Publico;8999990902;2;1;1;1;2;9;1105;0;535090000
9633;1;2;10;Ministerio De Hacienda Y Credito Publico;8999990902;2;1;1;1;2;9;1105;0;2140360000
9633;1;2;10;Ministerio De Hacienda Y Credito Publico;8999990902;2;1;1;1;2;9;1105;0;1070180000
9633;1;2;10;Ministerio De Hacienda Y Credito Publico;8999990902;2;1;1;1;2;9;1105;0;1070180000
9633;1;2;10;Ministerio De Hacienda Y Credito Publico;8999990902;2;1;1;1;2;9;811;0;3506475000
9633;1;2;10;Ministerio De Hacienda Y Credito Publico;8999990902;2;1;1;1;2;9;811;0;500925000
9633;1;2;16;Bancolombia Panama S.A.;4444042541;2;1;1;3;2;1;146;0;16470148695
9633;1;2;16;Banco De Comercio Ext. De Colombia S.A. Bancoldex;8001499236;2;1;1;1;2;1;141;0;503350000
9633;1;2;16;Banco De Comercio Ext. De Colombia S.A. Bancoldex;8001499236;2;1;1;1;2;1;141;0;2013400000
9633;1;2;3;Banco Davivienda S.A.;8600343137;2;1;1;1;2;1;256;0;2009560000
9633;1;2;3;Banco Davivienda S.A.;8600343137;2;1;1;1;2;1;256;0;2009560000
9633;1;2;3;Banco Popular S.A.;8600077389;2;1;1;1;2;1;261;0;501830000
9633;1;2;3;Banco Popular S.A.;8600077389;2;1;1;1;2;1;261;0;501830000
9633;1;2;3;Banco Popular S.A.;8600077389;2;1;1;1;2;1;261;0;501830000
9633;1;2;3;Leasing Bancolombia S.A. C.F.;8600592943;2;1;1;1;2;1;325;0;575655500
9633;1;1;16;Corporacion Financiera Colombiana S.A.;8903006536;2;1;1;1;2;1;106;0;7543350000
9633;1;2;16;Banco Gnb Sudameris S.A.;8600507501;2;1;1;1;2;1;107;0;2509725000
9633;1;1;16;Corporacion Financiera Colombiana S.A.;8903006536;2;1;1;1;2;1;109;0;2009980000
9633;1;2;16;Banco Gnb Sudameris S.A.;8600507501;2;1;1;1;2;1;20;0;4011400000
9633;1;2;16;Banco Colpatria Multibanca Colpatria S.A.;8600345941;2;1;1;1;2;1;30;0;4002880000
9633;1;2;16;Banco Colpatria Multibanca Colpatria S.A.;8600345941;2;1;1;1;2;1;87;0;2006260000
9633;1;2;16;Banco Popular S.A.;8600077389;2;1;1;1;2;1;80;0;2008920000
9633;1;2;16;Banco Popular S.A.;8600077389;2;1;1;1;2;1;80;0;3013380000
9633;1;2;16;Banco Gnb Sudameris S.A.;8600507501;2;1;1;1;2;1;52;0;4012760000
9633;1;2;16;Banco Colpatria Multibanca Colpatria S.A.;8600345941;2;1;1;1;2;1;80;0;1004710000
9633;1;2;16;Banco Corpbanca Colombia S.A;8909039370;2;1;1;1;2;1;13;0;1004580000
9633;1;2;16;Banco Corpbanca Colombia S.A;8909039370;2;1;1;1;2;1;59;0;1503030000
9633;1;2;16;Helm Bank;8600076603;2;1;1;1;2;1;128;0;3025410000
9633;1;2;16;Banco Corpbanca Colombia S.A;8909039370;2;1;1;1;2;1;133;0;4030120000
9633;1;2;16;Banco Corpbanca Colombia S.A;8909039370;2;1;1;1;2;1;41;0;5029750000
9633;1;2;16;Banco De Bogota S.A.;8600029644;2;1;1;1;2;1;134;0;3021870000
9633;1;2;16;Banco De Bogota S.A.;8600029644;2;1;1;1;2;1;135;0;3021150000
9633;1;2;16;Financiera De Desarrollo Territorial S.A. Findeter;8000963291;2;1;1;1;2;1;229;0;7560075000
9633;1;2;16;Banco Davivienda S.A.;8600343137;2;1;1;1;2;1;79;0;10051900000
9633;1;2;16;Banco Popular S.A.;8600077389;2;1;1;1;2;1;51;0;6023280000
9633;1;2;16;Financiera De Desarrollo Territorial S.A. Findeter;8000963291;2;1;1;1;2;1;146;0;1005130000
9633;1;2;16;Banco Davivienda S.A.;8600343137;2;1;1;1;2;1;75;0;2510525000
9633;1;2;16;Helm Bank;8600076603;2;1;1;1;2;1;34;0;10076600000
9633;1;1;16;Corporacion Financiera Colombiana S.A.;8903006536;2;1;1;1;2;1;65;0;1009170000
9633;1;2;16;Banco Corpbanca Colombia S.A;8909039370;2;1;1;1;2;1;45;0;5020250000
9633;1;2;16;Financiera De Desarrollo Territorial S.A. Findeter;8000963291;2;1;1;1;2;1;195;0;1513920000
9633;1;1;16;Corporacion Financiera Colombiana S.A.;8903006536;2;1;1;1;2;1;75;0;2014020000
9633;1;2;16;Bbva Colombia S.A.;8600030201;2;1;1;1;2;1;196;0;5045200000
9633;1;2;16;Financiera De Desarrollo Territorial S.A. Findeter;8000963291;2;1;1;1;2;1;198;0;3531010000
9633;1;2;16;Banco De Bogota S.A.;8600029644;2;1;1;1;2;1;25;0;1001520000
9633;1;2;16;Banco Davivienda S.A.;8600343137;2;1;1;1;2;1;35;0;503595000
9633;1;2;16;Bbva Colombia S.A.;8600030201;2;1;1;1;2;1;113;0;5024600000
9633;1;1;16;Corporacion Financiera Colombiana S.A.;8903006536;2;1;1;1;2;1;181;0;3024120000
9633;1;2;16;Servicios Financieros S.A - Serfinansa C.F.;8600431866;2;1;1;1;2;1;2;0;2014940000
9633;1;1;16;Corporacion Financiera Colombiana S.A.;8903006536;2;1;1;1;2;1;195;0;1010170000
9633;1;1;16;Leasing Corficolombiana S.A.;8000247028;2;1;1;1;2;1;40;0;1509570000
9633;1;2;16;Financiera De Desarrollo Territorial S.A. Findeter;8000963291;2;1;1;1;2;1;192;0;1512465000
9633;1;2;16;Banco Colpatria Multibanca Colpatria S.A.;8600345941;2;1;1;1;2;1;209;0;1002530000
9633;1;2;16;Financiera De Desarrollo Territorial S.A. Findeter;8000963291;2;1;1;1;2;1;197;0;1510650000
9633;1;2;16;Banco Santander De Negocios Colombia S.A.;9006281103;2;1;1;1;2;1;415;0;1512030000
9633;1;2;16;Banco Falabella S.A.;9000479818;2;1;1;1;2;1;423;0;2012740000
9633;1;2;16;Banco Falabella S.A.;9000479818;2;1;1;1;2;1;271;0;503695000
9633;1;2;16;Banco De Bogota S.A.;8600029644;2;1;1;1;2;1;251;0;2020140000
9633;1;2;16;Banco Colpatria Multibanca Colpatria S.A.;8600345941;2;1;1;1;2;1;150;0;1003990000
9633;1;2;16;Banco De Bogota S.A.;8600029644;2;1;1;1;2;1;246;0;4045120000
9633;1;2;16;Bbva Colombia S.A.;8600030201;2;1;1;1;2;1;267;0;3005550000
9633;1;2;16;Helm Bank;8600076603;2;1;1;1;2;1;162;0;1007870000
9633;1;2;16;Bbva Colombia S.A.;8600030201;2;1;1;1;2;1;196;0;2018660000
9633;1;2;16;Banco Corpbanca Colombia S.A;8909039370;2;1;1;1;2;1;233;0;503360000
9633;1;2;16;Banco Davivienda S.A.;8600343137;2;1;1;1;2;1;261;0;501285000
9633;1;2;16;Financiera De Desarrollo Territorial S.A. Findeter;8000963291;2;1;1;1;2;1;198;0;504430000
9633;1;2;16;Bbva Colombia S.A.;8600030201;2;1;1;1;2;1;236;0;2010080000
9633;1;2;16;Helm Bank;8600076603;2;1;1;1;2;1;228;0;3009180000
9633;1;2;16;Banco Davivienda S.A.;8600343137;2;1;1;1;2;1;259;0;2016260000
9633;1;2;16;Banco Davivienda S.A.;8600343137;2;1;1;1;2;1;238;0;1005530000
9633;1;2;16;Helm Bank;8600076603;2;1;1;1;2;1;265;0;10066800000
9633;1;2;16;Banco Davivienda S.A.;8600343137;2;1;1;1;2;1;204;0;10051500000
9633;1;2;16;Banco Av Villas S.A.;8600358275;2;1;1;1;2;1;451;0;5026900000
9633;1;2;16;Bancolombia S.A.;8909039388;2;1;1;1;2;1;514;0;10007800000
9633;1;2;16;Banco De Bogota S.A.;8600029644;2;1;1;1;2;1;331;0;2004240000
9633;1;2;16;Banco De Bogota S.A.;8600029644;2;1;1;1;2;1;331;0;10021200000
9633;1;2;16;Banco De Bogota S.A.;8600029644;2;1;1;1;2;1;515;0;9004680000
9633;1;2;16;Banco Davivienda S.A.;8600343137;2;1;1;1;2;1;226;0;2519375000
9633;1;2;16;Banco Davivienda S.A.;8600343137;2;1;1;1;2;1;443;0;502550000
9633;1;2;16;Financiera De Desarrollo Territorial S.A. Findeter;8000963291;2;1;1;1;2;1;317;0;5062150000
9633;1;2;16;Bancolombia S.A.;8909039388;2;1;1;1;2;1;276;0;1011870000
9633;1;2;16;Bancolombia S.A.;8909039388;2;1;1;1;2;1;413;0;1007320000
9633;1;2;16;Banco Davivienda S.A.;8600343137;2;1;1;1;2;1;323;0;5011650000
9633;1;2;16;Banco Corpbanca Colombia S.A;8909039370;2;1;1;1;2;1;338;0;7054670000
9633;1;2;16;Banco Corpbanca Colombia S.A;8909039370;2;1;1;1;2;1;522;0;3019170000
9633;1;2;16;Bancolombia S.A.;8909039388;2;1;1;1;2;1;525;0;5028000000
9633;1;2;16;Banco De Bogota S.A.;8600029644;2;1;1;1;2;1;341;0;10070600000
9633;2;2;0;Giros Y Finanzas Cia De Financiamiento Comercial;8600067979;0;0;0;0;0;0;0;0;0
9633;2;2;0;Giros Y Finanzas Cia De Financiamiento Comercial;8600067979;0;0;0;0;0;0;0;0;0
9633;2;2;0;Banco Pichincha S.A.;8902007567;0;0;0;0;0;0;0;0;20387565085.39
9633;2;2;0;Banco Pichincha S.A.;8902007567;0;0;0;0;0;0;0;0;205250.61
9633;2;2;0;Banco Pichincha S.A.;8902007567;0;0;0;0;0;0;0;0;9006056000
9633;2;2;0;Bancolombia S.A.;8909039388;0;0;0;0;0;0;0;0;0
9633;2;2;0;Banco Av Villas S.A.;8600358275;0;0;0;0;0;0;0;0;1
9633;2;2;0;Bancolombia S.A.;8909039388;0;0;0;0;0;0;0;0;0
9633;2;2;0;Banco De Bogota S.A.;8600029644;0;0;0;0;0;0;0;0;936498
9633;2;2;0;Banco De Bogota S.A.;8600029644;0;0;0;0;0;0;0;0;0
9633;2;2;0;Banco De Bogota S.A.;8600029644;0;0;0;0;0;0;0;0;0
9633;2;2;0;Banco Cooperativo Coopcentral;8902030889;0;0;0;0;0;0;0;0;0
9633;2;2;0;Banco Cooperativo Coopcentral;8902030889;0;0;0;0;0;0;0;0;0
9633;2;2;0;Banco Cooperativo Coopcentral;8902030889;0;0;0;0;0;0;0;0;0
9633;2;2;0;Banco De Bogota S.A.;8600029644;0;0;0;0;0;0;0;0;7525736987.37
9633;2;2;0;Banco De Occidente S.A.;8903002794;0;0;0;0;0;0;0;0;50000000
9633;2;2;0;Banco Popular S.A.;8600077389;0;0;0;0;0;0;0;0;245596.22
9633;2;2;0;Banco Popular S.A.;8600077389;0;0;0;0;0;0;0;0;5485653.37
9633;2;2;0;Banco Popular S.A.;8600077389;0;0;0;0;0;0;0;0;15224449349.27
9633;2;2;0;Banco De Bogota S.A.;8600029644;0;0;0;0;0;0;0;0;0
9633;2;2;0;Banco De Bogota S.A.;8600029644;0;0;0;0;0;0;0;0;609555927.5
9633;2;2;0;Banco De Bogota S.A.;8600029644;0;0;0;0;0;0;0;0;63353182473.69
9633;2;2;0;Banco De Bogota S.A.;8600029644;0;0;0;0;0;0;0;0;27499979
9633;2;2;0;Banco Santander De Negocios Colombia S.A.;9006281103;0;0;0;0;0;0;0;0;2515718939.59
9633;2;2;0;Banco Santander De Negocios Colombia S.A.;9006281103;0;0;0;0;0;0;0;0;66280000
9633;2;2;0;Banco Santander De Negocios Colombia S.A.;9006281103;0;0;0;0;0;0;0;0;4647000
9633;2;1;0;Corporacion Financiera Colombiana S.A.;8903006536;0;0;0;0;0;0;0;0;1617985
9633;2;2;0;Financiera America S.A. Compað?A De Financiamiento;8600259715;0;0;0;0;0;0;0;0;0
9633;2;2;0;Financiera America S.A. Compað?A De Financiamiento;8600259715;0;0;0;0;0;0;0;0;0
9633;2;2;0;Banco Wwb S.A.;9003782122;0;0;0;0;0;0;0;0;3041716.17
9633;2;2;0;Banco Wwb S.A.;9003782122;0;0;0;0;0;0;0;0;0
9633;2;2;0;Banco Wwb S.A.;9003782122;0;0;0;0;0;0;0;0;255694525.34
9633;2;2;0;Banco Colpatria Multibanca Colpatria S.A.;8600345941;0;0;0;0;0;0;0;0;0
9633;2;2;0;Banco Colpatria Multibanca Colpatria S.A.;8600345941;0;0;0;0;0;0;0;0;0
9633;2;2;0;Banco Colpatria Multibanca Colpatria S.A.;8600345941;0;0;0;0;0;0;0;0;969920
9633;2;2;0;Banco Falabella S.A.;9000479818;0;0;0;0;0;0;0;0;0
9633;2;2;0;Banco Falabella S.A.;9000479818;0;0;0;0;0;0;0;0;0
9633;2;2;0;Banco Falabella S.A.;9000479818;0;0;0;0;0;0;0;0;0
9633;2;2;0;Banco Coomeva S.A. Bancoomeva;9004061505;0;0;0;0;0;0;0;0;0
9633;2;2;0;Banco Coomeva S.A. Bancoomeva;9004061505;0;0;0;0;0;0;0;0;0
9633;2;2;0;Banco Coomeva S.A. Bancoomeva;9004061505;0;0;0;0;0;0;0;0;0
9633;2;2;0;Banco De Occidente S.A.;8903002794;0;0;0;0;0;0;0;0;0
9633;2;2;0;Banco De Occidente S.A.;8903002794;0;0;0;0;0;0;0;0;0
9633;2;2;0;Banco Colpatria Multibanca Colpatria S.A.;8600345941;0;0;0;0;0;0;0;0;843631.37
9633;2;2;0;Banco De Occidente S.A.;8903002794;0;0;0;0;0;0;0;0;0
9633;2;2;0;Banco De Occidente S.A.;8903002794;0;0;0;0;0;0;0;0;0
9633;2;2;0;Banco De Occidente S.A.;8903002794;0;0;0;0;0;0;0;0;0
9633;2;2;0;Banco De Occidente S.A.;8903002794;0;0;0;0;0;0;0;0;0
9633;2;2;0;Bancolombia S.A.;8909039388;0;0;0;0;0;0;0;0;0
9633;2;2;0;Bancolombia S.A.;8909039388;0;0;0;0;0;0;0;0;0
9633;2;2;0;Bancolombia S.A.;8909039388;0;0;0;0;0;0;0;0;0
9633;2;2;0;Bancolombia S.A.;8909039388;0;0;0;0;0;0;0;0;0
9633;2;2;0;Banco De Occidente S.A.;8903002794;0;0;0;0;0;0;0;0;0
9633;2;2;0;Banco De Occidente S.A.;8903002794;0;0;0;0;0;0;0;0;25800000
9633;2;2;0;Banco De Occidente S.A.;8903002794;0;0;0;0;0;0;0;0;0
9633;2;2;0;Banco De Occidente S.A.;8903002794;0;0;0;0;0;0;0;0;0
9633;2;2;0;Bancolombia S.A.;8909039388;0;0;0;0;0;0;0;0;0
9633;2;2;0;Banco Colpatria Multibanca Colpatria S.A.;8600345941;0;0;0;0;0;0;0;0;3523886.98
9633;2;2;0;Banco Av Villas S.A.;8600358275;0;0;0;0;0;0;0;0;53581413
9633;2;2;0;Banco De Occidente S.A.;8903002794;0;0;0;0;0;0;0;0;0
9633;2;2;0;Banco De Occidente S.A.;8903002794;0;0;0;0;0;0;0;0;0
9633;2;2;0;Citibank Colombia S.A.;8600511354;0;0;0;0;0;0;0;0;4372707.73
9633;2;2;0;Banco De Occidente S.A.;8903002794;0;0;0;0;0;0;0;0;49760079.37
9633;2;2;0;Banco De Occidente S.A.;8903002794;0;0;0;0;0;0;0;0;623281678.04
9633;2;2;0;Banco De Occidente S.A.;8903002794;0;0;0;0;0;0;0;0;50000000
9633;2;2;0;Banco De Occidente S.A.;8903002794;0;0;0;0;0;0;0;0;0
9633;2;2;0;Banco De Occidente S.A.;8903002794;0;0;0;0;0;0;0;0;0
9633;2;2;0;Banco De Occidente S.A.;8903002794;0;0;0;0;0;0;0;0;0
9633;2;2;0;Banco Caja Social;8600073354;0;0;0;0;0;0;0;0;3781270.37
9633;2;2;0;Banco Coomeva S.A. Bancoomeva;9004061505;0;0;0;0;0;0;0;0;2136458.15
9633;2;2;0;Banco Gnb Sudameris S.A.;8600507501;0;0;0;0;0;0;0;0;0
9633;2;2;0;Banco Av Villas S.A.;8600358275;0;0;0;0;0;0;0;0;3114059
9633;2;2;0;Banco Agrario De Colombia S.A;8000378008;0;0;0;0;0;0;0;0;4383587
9633;2;2;0;Banco Corpbanca Colombia S.A;8909039370;0;0;0;0;0;0;0;0;3824900.19
9633;2;2;0;Helm Bank;8600076603;0;0;0;0;0;0;0;0;0
9633;2;2;0;Banco Coomeva S.A. Bancoomeva;9004061505;0;0;0;0;0;0;0;0;9685996015.31
9633;2;2;0;Banco Davivienda S.A.;8600343137;0;0;0;0;0;0;0;0;358237.7
9633;2;1;0;Corporacion Financiera Colombiana S.A.;8903006536;0;0;0;0;0;0;0;0;0
9633;2;2;0;Banco Gnb Sudameris S.A.;8600507501;0;0;0;0;0;0;0;0;0
9633;2;2;0;Banco Caja Social;8600073354;0;0;0;0;0;0;0;0;264218813.08
9633;2;2;0;Banco Caja Social;8600073354;0;0;0;0;0;0;0;0;0
9633;2;2;0;Helm Bank;8600076603;0;0;0;0;0;0;0;0;0
9633;2;2;0;Banco Corpbanca Colombia S.A;8909039370;0;0;0;0;0;0;0;0;231857
9633;2;2;0;Banco Davivienda S.A.;8600343137;0;0;0;0;0;0;0;0;0
9633;2;2;0;Banco De Occidente S.A.;8903002794;0;0;0;0;0;0;0;0;9341406171.28
9633;2;2;0;Banco Davivienda S.A.;8600343137;0;0;0;0;0;0;0;0;26957125050.55
9633;2;2;0;Banco Colpatria Multibanca Colpatria S.A.;8600345941;0;0;0;0;0;0;0;0;881189030.54
9633;2;2;0;Banco Caja Social;8600073354;0;0;0;0;0;0;0;0;1598247117.93
9633;2;2;0;Banco Av Villas S.A.;8600358275;0;0;0;0;0;0;0;0;16285230319.66
9633;2;2;0;Bbva Colombia S.A.;8600030201;0;0;0;0;0;0;0;0;12369027407.26
9633;2;2;0;Helm Bank;8600076603;0;0;0;0;0;0;0;0;11676101313.63
9633;2;2;0;Scotiabank Colombia S.A.;8600517052;0;0;0;0;0;0;0;0;862084.03
9633;2;2;0;Banco Agrario De Colombia S.A;8000378008;0;0;0;0;0;0;0;0;0
9633;2;2;0;Citibank Colombia S.A.;8600511354;0;0;0;0;0;0;0;0;0
9633;2;2;0;Banco Corpbanca Colombia S.A;8909039370;0;0;0;0;0;0;0;0;3509064586.53
9633;2;2;0;Banco Gnb Sudameris S.A.;8600507501;0;0;0;0;0;0;0;0;6381834021.19
9633;2;2;0;Banco Gnb Sudameris S.A.;8600507501;0;0;0;0;0;0;0;0;0
9633;2;2;0;Banco Av Villas S.A.;8600358275;0;0;0;0;0;0;0;0;499235.26
9633;2;2;0;Bbva Colombia S.A.;8600030201;0;0;0;0;0;0;0;0;20001000
9633;2;2;0;Banco Agrario De Colombia S.A;8000378008;0;0;0;0;0;0;0;0;20349953.37
9633;2;2;0;Citibank Colombia S.A.;8600511354;0;0;0;0;0;0;0;0;0
9633;2;2;0;Banco Colpatria Multibanca Colpatria S.A.;8600345941;0;0;0;0;0;0;0;0;950163.07
9633;2;2;0;Bancolombia S.A.;8909039388;0;0;0;0;0;0;0;0;0
9633;2;2;0;Banco De Occidente S.A.;8903002794;0;0;0;0;0;0;0;0;0
9633;2;2;0;Bancolombia S.A.;8909039388;0;0;0;0;0;0;0;0;0
9633;2;2;0;Banco De Occidente S.A.;8903002794;0;0;0;0;0;0;0;0;0
9633;2;2;0;Banco De Occidente S.A.;8903002794;0;0;0;0;0;0;0;0;0
9633;2;2;0;Banco De Occidente S.A.;8903002794;0;0;0;0;0;0;0;0;0
9633;2;2;0;Bancolombia S.A.;8909039388;0;0;0;0;0;0;0;0;829065.81
9633;2;2;0;Banco De Occidente S.A.;8903002794;0;0;0;0;0;0;0;0;0
9633;2;2;0;Banco De Occidente S.A.;8903002794;0;0;0;0;0;0;0;0;0
9633;2;2;0;Banco De Occidente S.A.;8903002794;0;0;0;0;0;0;0;0;0
9633;2;2;0;Banco De Occidente S.A.;8903002794;0;0;0;0;0;0;0;0;0
9633;2;2;0;Banco De Occidente S.A.;8903002794;0;0;0;0;0;0;0;0;0
9633;2;2;0;Bancolombia S.A.;8909039388;0;0;0;0;0;0;0;0;0
9633;2;2;0;Banco De Occidente S.A.;8903002794;0;0;0;0;0;0;0;0;0
9633;2;2;0;Banco Colpatria Multibanca Colpatria S.A.;8600345941;0;0;0;0;0;0;0;0;49143.3
9633;2;2;0;Bbva Colombia S.A.;8600030201;0;0;0;0;0;0;0;0;0
9633;2;2;0;Banco Caja Social;8600073354;0;0;0;0;0;0;0;0;0
9633;2;2;0;Banco De Occidente S.A.;8903002794;0;0;0;0;0;0;0;0;0
9633;2;2;0;Banco De Occidente S.A.;8903002794;0;0;0;0;0;0;0;0;0
9633;2;2;0;Banco Colpatria Multibanca Colpatria S.A.;8600345941;0;0;0;0;0;0;0;0;0
9633;2;2;0;Banco Colpatria Multibanca Colpatria S.A.;8600345941;0;0;0;0;0;0;0;0;0
9633;2;2;0;Bancolombia S.A.;8909039388;0;0;0;0;0;0;0;0;0
9633;2;2;0;Bancolombia S.A.;8909039388;0;0;0;0;0;0;0;0;0
9633;2;2;0;Banco De Occidente S.A.;8903002794;0;0;0;0;0;0;0;0;11883742909.67
9633;2;2;0;Bancolombia S.A.;8909039388;0;0;0;0;0;0;0;0;0
9633;2;2;0;Banco Colpatria Multibanca Colpatria S.A.;8600345941;0;0;0;0;0;0;0;0;3409712.24
9633;2;2;0;Banco Colpatria Multibanca Colpatria S.A.;8600345941;0;0;0;0;0;0;0;0;0
9633;2;2;0;Banco De Occidente S.A.;8903002794;0;0;0;0;0;0;0;0;0
9633;2;2;0;Banco De Occidente S.A.;8903002794;0;0;0;0;0;0;0;0;0
9633;2;2;0;Banco De Occidente S.A.;8903002794;0;0;0;0;0;0;0;0;0
9633;2;2;0;Banco Colpatria Multibanca Colpatria S.A.;8600345941;0;0;0;0;0;0;0;0;0
9633;2;2;0;Banco De Occidente S.A.;8903002794;0;0;0;0;0;0;0;0;0
9633;2;2;0;Banco De Occidente S.A.;8903002794;0;0;0;0;0;0;0;0;0
9633;2;2;0;Banco De Occidente S.A.;8903002794;0;0;0;0;0;0;0;0;0
9633;2;2;0;Banco Davivienda S.A.;8600343137;0;0;0;0;0;0;0;0;2408045.76
9633;2;2;0;Citibank Colombia S.A.;8600511354;0;0;0;0;0;0;0;0;0
