COD;TIPO ACTIVO;VINCULADO AL FONDO;TIPO DE TÍTULO;EMISOR;NIT;TIPO INVERSIÓN ;TIPO REGISTRO;SISTEMA TRANSACCIONAL;TIPO MONEDA;TIPO SECTOR;CALIFICACIÓN;DÍAS AL VTO.;DURACIÓN;VPN
119143;1;2;16;Bbva Colombia S.A.;8600030201;2;1;1;1;2;1;898;0;1590900000
119143;1;2;16;Bbva Colombia S.A.;8600030201;2;1;1;1;2;1;474;0;2028040000
119143;1;2;16;Bbva Colombia S.A.;8600030201;2;1;1;1;2;1;464;0;1073130000
119143;1;2;16;Bbva Colombia S.A.;8600030201;2;1;1;1;2;6;299;0;2019480000
119143;1;2;16;Bbva Colombia S.A.;8600030201;2;1;1;1;2;1;1797;0;1037660000
119143;1;2;16;Banco Davivienda S.A.;8600343137;2;1;1;1;2;4;342;0;1009650000
119143;1;2;16;Banco Davivienda S.A.;8600343137;2;1;1;1;2;4;357;0;1002870000
119143;1;2;16;Banco Davivienda S.A.;8600343137;2;1;1;1;2;1;457;0;1072590000
119143;1;2;16;Banco Davivienda S.A.;8600343137;2;1;1;1;2;1;963;0;2270580000
119143;1;2;16;Banco Davivienda S.A.;8600343137;2;1;1;1;2;1;963;0;1702935000
119143;1;2;16;Banco Davivienda S.A.;8600343137;2;1;1;1;2;1;1246;0;1604775000
119143;1;2;16;Banco De Bogota S.A.;8600029644;2;1;1;1;2;1;724;0;1030470000
119143;1;2;16;Banco De Bogota S.A.;8600029644;2;1;1;1;2;1;1084;0;1052900000
119143;1;2;16;Banco De Bogota S.A.;8600029644;2;1;1;1;2;1;1089;0;1043970000
119143;1;2;16;Banco De Bogota S.A.;8600029644;2;1;1;1;2;1;368;0;1089500000
119143;1;2;16;Banco De Bogota S.A.;8600029644;2;1;1;1;2;1;366;0;1025970000
119143;1;2;16;Banco De Occidente S.A.;8903002794;2;1;1;1;2;4;344;0;2058220000
119143;1;2;16;Banco De Occidente S.A.;8903002794;2;1;1;1;2;1;706;0;3018840000
119143;1;2;16;Banco Popular S.A.;8600077389;2;1;1;1;2;1;439;0;1024980000
119143;1;2;16;Banco Popular S.A.;8600077389;2;1;1;1;2;1;638;0;1032920000
119143;1;2;16;Banco Popular S.A.;8600077389;2;1;1;1;2;4;329;0;1009810000
119143;1;2;16;Banco Santander De Negocios Colombia S.A.;9006281103;2;1;1;1;2;6;204;0;1002940000
119143;1;2;16;Bancolombia S.A.;8909039388;2;1;1;1;2;1;901;0;955230000
119143;1;2;16;Bancolombia S.A.;8909039388;2;1;1;1;2;1;2929;0;1101870000
119143;1;2;16;Bancolombia S.A.;8909039388;2;1;1;1;2;4;195;0;2042940000
119143;1;2;16;Financiera De Desarrollo Territorial S.A. Findeter;8000963291;2;1;1;1;2;6;328;0;1004610000
119143;1;2;16;Financiera De Desarrollo Territorial S.A. Findeter;8000963291;2;1;1;1;2;1;1467;0;989370000
119143;1;2;16;Financiera De Desarrollo Territorial S.A. Findeter;8000963291;2;1;1;1;2;1;798;0;1007440000
119143;1;2;16;Financiera De Desarrollo Territorial S.A. Findeter;8000963291;2;1;1;1;2;6;285;0;1017020000
119143;1;2;16;Financiera De Desarrollo Territorial S.A. Findeter;8000963291;2;1;1;1;2;1;442;0;1012290000
119143;1;2;10;Banco De La Republica;8600052167;2;1;1;1;4;9;2917;0;1094890000
119143;1;2;10;Banco De La Republica;8600052167;2;1;1;1;4;9;4163;0;347710000
119143;1;2;10;Banco De La Republica;8600052167;2;1;1;1;4;9;4163;0;347710000
119143;1;2;10;Banco De La Republica;8600052167;2;1;1;1;4;9;761;0;1908550136
119143;1;2;10;Banco De La Republica;8600052167;2;1;1;1;4;9;761;0;1908550136
119143;1;2;16;Banco Colpatria Multibanca Colpatria S.A.;8600345941;2;1;1;1;2;1;853;0;2172420000
119143;1;2;16;Banco Colpatria Multibanca Colpatria S.A.;8600345941;2;1;1;1;2;4;220;0;1015460000
119143;1;2;16;Banco Colpatria Multibanca Colpatria S.A.;8600345941;2;1;1;1;2;1;707;0;2013680000
119143;1;2;2;Une Epm Telecomunicaciones S.A.;9000923859;2;1;1;1;1;18;2193;0;422305000
119143;1;2;2;Une Epm Telecomunicaciones S.A.;9000923859;2;1;1;1;1;18;2193;0;422305000
119143;2;1;0;Banco Itaú S.A;8909039370;0;0;0;0;0;0;0;0;1044890066
119143;2;2;0;Bancolombia S.A.;8909039388;0;0;0;0;0;0;0;0;71983142
119143;2;2;0;Banco De Bogota S.A.;8600029644;0;0;0;0;0;0;0;0;101626617
119143;2;2;0;Bbva Colombia S.A.;8600030201;0;0;0;0;0;0;0;0;104603061
119143;2;2;0;Banco De Occidente S.A.;8903002794;0;0;0;0;0;0;0;0;5839486821
119143;2;2;0;Banco Popular S.A.;8600077389;0;0;0;0;0;0;0;0;310645646
119143;2;2;0;Citibank Colombia S.A.;8600511354;0;0;0;0;0;0;0;0;112157406
119143;2;2;0;Banco Gnb Sudameris S.A.;8600507501;0;0;0;0;0;0;0;0;363966975
119143;2;1;0;Banco Itaú S.A;8909039370;0;0;0;0;0;0;0;0;92618590
119143;2;1;0;Banco Itaú S.A;8909039370;0;0;0;0;0;0;0;0;3780409
119143;2;2;0;Citibank Colombia S.A.;8600511354;0;0;0;0;0;0;0;0;200014
119143;2;2;0;Banco Gnb Sudameris S.A.;8600507501;0;0;0;0;0;0;0;0;500000
119143;2;2;0;Bancolombia S.A.;8909039388;0;0;0;0;0;0;0;0;99960
119143;2;2;0;Banco Popular S.A.;8600077389;0;0;0;0;0;0;0;0;12582
119143;2;1;0;Banco Itaú S.A;8909039370;0;0;0;0;0;0;0;0;5015821000
119133;1;2;16;Banco Av Villas S.A.;8600358275;2;1;1;1;2;4;110;0;4515480000
119133;1;2;16;Banco Av Villas S.A.;8600358275;2;1;1;1;2;4;183;0;4112080000
119133;1;2;16;Banco Av Villas S.A.;8600358275;2;1;1;1;2;4;330;0;10027000000
119133;1;2;16;Banco Av Villas S.A.;8600358275;2;1;1;1;2;4;214;0;2524075000
119133;1;2;16;Banco Av Villas S.A.;8600358275;2;1;1;1;2;4;140;0;5077050000
119133;1;2;16;Banco Av Villas S.A.;8600358275;2;1;1;1;2;4;158;0;3028470000
119133;1;2;16;Banco Av Villas S.A.;8600358275;2;1;1;1;2;4;162;0;3023940000
119133;1;2;16;Banco Av Villas S.A.;8600358275;2;1;1;1;2;4;207;0;5076050000
119133;1;2;16;Banco Av Villas S.A.;8600358275;2;1;1;1;2;4;281;0;5104450000
119133;1;2;16;Banco Av Villas S.A.;8600358275;2;1;1;1;2;4;47;0;5056200000
119133;1;2;16;Banco Av Villas S.A.;8600358275;2;1;1;1;2;4;175;0;5014850000
119133;1;2;16;Bbva Colombia S.A.;8600030201;2;1;1;1;2;6;104;0;3017430000
119133;1;2;16;Bbva Colombia S.A.;8600030201;2;1;1;1;2;6;342;0;5045850000
119133;1;2;16;Bbva Colombia S.A.;8600030201;2;1;1;1;2;6;357;0;4024800000
119133;1;2;16;Bbva Colombia S.A.;8600030201;2;1;1;1;2;6;213;0;2015940000
119133;1;2;16;Bbva Colombia S.A.;8600030201;2;1;1;1;2;6;196;0;4190680000
119133;1;2;16;Bbva Colombia S.A.;8600030201;2;1;1;1;2;1;473;0;2109160000
119133;1;2;16;Bbva Colombia S.A.;8600030201;2;1;1;1;2;6;194;0;2050240000
119133;1;2;16;Bbva Colombia S.A.;8600030201;2;1;1;1;2;6;226;0;1528845000
119133;1;2;16;Bbva Colombia S.A.;8600030201;2;1;1;1;2;1;477;0;3035670000
119133;1;2;16;Bbva Colombia S.A.;8600030201;2;1;1;1;2;6;289;0;4338960000
119133;1;2;16;Bbva Colombia S.A.;8600030201;2;1;1;1;2;1;642;0;20332400000
119133;1;2;16;Bbva Colombia S.A.;8600030201;2;1;1;1;2;6;332;0;20104470000
119133;1;2;16;Bbva Colombia S.A.;8600030201;2;1;1;1;2;1;948;0;953820000
119133;1;2;16;Bbva Colombia S.A.;8600030201;2;1;1;1;2;1;474;0;5070100000
119133;1;2;16;Bbva Colombia S.A.;8600030201;2;1;1;1;2;1;643;0;6092880000
119133;1;2;16;Bbva Colombia S.A.;8600030201;2;1;1;1;2;1;638;0;6963040000
119133;1;2;16;Bbva Colombia S.A.;8600030201;2;1;1;1;2;6;299;0;3029220000
119133;1;2;16;Bbva Colombia S.A.;8600030201;2;1;1;1;2;6;336;0;2537475000
119133;1;2;16;Banco BTG Pactual Colombia S.A.;9014915510;2;1;1;1;2;6;384;0;5085700000
119133;1;2;16;Banco Davivienda S.A.;8600343137;2;1;1;1;2;4;103;0;7039200000
119133;1;2;16;Banco Davivienda S.A.;8600343137;2;1;1;1;2;4;77;0;20079600000
119133;1;2;16;Banco Davivienda S.A.;8600343137;2;1;1;1;2;4;90;0;3041580000
119133;1;2;16;Banco Davivienda S.A.;8600343137;2;1;1;1;2;4;357;0;4011480000
119133;1;2;16;Banco Davivienda S.A.;8600343137;2;1;1;1;2;4;240;0;7009030000
119133;1;2;16;Banco Davivienda S.A.;8600343137;2;1;1;1;2;4;221;0;5038000000
119133;1;2;16;Banco Davivienda S.A.;8600343137;2;1;1;1;2;4;195;0;3666635000
119133;1;2;16;Banco Davivienda S.A.;8600343137;2;1;1;1;2;4;195;0;4190440000
119133;1;2;16;Banco Davivienda S.A.;8600343137;2;1;1;1;2;4;191;0;5261750000
119133;1;2;16;Banco Davivienda S.A.;8600343137;2;1;1;1;2;4;267;0;2041540000
119133;1;2;16;Banco Davivienda S.A.;8600343137;2;1;1;1;2;4;22;0;5099450000
119133;1;2;16;Banco Davivienda S.A.;8600343137;2;1;1;1;2;4;261;0;4100040000
119133;1;2;16;Banco Davivienda S.A.;8600343137;2;1;1;1;2;4;221;0;5182700000
119133;1;2;16;Banco Davivienda S.A.;8600343137;2;1;1;1;2;4;141;0;5148250000
119133;1;2;16;Banco Davivienda S.A.;8600343137;2;1;1;1;2;4;122;0;3043620000
119133;1;2;16;Banco Davivienda S.A.;8600343137;2;1;1;1;2;4;169;0;3014340000
119133;1;2;16;Banco Davivienda S.A.;8600343137;2;1;1;1;2;1;476;0;1067180000
119133;1;2;16;Banco Davivienda S.A.;8600343137;2;1;1;1;2;4;11;0;5159100000
119133;1;2;16;Banco Davivienda S.A.;8600343137;2;1;1;1;2;4;202;0;5190400000
119133;1;2;16;Banco Davivienda S.A.;8600343137;2;1;1;1;2;1;582;0;4019720000
119133;1;2;16;Banco Davivienda S.A.;8600343137;2;1;1;1;2;4;162;0;10084300000
119133;1;2;16;Banco Davivienda S.A.;8600343137;2;1;1;1;2;4;162;0;5042150000
119133;1;2;16;Banco Davivienda S.A.;8600343137;2;1;1;1;2;4;202;0;3064920000
119133;1;2;16;Banco Davivienda S.A.;8600343137;2;1;1;1;2;1;688;0;2022700000
119133;1;2;16;Banco Davivienda S.A.;8600343137;2;1;1;1;2;1;1246;0;534925000
119133;1;2;16;Banco Davivienda S.A.;8600343137;2;1;1;1;2;4;353;0;5032450000
119133;1;2;16;Banco Davivienda S.A.;8600343137;2;1;1;1;2;4;11;0;5159100000
119133;1;2;16;Banco Davivienda S.A.;8600343137;2;1;1;1;2;4;202;0;1021640000
119133;1;2;16;Banco De Bogota S.A.;8600029644;2;1;1;1;2;4;102;0;2012720000
119133;1;2;16;Banco De Bogota S.A.;8600029644;2;1;1;1;2;4;102;0;2012720000
119133;1;2;16;Banco De Bogota S.A.;8600029644;2;1;1;1;2;4;27;0;2505425000
119133;1;2;16;Banco De Bogota S.A.;8600029644;2;1;1;1;2;4;248;0;20166600000
119133;1;2;16;Banco De Bogota S.A.;8600029644;2;1;1;1;2;4;238;0;2004380000
119133;1;2;16;Banco De Bogota S.A.;8600029644;2;1;1;1;2;4;234;0;1515615000
119133;1;2;16;Banco De Bogota S.A.;8600029644;2;1;1;1;2;4;142;0;1028940000
119133;1;2;16;Banco De Bogota S.A.;8600029644;2;1;1;1;2;4;351;0;1066280000
119133;1;2;16;Banco De Bogota S.A.;8600029644;2;1;1;1;2;4;151;0;5053400000
119133;1;2;16;Banco De Bogota S.A.;8600029644;2;1;1;1;2;4;259;0;5040300000
119133;1;2;16;Banco De Bogota S.A.;8600029644;2;1;1;1;2;4;103;0;2049060000
119133;1;2;16;Banco De Bogota S.A.;8600029644;2;1;1;1;2;4;103;0;1024530000
119133;1;2;16;Banco De Bogota S.A.;8600029644;2;1;1;1;2;4;163;0;8200160000
119133;1;2;16;Banco De Bogota S.A.;8600029644;2;1;1;1;2;1;433;0;2530125000
119133;1;2;16;Banco De Bogota S.A.;8600029644;2;1;1;1;2;4;112;0;7154000000
119133;1;2;16;Banco De Bogota S.A.;8600029644;2;1;1;1;2;4;129;0;4130760000
119133;1;2;16;Banco De Bogota S.A.;8600029644;2;1;1;1;2;4;259;0;5040300000
119133;1;2;16;Banco De Bogota S.A.;8600029644;2;1;1;1;2;4;194;0;5123900000
119133;1;2;16;Banco De Bogota S.A.;8600029644;2;1;1;1;2;4;14;0;4120920000
119133;1;2;16;Banco De Bogota S.A.;8600029644;2;1;1;1;2;4;352;0;3195450000
119133;1;2;16;Banco De Bogota S.A.;8600029644;2;1;1;1;2;4;307;0;4057400000
119133;1;2;16;Banco De Bogota S.A.;8600029644;2;1;1;1;2;4;248;0;2015300000
119133;1;2;16;Banco De Bogota S.A.;8600029644;2;1;1;1;2;4;248;0;20146200000
119133;1;2;16;Banco De Bogota S.A.;8600029644;2;1;1;1;2;4;338;0;5353900000
119133;1;2;16;Banco De Bogota S.A.;8600029644;2;1;1;1;2;4;344;0;2136500000
119133;1;2;16;Banco De Occidente S.A.;8903002794;2;1;1;1;2;4;137;0;2019100000
119133;1;2;16;Banco De Occidente S.A.;8903002794;2;1;1;1;2;4;163;0;1002130000
119133;1;2;16;Banco De Occidente S.A.;8903002794;2;1;1;1;2;4;344;0;3087330000
119133;1;2;16;Banco De Occidente S.A.;8903002794;2;1;1;1;2;4;51;0;1014870000
119133;1;2;16;Banco De Occidente S.A.;8903002794;2;1;1;1;2;1;422;0;2505975000
119133;1;2;16;Banco De Occidente S.A.;8903002794;2;1;1;1;2;1;506;0;2125640000
119133;1;2;16;Banco De Occidente S.A.;8903002794;2;1;1;1;2;4;30;0;1024150000
119133;1;2;16;Banco De Occidente S.A.;8903002794;2;1;1;1;2;4;318;0;11487630000
119133;1;2;16;Banco De Occidente S.A.;8903002794;2;1;1;1;2;4;228;0;2072560000
119133;1;2;16;Banco De Occidente S.A.;8903002794;2;1;1;1;2;4;10;0;1035110000
119133;1;2;16;Banco De Occidente S.A.;8903002794;2;1;1;1;2;1;522;0;15120450000
119133;1;2;16;Banco De Occidente S.A.;8903002794;2;1;1;1;2;1;522;0;5040150000
119133;1;2;16;Banco De Occidente S.A.;8903002794;2;1;1;1;2;1;706;0;15094200000
119133;1;2;16;Banco Gnb Sudameris S.A.;8600507501;2;1;1;1;2;4;287;0;10197200000
119133;1;2;16;Banco Popular S.A.;8600077389;2;1;1;1;2;1;522;0;3141060000
119133;1;2;16;Banco Popular S.A.;8600077389;2;1;1;1;2;4;284;0;5426500000
119133;1;2;16;Banco Popular S.A.;8600077389;2;1;1;1;2;4;151;0;2021800000
119133;1;2;16;Banco Popular S.A.;8600077389;2;1;1;1;2;1;514;0;5243300000
119133;1;2;16;Banco Popular S.A.;8600077389;2;1;1;1;2;4;26;0;3056130000
119133;1;2;16;Banco Popular S.A.;8600077389;2;1;1;1;2;1;667;0;3137790000
119133;1;2;16;Banco Popular S.A.;8600077389;2;1;1;1;2;1;514;0;1048660000
119133;1;2;16;Banco Popular S.A.;8600077389;2;1;1;1;2;4;273;0;4079200000
119133;1;2;16;Banco Popular S.A.;8600077389;2;1;1;1;2;4;117;0;4592970000
119133;1;2;16;Banco Popular S.A.;8600077389;2;1;1;1;2;4;117;0;2041320000
119133;1;2;16;Banco Popular S.A.;8600077389;2;1;1;1;2;4;207;0;5074350000
119133;1;2;16;Banco Popular S.A.;8600077389;2;1;1;1;2;1;672;0;1036090000
119133;1;2;16;Banco Popular S.A.;8600077389;2;1;1;1;2;4;329;0;2019620000
119133;1;2;16;Banco Popular S.A.;8600077389;2;1;1;1;2;4;156;0;7049630000
119133;1;2;16;Banco Popular S.A.;8600077389;2;1;1;1;2;4;296;0;3590195000
119133;1;2;16;Banco Popular S.A.;8600077389;2;1;1;1;2;4;295;0;2052080000
119133;1;2;16;Banco Popular S.A.;8600077389;2;1;1;1;2;4;85;0;11542895000
119133;1;2;16;Banco Santander De Negocios Colombia S.A.;9006281103;2;1;1;1;2;6;139;0;4019640000
119133;1;2;16;Banco Santander De Negocios Colombia S.A.;9006281103;2;1;1;1;2;6;139;0;1507365000
119133;1;2;16;Banco Santander De Negocios Colombia S.A.;9006281103;2;1;1;1;2;6;173;0;3008190000
119133;1;2;16;Banco Santander De Negocios Colombia S.A.;9006281103;2;1;1;1;2;6;204;0;2005880000
119133;1;2;16;Banco Santander De Negocios Colombia S.A.;9006281103;2;1;1;1;2;6;119;0;5172550000
119133;1;2;16;Banco Santander De Negocios Colombia S.A.;9006281103;2;1;1;1;2;6;176;0;10022600000
119133;1;2;16;Banco Santander De Negocios Colombia S.A.;9006281103;2;1;1;1;2;1;541;0;10002800000
119133;1;2;16;Banco Santander De Negocios Colombia S.A.;9006281103;2;1;1;1;2;1;545;0;4989550000
119133;1;2;16;Banco Santander De Negocios Colombia S.A.;9006281103;2;1;1;1;2;6;274;0;10241200000
119133;1;2;16;Bancolombia S.A.;8909039388;2;1;1;1;2;4;51;0;5041200000
119133;1;2;16;Bancolombia S.A.;8909039388;2;1;1;1;2;4;60;0;1005900000
119133;1;2;16;Bancolombia S.A.;8909039388;2;1;1;1;2;4;194;0;4597875000
119133;1;2;16;Bancolombia S.A.;8909039388;2;1;1;1;2;4;195;0;3064410000
119133;1;2;16;Bancolombia S.A.;8909039388;2;1;1;1;2;4;194;0;1021750000
119133;1;2;16;Bancolombia S.A.;8909039388;2;1;1;1;2;4;194;0;510875000
119133;1;2;16;Bancolombia S.A.;8909039388;2;1;1;1;2;4;22;0;4080480000
119133;1;2;16;Bancolombia S.A.;8909039388;2;1;1;1;2;1;470;0;3206640000
119133;1;2;16;Banco Caja Social;8600073354;2;1;1;1;2;4;85;0;9017190000
119133;1;2;16;Financiera De Desarrollo Territorial S.A. Findeter;8000963291;2;1;1;1;2;6;328;0;27124470000
119133;1;2;16;Financiera De Desarrollo Territorial S.A. Findeter;8000963291;2;1;1;1;2;6;216;0;10097000000
119133;1;2;16;Financiera De Desarrollo Territorial S.A. Findeter;8000963291;2;1;1;1;2;6;220;0;4026400000
119133;1;2;16;Financiera De Desarrollo Territorial S.A. Findeter;8000963291;2;1;1;1;2;6;48;0;7063140000
119133;1;2;16;Financiera De Desarrollo Territorial S.A. Findeter;8000963291;2;1;1;1;2;1;798;0;1007440000
119133;1;2;16;Financiera De Desarrollo Territorial S.A. Findeter;8000963291;2;1;1;1;2;1;798;0;2014880000
119133;1;2;16;Financiera De Desarrollo Territorial S.A. Findeter;8000963291;2;1;1;1;2;6;261;0;5008450000
119133;1;2;16;Financiera De Desarrollo Territorial S.A. Findeter;8000963291;2;1;1;1;2;6;181;0;9980900000
119133;1;2;16;Financiera De Desarrollo Territorial S.A. Findeter;8000963291;2;1;1;1;2;6;279;0;10186900000
119133;1;2;16;Financiera De Desarrollo Territorial S.A. Findeter;8000963291;2;1;1;1;2;6;285;0;5085100000
119133;1;2;16;Financiera De Desarrollo Territorial S.A. Findeter;8000963291;2;1;1;1;2;1;567;0;5051500000
119133;1;2;16;Financiera De Desarrollo Territorial S.A. Findeter;8000963291;2;1;1;1;2;6;282;0;7125020000
119133;1;2;16;Financiera De Desarrollo Territorial S.A. Findeter;8000963291;2;1;1;1;2;1;573;0;3026490000
119133;1;2;16;Financiera De Desarrollo Territorial S.A. Findeter;8000963291;2;1;1;1;2;1;574;0;3529890000
119133;1;2;16;Financiera De Desarrollo Territorial S.A. Findeter;8000963291;2;1;1;1;2;6;236;0;10070300000
119133;1;2;16;Financiera De Desarrollo Territorial S.A. Findeter;8000963291;2;1;1;1;2;6;292;0;5077750000
119133;1;2;16;Financiera De Desarrollo Territorial S.A. Findeter;8000963291;2;1;1;1;2;1;560;0;3039300000
119133;1;2;16;Financiera De Desarrollo Territorial S.A. Findeter;8000963291;2;1;1;1;2;1;442;0;4049160000
119133;1;2;16;Financiera De Desarrollo Territorial S.A. Findeter;8000963291;2;1;1;1;2;6;35;0;2031500000
119133;1;2;16;Financiera De Desarrollo Territorial S.A. Findeter;8000963291;2;1;1;1;2;6;36;0;2030980000
119133;1;2;16;Financiera De Desarrollo Territorial S.A. Findeter;8000963291;2;1;1;1;2;6;91;0;2086600000
119133;1;2;16;Financiera De Desarrollo Territorial S.A. Findeter;8000963291;2;1;1;1;2;1;443;0;5060100000
119133;1;2;16;Financiera De Desarrollo Territorial S.A. Findeter;8000963291;2;1;1;1;2;1;446;0;5056000000
119133;1;2;16;Financiera De Desarrollo Territorial S.A. Findeter;8000963291;2;1;1;1;2;1;446;0;1011200000
119133;1;2;16;Financiera De Desarrollo Territorial S.A. Findeter;8000963291;2;1;1;1;2;1;443;0;2024040000
119133;1;2;16;Financiera De Desarrollo Territorial S.A. Findeter;8000963291;2;1;1;1;2;6;140;0;1522785000
119133;1;2;16;Financiera De Desarrollo Territorial S.A. Findeter;8000963291;2;1;1;1;2;1;440;0;1519275000
119133;1;2;16;Financiera De Desarrollo Territorial S.A. Findeter;8000963291;2;1;1;1;2;6;55;0;10111100000
119133;1;2;7;Banco De La Republica;8600052167;2;1;1;1;4;9;200;0;4766950000
119133;1;2;7;Banco De La Republica;8600052167;2;1;1;1;4;9;18;0;1493400000
119133;1;2;7;Banco De La Republica;8600052167;2;1;1;1;4;9;18;0;497800000
119133;1;2;7;Banco De La Republica;8600052167;2;1;1;1;4;9;18;0;2986800000
119133;1;2;7;Banco De La Republica;8600052167;2;1;1;1;4;9;18;0;4978000000
119133;1;2;7;Banco De La Republica;8600052167;2;1;1;1;4;9;18;0;4978000000
119133;1;2;10;Banco De La Republica;8600052167;2;1;1;1;4;9;992;0;4630500000
119133;1;2;10;Banco De La Republica;8600052167;2;1;1;1;4;9;992;0;4630500000
119133;1;2;10;Banco De La Republica;8600052167;2;1;1;1;4;9;1169;0;3760600000
119133;1;2;10;Banco De La Republica;8600052167;2;1;1;1;4;9;1169;0;4700750000
119133;1;2;10;Banco De La Republica;8600052167;2;1;1;1;4;9;1169;0;4700750000
119133;1;2;10;Banco De La Republica;8600052167;2;1;1;1;4;9;1169;0;940150000
119133;1;2;10;Banco De La Republica;8600052167;2;1;1;1;4;9;1169;0;2820450000
119133;1;2;10;Banco De La Republica;8600052167;2;1;1;1;4;9;761;0;5725650409
119133;1;2;10;Banco De La Republica;8600052167;2;1;1;1;4;9;761;0;1526840109
119133;1;2;10;Banco De La Republica;8600052167;2;1;1;1;4;9;761;0;381710027
119133;1;2;10;Banco De La Republica;8600052167;2;1;1;1;4;9;761;0;3817100273
119133;1;2;10;Banco De La Republica;8600052167;2;1;1;1;4;9;761;0;1908550136
119133;1;2;10;Banco De La Republica;8600052167;2;1;1;1;4;9;761;0;1908550136
119133;1;2;10;Banco De La Republica;8600052167;2;1;1;1;4;9;761;0;7634200546
119133;1;2;10;Banco De La Republica;8600052167;2;1;1;1;4;9;761;0;1908550136
119133;1;2;16;Banco Colpatria Multibanca Colpatria S.A.;8600345941;2;1;1;1;2;4;220;0;2030920000
119133;1;2;16;Banco Colpatria Multibanca Colpatria S.A.;8600345941;2;1;1;1;2;4;179;0;10012400000
119133;1;2;16;Banco Colpatria Multibanca Colpatria S.A.;8600345941;2;1;1;1;2;4;180;0;2001500000
119133;1;2;16;Banco Colpatria Multibanca Colpatria S.A.;8600345941;2;1;1;1;2;4;145;0;15150150000
119133;1;2;16;Banco Colpatria Multibanca Colpatria S.A.;8600345941;2;1;1;1;2;1;707;0;18123120000
119133;1;2;16;Banco Colpatria Multibanca Colpatria S.A.;8600345941;2;1;1;1;2;1;837;0;11855580000
119133;1;2;16;Banco Colpatria Multibanca Colpatria S.A.;8600345941;2;1;1;1;2;4;350;0;15069600000
119133;2;1;0;Banco Itaú S.A;8909039370;0;0;0;0;0;0;0;0;11003533161,00
119133;2;1;0;Banco Itaú S.A;8909039370;0;0;0;0;0;0;0;0;66416170,00
119133;2;2;0;Bancolombia S.A.;8909039388;0;0;0;0;0;0;0;0;8085485741,00
119133;2;2;0;Banco De Bogota S.A.;8600029644;0;0;0;0;0;0;0;0;19280,00
119133;2;2;0;Banco Davivienda S.A.;8600343137;0;0;0;0;0;0;0;0;5902,00
119133;2;2;0;Bbva Colombia S.A.;8600030201;0;0;0;0;0;0;0;0;145148,00
119133;2;2;0;Banco De Occidente S.A.;8903002794;0;0;0;0;0;0;0;0;101268,00
119133;2;2;0;Banco Agrario De Colombia S.A;8000378008;0;0;0;0;0;0;0;0;1163330,00
119133;2;2;0;Banco Agrario De Colombia S.A;8000378008;0;0;0;0;0;0;0;0;32418765,00
119133;2;2;0;Banco Colpatria Multibanca Colpatria S.A.;8600345941;0;0;0;0;0;0;0;0;217418,00
119133;2;2;0;Banco Popular S.A.;8600077389;0;0;0;0;0;0;0;0;117850308,00
119133;2;2;0;Banco Av Villas S.A.;8600358275;0;0;0;0;0;0;0;0;577733,00
119133;2;2;0;Banco Itaú S.A;8909039370;0;0;0;0;0;0;0;0;130999000000,00
119133;2;2;0;Citibank Colombia S.A.;8600511354;0;0;0;0;0;0;0;0;236790,00
119133;2;2;0;Banco Gnb Sudameris S.A.;8600507501;0;0;0;0;0;0;0;0;1835821,00
119133;2;2;0;Bancolombia S.A.;8909039388;0;0;0;0;0;0;0;0;1510052807,00
119133;2;2;0;Banco De Bogota S.A.;8600029644;0;0;0;0;0;0;0;0;600734323,00
119133;2;2;0;Banco Davivienda S.A.;8600343137;0;0;0;0;0;0;0;0;928258012,00
119133;2;2;0;Banco Agrario De Colombia S.A;8000378008;0;0;0;0;0;0;0;0;4014453005,00
119133;2;2;0;Banco Colpatria Multibanca Colpatria S.A.;8600345941;0;0;0;0;0;0;0;0;41647355,00
119133;2;2;0;Banco Av Villas S.A.;8600358275;0;0;0;0;0;0;0;0;33251143,00
119133;2;2;0;Banco Gnb Sudameris S.A.;8600507501;0;0;0;0;0;0;0;0;4599754942,00
119133;2;2;0;Bbva Colombia S.A.;8600030201;0;0;0;0;0;0;0;0;791701,00
119133;2;1;0;Banco Itaú S.A;8909039370;0;0;0;0;0;0;0;0;119348617,00
119133;2;1;0;Banco Itaú S.A;8909039370;0;0;0;0;0;0;0;0;1120334179,00
119133;2;2;0;Banco De Bogota S.A.;8600029644;0;0;0;0;0;0;0;0;23784125447,00
119133;2;2;0;Banco Colpatria Multibanca Colpatria S.A.;8600345941;0;0;0;0;0;0;0;0;62059166742,00
119133;2;2;0;Banco Av Villas S.A.;8600358275;0;0;0;0;0;0;0;0;2506599860,00
119133;2;1;0;Banco Itaú S.A;8909039370;0;0;0;0;0;0;0;0;14183708021,00
119133;2;2;0;Banco De Occidente S.A.;8903002794;0;0;0;0;0;0;0;0;813249,00
119133;2;2;0;Citibank Colombia S.A.;8600511354;0;0;0;0;0;0;0;0;492250,00
119133;2;2;0;Banco De Comercio Ext. De Colombia S.A. Bancoldex;8001499236;0;0;0;0;0;0;0;0;23521432504,00
119133;2;2;0;Citibank Colombia S.A.;8600511354;0;0;0;0;0;0;0;0;7820605169,00
119133;2;2;0;Banco De Occidente S.A.;8903002794;0;0;0;0;0;0;0;0;43623334115,00
119133;2;2;0;Jpmorgan Corporacion Financiera S.A;9001143468;0;0;0;0;0;0;0;0;23537515548,00
119133;2;2;0;Banco Davivienda S.A.;8600343137;0;0;0;0;0;0;0;0;3429002562,00
119133;2;2;0;Bancolombia S.A.;8909039388;0;0;0;0;0;0;0;0;47720,00
119133;2;2;0;Banco Caja Social;8600073354;0;0;0;0;0;0;0;0;5947,00
119133;2;2;0;Banco Caja Social;8600073354;0;0;0;0;0;0;0;0;170975,00
119133;2;2;0;Banco Caja Social;8600073354;0;0;0;0;0;0;0;0;1739387747,00
119133;2;2;0;Banco Popular S.A.;8600077389;0;0;0;0;0;0;0;0;3177165983,00
119133;2;2;0;Bbva Colombia S.A.;8600030201;0;0;0;0;0;0;0;0;5241016215,00
119144;1;2;16;Banco Av Villas S.A.;8600358275;2;1;1;1;2;4;51;0;5016750000
119144;1;2;16;Banco Av Villas S.A.;8600358275;2;1;1;1;2;4;330;0;3008100000
119144;1;2;16;Banco Av Villas S.A.;8600358275;2;1;1;1;2;1;527;0;1048120000
119144;1;2;16;Banco Av Villas S.A.;8600358275;2;1;1;1;2;4;284;0;1019630000
119144;1;2;16;Banco Av Villas S.A.;8600358275;2;1;1;1;2;4;47;0;2022480000
119144;1;2;16;Bbva Colombia S.A.;8600030201;2;1;1;1;2;6;104;0;2011620000
119144;1;2;16;Bbva Colombia S.A.;8600030201;2;1;1;1;2;6;46;0;506555000
119144;1;2;16;Bbva Colombia S.A.;8600030201;2;1;1;1;2;6;4;0;1021540000
119144;1;2;16;Bbva Colombia S.A.;8600030201;2;1;1;1;2;6;332;0;1073330000
119144;1;2;16;Bbva Colombia S.A.;8600030201;2;1;1;1;2;1;913;0;2903640000
119144;1;2;16;Bbva Colombia S.A.;8600030201;2;1;1;1;2;1;474;0;2028040000
119144;1;2;16;Bbva Colombia S.A.;8600030201;2;1;1;1;2;1;948;0;953820000
119144;1;2;16;Bbva Colombia S.A.;8600030201;2;1;1;1;2;1;409;0;1007070000
119144;1;2;16;Bbva Colombia S.A.;8600030201;2;1;1;1;2;6;332;0;7446100000
119144;1;2;16;Bbva Colombia S.A.;8600030201;2;1;1;1;2;1;638;0;1989440000
119144;1;2;16;Bbva Colombia S.A.;8600030201;2;1;1;1;2;1;643;0;3046440000
119144;1;2;16;Bbva Colombia S.A.;8600030201;2;1;1;1;2;6;336;0;3044970000
119144;1;2;16;Bbva Colombia S.A.;8600030201;2;1;1;1;2;6;299;0;2019480000
119144;1;2;16;Bbva Colombia S.A.;8600030201;2;1;1;1;2;1;898;0;2121200000
119144;1;2;16;Bbva Colombia S.A.;8600030201;2;1;1;1;2;1;441;0;4172320000
119144;1;2;16;Bbva Colombia S.A.;8600030201;2;1;1;1;2;1;760;0;1009510000
119144;1;2;16;Bbva Colombia S.A.;8600030201;2;1;1;1;2;1;388;0;1525560000
119144;1;2;16;Bbva Colombia S.A.;8600030201;2;1;1;1;2;1;387;0;1526745000
119144;1;2;16;Banco BTG Pactual Colombia S.A.;9014915510;2;1;1;1;2;6;384;0;2034280000
119144;1;2;16;Banco Davivienda S.A.;8600343137;2;1;1;1;2;4;103;0;3016800000
119144;1;2;16;Banco Davivienda S.A.;8600343137;2;1;1;1;2;4;342;0;5048250000
119144;1;2;16;Banco Davivienda S.A.;8600343137;2;1;1;1;2;4;240;0;3003870000
119144;1;2;16;Banco Davivienda S.A.;8600343137;2;1;1;1;2;4;221;0;3022800000
119144;1;2;16;Banco Davivienda S.A.;8600343137;2;1;1;1;2;4;141;0;3088950000
119144;1;2;16;Banco Davivienda S.A.;8600343137;2;1;1;1;2;1;623;0;5266050000
119144;1;2;16;Banco Davivienda S.A.;8600343137;2;1;1;1;2;1;457;0;3217770000
119144;1;2;16;Banco Davivienda S.A.;8600343137;2;1;1;1;2;4;203;0;1016960000
119144;1;2;16;Banco Davivienda S.A.;8600343137;2;1;1;1;2;4;191;0;2104040000
119144;1;2;16;Banco Davivienda S.A.;8600343137;2;1;1;1;2;1;963;0;2270580000
119144;1;2;16;Banco Davivienda S.A.;8600343137;2;1;1;1;2;4;169;0;2009560000
119144;1;2;16;Banco Davivienda S.A.;8600343137;2;1;1;1;2;4;87;0;2013200000
119144;1;2;16;Banco Davivienda S.A.;8600343137;2;1;1;1;2;4;111;0;1037580000
119144;1;2;16;Banco Davivienda S.A.;8600343137;2;1;1;1;2;4;218;0;2031980000
119144;1;2;16;Banco Davivienda S.A.;8600343137;2;1;1;1;2;4;199;0;1042230000
119144;1;2;16;Banco Davivienda S.A.;8600343137;2;1;1;1;2;1;1246;0;2674625000
119144;1;2;16;Banco Davivienda S.A.;8600343137;2;1;1;1;2;1;583;0;2511650000
119144;1;2;16;Banco De Bogota S.A.;8600029644;2;1;1;1;2;4;97;0;2022420000
119144;1;2;16;Banco De Bogota S.A.;8600029644;2;1;1;1;2;4;102;0;1006360000
119144;1;2;16;Banco De Bogota S.A.;8600029644;2;1;1;1;2;4;238;0;1003160000
119144;1;2;16;Banco De Bogota S.A.;8600029644;2;1;1;1;2;1;724;0;2060940000
119144;1;2;16;Banco De Bogota S.A.;8600029644;2;1;1;1;2;4;339;0;2139320000
119144;1;2;16;Banco De Bogota S.A.;8600029644;2;1;1;1;2;4;146;0;3036030000
119144;1;2;16;Banco De Bogota S.A.;8600029644;2;1;1;1;2;4;129;0;1032690000
119144;1;2;16;Banco De Bogota S.A.;8600029644;2;1;1;1;2;4;186;0;1027280000
119144;1;2;16;Banco De Bogota S.A.;8600029644;2;1;1;1;2;4;224;0;1044690000
119144;1;2;16;Banco De Bogota S.A.;8600029644;2;1;1;1;2;4;129;0;1549035000
119144;1;2;16;Banco De Occidente S.A.;8903002794;2;1;1;1;2;4;257;0;1534080000
119144;1;2;16;Banco De Occidente S.A.;8903002794;2;1;1;1;2;1;396;0;3038190000
119144;1;2;16;Banco De Occidente S.A.;8903002794;2;1;1;1;2;1;506;0;2125640000
119144;1;2;16;Banco De Occidente S.A.;8903002794;2;1;1;1;2;4;137;0;1514325000
119144;1;2;16;Banco De Occidente S.A.;8903002794;2;1;1;1;2;4;98;0;1034140000
119144;1;2;16;Banco De Occidente S.A.;8903002794;2;1;1;1;2;4;250;0;3034380000
119144;1;2;16;Banco De Occidente S.A.;8903002794;2;1;1;1;2;1;522;0;5040150000
119144;1;2;16;Banco De Occidente S.A.;8903002794;2;1;1;1;2;4;96;0;5127950000
119144;1;2;16;Banco Gnb Sudameris S.A.;8600507501;2;1;1;1;2;4;74;0;5012200000
119144;1;2;16;Banco Popular S.A.;8600077389;2;1;1;1;2;1;431;0;1044850000
119144;1;2;16;Banco Popular S.A.;8600077389;2;1;1;1;2;1;638;0;2065840000
119144;1;2;16;Banco Popular S.A.;8600077389;2;1;1;1;2;4;186;0;1027960000
119144;1;2;16;Banco Popular S.A.;8600077389;2;1;1;1;2;4;246;0;4134600000
119144;1;2;16;Banco Popular S.A.;8600077389;2;1;1;1;2;4;187;0;2046540000
119144;1;2;16;Banco Popular S.A.;8600077389;2;1;1;1;2;4;273;0;3059400000
119144;1;2;16;Banco Santander De Negocios Colombia S.A.;9006281103;2;1;1;1;2;6;139;0;2009820000
119144;1;2;16;Banco Santander De Negocios Colombia S.A.;9006281103;2;1;1;1;2;6;192;0;2099520000
119144;1;2;16;Bancolombia S.A.;8909039388;2;1;1;1;2;4;194;0;5108750000
119144;1;2;16;Bancolombia S.A.;8909039388;2;1;1;1;2;1;901;0;1910460000
119144;1;2;16;Bancolombia S.A.;8909039388;2;1;1;1;2;4;195;0;1532205000
119144;1;2;16;Bancolombia S.A.;8909039388;2;1;1;1;2;1;799;0;960830000
119144;1;2;16;Bancolombia S.A.;8909039388;2;1;1;1;2;1;511;0;1018810000
119144;1;2;34;Correval S.A.;8600681825;2;1;1;1;2;6;0;0;1002502000
119144;1;2;16;Financiera De Desarrollo Territorial S.A. Findeter;8000963291;2;1;1;1;2;6;328;0;7032270000
119144;1;2;16;Financiera De Desarrollo Territorial S.A. Findeter;8000963291;2;1;1;1;2;6;48;0;2018040000
119144;1;2;16;Financiera De Desarrollo Territorial S.A. Findeter;8000963291;2;1;1;1;2;1;680;0;2022520000
119144;1;2;16;Financiera De Desarrollo Territorial S.A. Findeter;8000963291;2;1;1;1;2;1;798;0;3022320000
119144;1;2;16;Financiera De Desarrollo Territorial S.A. Findeter;8000963291;2;1;1;1;2;6;279;0;5093450000
119144;1;2;16;Financiera De Desarrollo Territorial S.A. Findeter;8000963291;2;1;1;1;2;6;282;0;3053580000
119144;1;2;16;Financiera De Desarrollo Territorial S.A. Findeter;8000963291;2;1;1;1;2;6;289;0;5081950000
119144;1;2;16;Financiera De Desarrollo Territorial S.A. Findeter;8000963291;2;1;1;1;2;1;560;0;2026200000
119144;1;2;16;Financiera De Desarrollo Territorial S.A. Findeter;8000963291;2;1;1;1;2;6;163;0;1263610000
119144;1;2;16;Financiera De Desarrollo Territorial S.A. Findeter;8000963291;2;1;1;1;2;6;139;0;2031360000
119144;1;2;10;Banco De La Republica;8600052167;2;1;1;1;4;9;992;0;463050000
119144;1;2;10;Banco De La Republica;8600052167;2;1;1;1;4;9;4163;0;347710000
119144;1;2;10;Banco De La Republica;8600052167;2;1;1;1;4;9;4163;0;347710000
119144;1;2;10;Banco De La Republica;8600052167;2;1;1;1;4;9;4163;0;695420000
119144;1;2;10;Banco De La Republica;8600052167;2;1;1;1;4;9;1169;0;3760600000
119144;1;2;10;Banco De La Republica;8600052167;2;1;1;1;4;9;1169;0;2820450000
119144;1;2;10;Banco De La Republica;8600052167;2;1;1;1;4;9;1169;0;940150000
119144;1;2;10;Banco De La Republica;8600052167;2;1;1;1;4;9;1169;0;940150000
119144;1;2;10;Banco De La Republica;8600052167;2;1;1;1;4;9;761;0;1908550136
119144;1;2;10;Banco De La Republica;8600052167;2;1;1;1;4;9;761;0;1908550136
119144;1;2;10;Banco De La Republica;8600052167;2;1;1;1;4;9;761;0;1908550136
119144;1;2;10;Banco De La Republica;8600052167;2;1;1;1;4;9;761;0;1908550136
119144;1;2;10;Banco De La Republica;8600052167;2;1;1;1;4;9;761;0;1908550136
119144;1;2;10;Banco De La Republica;8600052167;2;1;1;1;4;9;761;0;7634200546
119144;1;2;16;Banco Colpatria Multibanca Colpatria S.A.;8600345941;2;1;1;1;2;4;32;0;1010230000
119144;1;2;16;Banco Colpatria Multibanca Colpatria S.A.;8600345941;2;1;1;1;2;4;4;0;1021540000
119144;1;2;16;Banco Colpatria Multibanca Colpatria S.A.;8600345941;2;1;1;1;2;1;853;0;1086210000
119144;1;2;16;Banco Colpatria Multibanca Colpatria S.A.;8600345941;2;1;1;1;2;4;306;0;5110900000
119144;1;2;16;Banco Colpatria Multibanca Colpatria S.A.;8600345941;2;1;1;1;2;4;180;0;2501875000
119144;1;2;16;Banco Colpatria Multibanca Colpatria S.A.;8600345941;2;1;1;1;2;1;707;0;8054720000
119144;2;2;0;Banco Itaú S.A;8909039370;0;0;0;0;0;0;0;0;7756165303
119144;2;2;0;Citibank Colombia S.A.;8600511354;0;0;0;0;0;0;0;0;2037016125
119144;2;2;0;Citibank Colombia S.A.;8600511354;0;0;0;0;0;0;0;0;16076
119144;2;2;0;Banco Gnb Sudameris S.A.;8600507501;0;0;0;0;0;0;0;0;7172059080
119144;2;2;0;Banco Gnb Sudameris S.A.;8600507501;0;0;0;0;0;0;0;0;27797
119144;2;1;0;Banco Itaú S.A;8909039370;0;0;0;0;0;0;0;0;9979999647
119144;2;1;0;Banco Itaú S.A;8909039370;0;0;0;0;0;0;0;0;10385802
119144;2;1;0;Banco Itaú S.A;8909039370;0;0;0;0;0;0;0;0;532144623
119144;2;2;0;Bancolombia S.A.;8909039388;0;0;0;0;0;0;0;0;107364
119144;2;2;0;Bancolombia S.A.;8909039388;0;0;0;0;0;0;0;0;3749822433
119144;2;2;0;Banco De Bogota S.A.;8600029644;0;0;0;0;0;0;0;0;72669
119144;2;2;0;Banco De Bogota S.A.;8600029644;0;0;0;0;0;0;0;0;4573600379
119144;2;2;0;Banco Davivienda S.A.;8600343137;0;0;0;0;0;0;0;0;1557145849
119144;2;2;0;Bbva Colombia S.A.;8600030201;0;0;0;0;0;0;0;0;285809
119144;2;2;0;Bbva Colombia S.A.;8600030201;0;0;0;0;0;0;0;0;2500507658
119144;2;2;0;Banco De Occidente S.A.;8903002794;0;0;0;0;0;0;0;0;23951
119144;2;2;0;Banco De Occidente S.A.;8903002794;0;0;0;0;0;0;0;0;13510145600
119144;2;2;0;Banco Agrario De Colombia S.A;8000378008;0;0;0;0;0;0;0;0;108820
119144;2;2;0;Banco Agrario De Colombia S.A;8000378008;0;0;0;0;0;0;0;0;3471335027
119144;2;2;0;Banco Colpatria Multibanca Colpatria S.A.;8600345941;0;0;0;0;0;0;0;0;274579
119144;2;2;0;Banco Colpatria Multibanca Colpatria S.A.;8600345941;0;0;0;0;0;0;0;0;8927285051
119144;2;2;0;Banco Caja Social;8600073354;0;0;0;0;0;0;0;0;309919
119144;2;2;0;Banco Caja Social;8600073354;0;0;0;0;0;0;0;0;1302731536
119144;2;2;0;Banco Popular S.A.;8600077389;0;0;0;0;0;0;0;0;1856018472
119144;2;2;0;Banco Av Villas S.A.;8600358275;0;0;0;0;0;0;0;0;116323
119144;2;2;0;Banco Av Villas S.A.;8600358275;0;0;0;0;0;0;0;0;2299320080
119144;2;1;0;Banco Itaú S.A;8909039370;0;0;0;0;0;0;0;0;2789034325
119158;1;2;34;Banco Davivienda S.A.;8600343137;2;1;1;1;2;Acciones  ;0;0;414480
119158;1;2;34;Banco Davivienda S.A.;8600343137;2;1;1;1;2;Acciones  ;0;0;4954920
119158;1;2;34;Banco Davivienda S.A.;8600343137;2;1;1;1;2;Acciones  ;0;0;6123000
119158;1;2;34;Banco Davivienda S.A.;8600343137;2;1;1;1;2;Acciones  ;0;0;433320
119158;1;2;34;Banco Davivienda S.A.;8600343137;2;1;1;1;2;Acciones  ;0;0;584040
119158;1;2;34;Banco Davivienda S.A.;8600343137;2;1;1;1;2;Acciones  ;0;0;2656440
119158;1;2;34;Banco Davivienda S.A.;8600343137;2;1;1;1;2;Acciones  ;0;0;1149240
119158;1;2;34;Banco Davivienda S.A.;8600343137;2;1;1;1;2;Acciones  ;0;0;1620240
119158;1;2;34;Banco Davivienda S.A.;8600343137;2;1;1;1;2;Acciones  ;0;0;810120
119158;1;2;34;Banco Davivienda S.A.;8600343137;2;1;1;1;2;Acciones  ;0;0;810120
119158;1;2;34;Banco Davivienda S.A.;8600343137;2;1;1;1;2;Acciones  ;0;0;17898000
119158;1;2;34;Banco Davivienda S.A.;8600343137;2;1;1;1;2;Acciones  ;0;0;22608000
119158;1;2;34;Banco Davivienda S.A.;8600343137;2;1;1;1;2;Acciones  ;0;0;24492000
119158;1;2;34;Banco Davivienda S.A.;8600343137;2;1;1;1;2;Acciones  ;0;0;7536000
119158;1;2;34;Banco Davivienda S.A.;8600343137;2;1;1;1;2;Acciones  ;0;0;3956400
119158;1;2;34;Banco Davivienda S.A.;8600343137;2;1;1;1;2;Acciones  ;0;0;24492000
119158;1;2;34;Banco Davivienda S.A.;8600343137;2;1;1;1;2;Acciones  ;0;0;8101200
119158;1;2;34;Banco Davivienda S.A.;8600343137;2;1;1;1;2;Acciones  ;0;0;4427400
119158;1;2;34;Banco Davivienda S.A.;8600343137;2;1;1;1;2;Acciones  ;0;0;4710000
119158;1;2;34;Banco Davivienda S.A.;8600343137;2;1;1;1;2;Acciones  ;0;0;4710000
119158;1;2;34;Banco Davivienda S.A.;8600343137;2;1;1;1;2;Acciones  ;0;0;10173600
119158;1;2;34;Banco Davivienda S.A.;8600343137;2;1;1;1;2;Acciones  ;0;0;13188000
119158;1;2;34;Banco Davivienda S.A.;8600343137;2;1;1;1;2;Acciones  ;0;0;10362000
119158;1;2;34;Banco Davivienda S.A.;8600343137;2;1;1;1;2;Acciones  ;0;0;12603960
119158;1;2;34;Banco Davivienda S.A.;8600343137;2;1;1;1;2;Acciones  ;0;0;4352040
119158;1;2;34;Banco Davivienda S.A.;8600343137;2;1;1;1;2;Acciones  ;0;0;18840000
119158;1;2;34;Banco Davivienda S.A.;8600343137;2;1;1;1;2;Acciones  ;0;0;11304000
119158;1;2;34;Banco De Bogota S.A.;8600029644;2;1;1;1;2;Acciones  ;0;0;671140
119158;1;2;34;Banco De Bogota S.A.;8600029644;2;1;1;1;2;Acciones  ;0;0;408520
119158;1;2;34;Banco De Bogota S.A.;8600029644;2;1;1;1;2;Acciones  ;0;0;992120
119158;1;2;34;Banco De Bogota S.A.;8600029644;2;1;1;1;2;Acciones  ;0;0;13627060
119158;1;2;34;Banco De Bogota S.A.;8600029644;2;1;1;1;2;Acciones  ;0;0;379340
119158;1;2;34;Banco De Bogota S.A.;8600029644;2;1;1;1;2;Acciones  ;0;0;5777640
119158;1;2;34;Banco De Bogota S.A.;8600029644;2;1;1;1;2;Acciones  ;0;0;729500
119158;1;2;34;Banco De Bogota S.A.;8600029644;2;1;1;1;2;Acciones  ;0;0;1984240
119158;1;2;34;Banco De Bogota S.A.;8600029644;2;1;1;1;2;Acciones  ;0;0;641960
119158;1;2;34;Banco De Bogota S.A.;8600029644;2;1;1;1;2;Acciones  ;0;0;525240
119158;1;2;34;Banco De Bogota S.A.;8600029644;2;1;1;1;2;Acciones  ;0;0;1021300
119158;1;2;34;Banco De Bogota S.A.;8600029644;2;1;1;1;2;Acciones  ;0;0;175080
119158;1;2;34;Banco De Bogota S.A.;8600029644;2;1;1;1;2;Acciones  ;0;0;1955060
119158;1;2;34;Banco De Bogota S.A.;8600029644;2;1;1;1;2;Acciones  ;0;0;175080
119158;1;2;34;Banco De Bogota S.A.;8600029644;2;1;1;1;2;Acciones  ;0;0;2130140
119158;1;2;34;Banco De Bogota S.A.;8600029644;2;1;1;1;2;Acciones  ;0;0;2655380
119158;1;2;34;Banco De Bogota S.A.;8600029644;2;1;1;1;2;Acciones  ;0;0;204260
119158;1;2;34;Banco De Bogota S.A.;8600029644;2;1;1;1;2;Acciones  ;0;0;262620
119158;1;2;34;Banco De Bogota S.A.;8600029644;2;1;1;1;2;Acciones  ;0;0;1196380
119158;1;2;34;Banco De Bogota S.A.;8600029644;2;1;1;1;2;Acciones  ;0;0;525240
119158;1;2;34;Banco De Bogota S.A.;8600029644;2;1;1;1;2;Acciones  ;0;0;817040
119158;1;2;34;Banco De Bogota S.A.;8600029644;2;1;1;1;2;Acciones  ;0;0;408520
119158;1;2;34;Bancolombia S.A.;8909039388;2;1;1;1;2;Acciones  ;0;0;269615800
119158;1;2;34;Bancolombia S.A.;8909039388;2;1;1;1;2;Acciones  ;0;0;33506800
119158;1;2;34;Bancolombia S.A.;8909039388;2;1;1;1;2;Acciones  ;0;0;94612400
119158;1;2;34;Bancolombia S.A.;8909039388;2;1;1;1;2;Acciones  ;0;0;18652400
119158;1;2;34;Bancolombia S.A.;8909039388;2;1;1;1;2;Acciones  ;0;0;15740600
119158;1;2;34;Bancolombia S.A.;8909039388;2;1;1;1;2;Acciones  ;0;0;31017000
119158;1;2;34;Bancolombia S.A.;8909039388;2;1;1;1;2;Acciones  ;0;0;5486000
119158;1;2;34;Bancolombia S.A.;8909039388;2;1;1;1;2;Acciones  ;0;0;16880000
119158;1;2;34;Bancolombia S.A.;8909039388;2;1;1;1;2;Acciones  ;0;0;4346600
119158;1;2;34;Bancolombia S.A.;8909039388;2;1;1;1;2;Acciones  ;0;0;3080600
119158;1;2;34;Bancolombia S.A.;8909039388;2;1;1;1;2;Acciones  ;0;0;4937400
119158;1;2;34;Bancolombia S.A.;8909039388;2;1;1;1;2;Acciones  ;0;0;61232200
119158;1;2;34;Bancolombia S.A.;8909039388;2;1;1;1;2;Acciones  ;0;0;5443800
119158;1;2;34;Bancolombia S.A.;8909039388;2;1;1;1;2;Acciones  ;0;0;66549400
119158;1;2;34;Bancolombia S.A.;8909039388;2;1;1;1;2;Acciones  ;0;0;82458800
119158;1;2;34;Bancolombia S.A.;8909039388;2;1;1;1;2;Acciones  ;0;0;5697000
119158;1;2;34;Bancolombia S.A.;8909039388;2;1;1;1;2;Acciones  ;0;0;8060200
119158;1;2;34;Bancolombia S.A.;8909039388;2;1;1;1;2;Acciones  ;0;0;37389200
119158;1;2;34;Bancolombia S.A.;8909039388;2;1;1;1;2;Acciones  ;0;0;16078200
119158;1;2;34;Bancolombia S.A.;8909039388;2;1;1;1;2;Acciones  ;0;0;25109000
119158;1;2;34;Bancolombia S.A.;8909039388;2;1;1;1;2;Acciones  ;0;0;13926000
119158;1;2;34;Bancolombia S.A.;8909039388;2;1;1;1;2;Acciones  ;0;0;14010400
119158;1;2;34;Bancolombia S.A.;8909039388;2;1;1;1;2;Acciones  ;0;0;22366000
119158;1;2;34;Bancolombia S.A.;8909039388;2;1;1;1;2;Acciones  ;0;0;4009000
119158;1;2;34;Bancolombia S.A.;8909039388;2;1;1;1;2;Acciones  ;0;0;17091000
119158;1;2;34;Bancolombia S.A.;8909039388;2;1;1;1;2;Acciones  ;0;0;17513000
119158;1;2;34;Bancolombia S.A.;8909039388;2;1;1;1;2;Acciones  ;0;0;8440000
119158;1;2;34;Bancolombia S.A.;8909039388;2;1;1;1;2;Acciones  ;0;0;42200000
119158;1;2;34;Bancolombia S.A.;8909039388;2;1;1;1;2;Acciones  ;0;0;7596000
119158;1;2;34;Bancolombia S.A.;8909039388;2;1;1;1;2;Acciones  ;0;0;4642000
119158;1;2;34;Bancolombia S.A.;8909039388;2;1;1;1;2;Acciones  ;0;0;21100000
119158;1;2;34;Bancolombia S.A.;8909039388;2;1;1;1;2;Acciones  ;0;0;31650000
119158;1;2;34;Bancolombia S.A.;8909039388;2;1;1;1;2;Acciones  ;0;0;32072000
119158;1;2;34;Bancolombia S.A.;8909039388;2;1;1;1;2;Acciones  ;0;0;5486000
119158;1;2;34;Bancolombia S.A.;8909039388;2;1;1;1;2;Acciones  ;0;0;25320000
119158;1;2;34;Bancolombia S.A.;8909039388;2;1;1;1;2;Acciones  ;0;0;14770000
119158;1;2;34;Bancolombia S.A.;8909039388;2;1;1;1;2;Acciones  ;0;0;11394000
119158;1;2;34;Bancolombia S.A.;8909039388;2;1;1;1;2;Acciones  ;0;0;25320000
119158;1;2;34;Bancolombia S.A.;8909039388;2;1;1;1;2;Acciones  ;0;0;5908000
119158;1;2;34;Bancolombia S.A.;8909039388;2;1;1;1;2;Acciones  ;0;0;17302000
119158;1;2;34;Bancolombia S.A.;8909039388;2;1;1;1;2;Acciones  ;0;0;8651000
119158;1;2;34;Bancolombia S.A.;8909039388;2;1;1;1;2;Acciones  ;0;0;1477000
119158;1;2;34;Bancolombia S.A.;8909039388;2;1;1;1;2;Acciones  ;0;0;15614000
119158;1;2;34;Bancolombia S.A.;8909039388;2;1;1;1;2;Acciones  ;0;0;31650000
119158;1;2;34;Bancolombia S.A.;8909039388;2;1;1;1;2;Acciones  ;0;0;32494000
119158;1;2;34;Bancolombia S.A.;8909039388;2;1;1;1;2;Acciones  ;0;0;21100000
119158;1;2;34;Bancolombia S.A.;8909039388;2;1;1;1;2;Acciones  ;0;0;18736800
119158;1;2;34;Bancolombia S.A.;8909039388;2;1;1;1;2;Acciones  ;0;0;27641000
119158;1;2;34;Bancolombia S.A.;8909039388;2;1;1;1;2;Acciones  ;0;0;1899000
119158;1;2;34;Bancolombia S.A.;8909039388;2;1;1;1;2;Acciones  ;0;0;42200000
119158;1;2;34;Bancolombia S.A.;8909039388;2;1;1;1;2;Acciones  ;0;0;9917000
119158;1;2;34;Bancolombia S.A.;8909039388;2;1;1;1;2;Acciones  ;0;0;11478400
119158;1;2;34;Bancolombia S.A.;8909039388;2;1;1;1;2;Acciones  ;0;0;9326200
119158;1;2;34;Bancolombia S.A.;8909039388;2;1;1;1;2;Acciones  ;0;0;25193400
119158;1;2;34;Bancolombia S.A.;8909039388;2;1;1;1;2;Acciones  ;0;0;38739600
119158;1;2;34;Bancolombia S.A.;8909039388;2;1;1;1;2;Acciones  ;0;0;26881400
119158;1;2;34;Bancolombia S.A.;8909039388;2;1;1;1;2;Acciones  ;0;0;67224600
119158;1;2;34;Bancolombia S.A.;8909039388;2;1;1;1;2;Acciones  ;0;0;47601600
119158;1;2;34;Bancolombia S.A.;8909039388;2;1;1;1;2;Acciones  ;0;0;84400000
119158;1;2;34;Bancolombia S.A.;8909039388;2;1;1;1;2;Acciones  ;0;0;3729360
119158;1;2;34;Bancolombia S.A.;8909039388;2;1;1;1;2;Acciones  ;0;0;6503640
119158;1;2;34;Bancolombia S.A.;8909039388;2;1;1;1;2;Acciones  ;0;0;3138120
119158;1;2;34;Bancolombia S.A.;8909039388;2;1;1;1;2;Acciones  ;0;0;3501960
119158;1;2;34;Bancolombia S.A.;8909039388;2;1;1;1;2;Acciones  ;0;0;18192000
119158;1;2;34;Bancolombia S.A.;8909039388;2;1;1;1;2;Acciones  ;0;0;15554160
119158;1;2;34;Bancolombia S.A.;8909039388;2;1;1;1;2;Acciones  ;0;0;98828040
119158;1;2;34;Bancolombia S.A.;8909039388;2;1;1;1;2;Acciones  ;0;0;12279600
119158;1;2;34;Bancolombia S.A.;8909039388;2;1;1;1;2;Acciones  ;0;0;33700680
119158;1;2;34;Bancolombia S.A.;8909039388;2;1;1;1;2;Acciones  ;0;0;6685560
119158;1;2;34;Bancolombia S.A.;8909039388;2;1;1;1;2;Acciones  ;0;0;5639520
119158;1;2;34;Bancolombia S.A.;8909039388;2;1;1;1;2;Acciones  ;0;0;11142600
119158;1;2;34;Bancolombia S.A.;8909039388;2;1;1;1;2;Acciones  ;0;0;5457600
119158;1;2;34;Bancolombia S.A.;8909039388;2;1;1;1;2;Acciones  ;0;0;1591800
119158;1;2;34;Bancolombia S.A.;8909039388;2;1;1;1;2;Acciones  ;0;0;1137000
119158;1;2;34;Bancolombia S.A.;8909039388;2;1;1;1;2;Acciones  ;0;0;1819200
119158;1;2;34;Bancolombia S.A.;8909039388;2;1;1;1;2;Acciones  ;0;0;22103280
119158;1;2;34;Bancolombia S.A.;8909039388;2;1;1;1;2;Acciones  ;0;0;1955640
119158;1;2;34;Bancolombia S.A.;8909039388;2;1;1;1;2;Acciones  ;0;0;24013440
119158;1;2;34;Bancolombia S.A.;8909039388;2;1;1;1;2;Acciones  ;0;0;29743920
119158;1;2;34;Bancolombia S.A.;8909039388;2;1;1;1;2;Acciones  ;0;0;2046600
119158;1;2;34;Bancolombia S.A.;8909039388;2;1;1;1;2;Acciones  ;0;0;2910720
119158;1;2;34;Bancolombia S.A.;8909039388;2;1;1;1;2;Acciones  ;0;0;13507560
119158;1;2;34;Bancolombia S.A.;8909039388;2;1;1;1;2;Acciones  ;0;0;5821440
119158;1;2;34;Bancolombia S.A.;8909039388;2;1;1;1;2;Acciones  ;0;0;9050520
119158;1;2;34;Bancolombia S.A.;8909039388;2;1;1;1;2;Acciones  ;0;0;5093760
119158;1;2;34;Bancolombia S.A.;8909039388;2;1;1;1;2;Acciones  ;0;0;5139240
119158;1;2;34;Bancolombia S.A.;8909039388;2;1;1;1;2;Acciones  ;0;0;25014000
119158;1;2;34;Bancolombia S.A.;8909039388;2;1;1;1;2;Acciones  ;0;0;7458720
119158;1;2;34;Bancolombia S.A.;8909039388;2;1;1;1;2;Acciones  ;0;0;31836000
119158;1;2;34;Bancolombia S.A.;8909039388;2;1;1;1;2;Acciones  ;0;0;6230760
119158;1;2;34;Bancolombia S.A.;8909039388;2;1;1;1;2;Acciones  ;0;0;16509240
119158;1;2;34;Bancolombia S.A.;8909039388;2;1;1;1;2;Acciones  ;0;0;31836000
119158;1;2;34;Bancolombia S.A.;8909039388;2;1;1;1;2;Acciones  ;0;0;13644000
119158;1;2;34;Bancolombia S.A.;8909039388;2;1;1;1;2;Acciones  ;0;0;54576000
119158;1;2;34;Bancolombia S.A.;8909039388;2;1;1;1;2;Acciones  ;0;0;10915200
119158;1;2;34;Bancolombia S.A.;8909039388;2;1;1;1;2;Acciones  ;0;0;9323400
119158;1;2;34;Bancolombia S.A.;8909039388;2;1;1;1;2;Acciones  ;0;0;2046600
119158;1;2;34;Bancolombia S.A.;8909039388;2;1;1;1;2;Acciones  ;0;0;27970200
119158;1;2;34;Bancolombia S.A.;8909039388;2;1;1;1;2;Acciones  ;0;0;28652400
119158;1;2;34;Bancolombia S.A.;8909039388;2;1;1;1;2;Acciones  ;0;0;7003920
119158;1;2;34;Bancolombia S.A.;8909039388;2;1;1;1;2;Acciones  ;0;0;13462080
119158;1;2;34;Bancolombia S.A.;8909039388;2;1;1;1;2;Acciones  ;0;0;14553600
119158;1;2;34;Bancolombia S.A.;8909039388;2;1;1;1;2;Acciones  ;0;0;5912400
119158;1;2;34;Bancolombia S.A.;8909039388;2;1;1;1;2;Acciones  ;0;0;9096000
119158;1;2;34;Bancolombia S.A.;8909039388;2;1;1;1;2;Acciones  ;0;0;34110000
119158;1;2;34;Bancolombia S.A.;8909039388;2;1;1;1;2;Acciones  ;0;0;6367200
119158;1;2;34;Bancolombia S.A.;8909039388;2;1;1;1;2;Acciones  ;0;0;33200400
119158;1;2;34;Bancolombia S.A.;8909039388;2;1;1;1;2;Acciones  ;0;0;22740000
119158;1;2;34;Bancolombia S.A.;8909039388;2;1;1;1;2;Acciones  ;0;0;13644000
119158;1;2;34;Bancolombia S.A.;8909039388;2;1;1;1;2;Acciones  ;0;0;22740000
119158;1;2;34;Bancolombia S.A.;8909039388;2;1;1;1;2;Acciones  ;0;0;5912400
119158;1;2;34;Bancolombia S.A.;8909039388;2;1;1;1;2;Acciones  ;0;0;12325080
119158;1;2;34;Bancolombia S.A.;8909039388;2;1;1;1;2;Acciones  ;0;0;4366080
119158;1;2;34;Bancolombia S.A.;8909039388;2;1;1;1;2;Acciones  ;0;0;10551360
119158;1;2;34;Bancolombia S.A.;8909039388;2;1;1;1;2;Acciones  ;0;0;23422200
119158;1;2;34;Bancolombia S.A.;8909039388;2;1;1;1;2;Acciones  ;0;0;15918000
119158;1;2;34;Bancolombia S.A.;8909039388;2;1;1;1;2;Acciones  ;0;0;39840480
119158;1;2;34;Bancolombia S.A.;8909039388;2;1;1;1;2;Acciones  ;0;0;28197600
119158;1;2;34;Bancolombia S.A.;8909039388;2;1;1;1;2;Acciones  ;0;0;36384000
119158;1;2;34;Celsia S.A. E.S.P.;8110303227;2;1;1;1;1;Acciones  ;0;0;1642500
119158;1;2;34;Celsia S.A. E.S.P.;8110303227;2;1;1;1;1;Acciones  ;0;0;2569600
119158;1;2;34;Celsia S.A. E.S.P.;8110303227;2;1;1;1;1;Acciones  ;0;0;1438100
119158;1;2;34;Celsia S.A. E.S.P.;8110303227;2;1;1;1;1;Acciones  ;0;0;1449050
119158;1;2;34;Celsia S.A. E.S.P.;8110303227;2;1;1;1;1;Acciones  ;0;0;43800000
119158;1;2;34;Celsia S.A. E.S.P.;8110303227;2;1;1;1;1;Acciones  ;0;0;1065800
119158;1;2;34;Cementos Argos S.A.;8901002510;2;1;1;1;1;Acciones  ;0;0;1220400
119158;1;2;34;Cementos Argos S.A.;8901002510;2;1;1;1;1;Acciones  ;0;0;1954800
119158;1;2;34;Cementos Argos S.A.;8901002510;2;1;1;1;1;Acciones  ;0;0;24213600
119158;1;2;34;Cementos Argos S.A.;8901002510;2;1;1;1;1;Acciones  ;0;0;2149200
119158;1;2;34;Cementos Argos S.A.;8901002510;2;1;1;1;1;Acciones  ;0;0;26330400
119158;1;2;34;Cementos Argos S.A.;8901002510;2;1;1;1;1;Acciones  ;0;0;32626800
119158;1;2;34;Cementos Argos S.A.;8901002510;2;1;1;1;1;Acciones  ;0;0;2246400
119158;1;2;34;Cementos Argos S.A.;8901002510;2;1;1;1;1;Acciones  ;0;0;3196800
119158;1;2;34;Cementos Argos S.A.;8901002510;2;1;1;1;1;Acciones  ;0;0;14785200
119158;1;2;34;Cementos Argos S.A.;8901002510;2;1;1;1;1;Acciones  ;0;0;6350400
119158;1;2;34;Cementos Argos S.A.;8901002510;2;1;1;1;1;Acciones  ;0;0;9925200
119158;1;2;34;Cementos Argos S.A.;8901002510;2;1;1;1;1;Acciones  ;0;0;5562000
119158;1;2;34;Cementos Argos S.A.;8901002510;2;1;1;1;1;Acciones  ;0;0;5605200
119158;1;2;34;Cementos Argos S.A.;8901002510;2;1;1;1;1;Acciones  ;0;0;22680000
119158;1;2;34;Cementos Argos S.A.;8901002510;2;1;1;1;1;Acciones  ;0;0;21600000
119158;1;2;34;Cementos Argos S.A.;8901002510;2;1;1;1;1;Acciones  ;0;0;17280000
119158;1;2;34;Cementos Argos S.A.;8901002510;2;1;1;1;1;Acciones  ;0;0;105840000
119158;1;2;34;Cementos Argos S.A.;8901002510;2;1;1;1;1;Acciones  ;0;0;10800000
119158;1;2;34;Cementos Argos S.A.;8901002510;2;1;1;1;1;Acciones  ;0;0;20520000
119158;1;2;34;Cementos Argos S.A.;8901002510;2;1;1;1;1;Acciones  ;0;0;54000000
119158;1;2;34;Cementos Argos S.A.;8901002510;2;1;1;1;1;Acciones  ;0;0;47304000
119158;1;2;34;Cementos Argos S.A.;8901002510;2;1;1;1;1;Acciones  ;0;0;3456000
119158;1;2;34;Cementos Argos S.A.;8901002510;2;1;1;1;1;Acciones  ;0;0;6372000
119158;1;2;34;Cementos Argos S.A.;8901002510;2;1;1;1;1;Acciones  ;0;0;356400
119158;1;2;34;Cementos Argos S.A.;8901002510;2;1;1;1;1;Acciones  ;0;0;8154000
119158;1;2;34;Cementos Argos S.A.;8901002510;2;1;1;1;1;Acciones  ;0;0;13986000
119158;1;2;34;Cementos Argos S.A.;8901002510;2;1;1;1;1;Acciones  ;0;0;8726400
119158;1;2;34;Cementos Argos S.A.;8901002510;2;1;1;1;1;Acciones  ;0;0;21805200
119158;1;2;34;Cementos Argos S.A.;8901002510;2;1;1;1;1;Acciones  ;0;0;15433200
119158;1;2;34;Cementos Argos S.A.;8901002510;2;1;1;1;1;Acciones  ;0;0;70200000
119158;1;2;34;Cementos Argos S.A.;8901002510;2;1;1;1;1;Acciones  ;0;0;35640000
119158;1;2;34;Fiduciaria Corficolombiana S.A.;8001408878;2;1;1;1;2;Acciones  ;0;0;2607500
119158;1;2;34;Fiduciaria Corficolombiana S.A.;8001408878;2;1;1;1;2;Acciones  ;0;0;7175000
119158;1;2;34;Fiduciaria Corficolombiana S.A.;8001408878;2;1;1;1;2;Acciones  ;0;0;22750000
119158;1;2;34;Fiduciaria Corficolombiana S.A.;8001408878;2;1;1;1;2;Acciones  ;0;0;1435000
119158;1;2;34;Fiduciaria Corficolombiana S.A.;8001408878;2;1;1;1;2;Acciones  ;0;0;1207500
119158;1;2;34;Fiduciaria Corficolombiana S.A.;8001408878;2;1;1;1;2;Acciones  ;0;0;2922500
119158;1;2;34;Fiduciaria Corficolombiana S.A.;8001408878;2;1;1;1;2;Acciones  ;0;0;420000
119158;1;2;34;Fiduciaria Corficolombiana S.A.;8001408878;2;1;1;1;2;Acciones  ;0;0;297500
119158;1;2;34;Fiduciaria Corficolombiana S.A.;8001408878;2;1;1;1;2;Acciones  ;0;0;472500
119158;1;2;34;Fiduciaria Corficolombiana S.A.;8001408878;2;1;1;1;2;Acciones  ;0;0;5705000
119158;1;2;34;Fiduciaria Corficolombiana S.A.;8001408878;2;1;1;1;2;Acciones  ;0;0;507500
119158;1;2;34;Fiduciaria Corficolombiana S.A.;8001408878;2;1;1;1;2;Acciones  ;0;0;6195000
119158;1;2;34;Fiduciaria Corficolombiana S.A.;8001408878;2;1;1;1;2;Acciones  ;0;0;7665000
119158;1;2;34;Fiduciaria Corficolombiana S.A.;8001408878;2;1;1;1;2;Acciones  ;0;0;542500
119158;1;2;34;Fiduciaria Corficolombiana S.A.;8001408878;2;1;1;1;2;Acciones  ;0;0;752500
119158;1;2;34;Fiduciaria Corficolombiana S.A.;8001408878;2;1;1;1;2;Acciones  ;0;0;3482500
119158;1;2;34;Fiduciaria Corficolombiana S.A.;8001408878;2;1;1;1;2;Acciones  ;0;0;1505000
119158;1;2;34;Fiduciaria Corficolombiana S.A.;8001408878;2;1;1;1;2;Acciones  ;0;0;2345000
119158;1;2;34;Fiduciaria Corficolombiana S.A.;8001408878;2;1;1;1;2;Acciones  ;0;0;1312500
119158;1;2;34;Fiduciaria Corficolombiana S.A.;8001408878;2;1;1;1;2;Acciones  ;0;0;1330000
119158;1;2;34;Fiduciaria Corficolombiana S.A.;8001408878;2;1;1;1;2;Acciones  ;0;0;892500
119158;1;2;34;Ecopetrol S.A.;8999990681;2;1;1;1;1;Acciones  ;0;0;19014500
119158;1;2;34;Ecopetrol S.A.;8999990681;2;1;1;1;1;Acciones  ;0;0;53035750
119158;1;2;34;Ecopetrol S.A.;8999990681;2;1;1;1;1;Acciones  ;0;0;10467750
119158;1;2;34;Ecopetrol S.A.;8999990681;2;1;1;1;1;Acciones  ;0;0;8842125
119158;1;2;34;Ecopetrol S.A.;8999990681;2;1;1;1;1;Acciones  ;0;0;17437750
119158;1;2;34;Ecopetrol S.A.;8999990681;2;1;1;1;1;Acciones  ;0;0;2556375
119158;1;2;34;Ecopetrol S.A.;8999990681;2;1;1;1;1;Acciones  ;0;0;1789250
119158;1;2;34;Ecopetrol S.A.;8999990681;2;1;1;1;1;Acciones  ;0;0;2873000
119158;1;2;34;Ecopetrol S.A.;8999990681;2;1;1;1;1;Acciones  ;0;0;33575000
119158;1;2;34;Ecopetrol S.A.;8999990681;2;1;1;1;1;Acciones  ;0;0;2977125
119158;1;2;34;Ecopetrol S.A.;8999990681;2;1;1;1;1;Acciones  ;0;0;36507500
119158;1;2;34;Ecopetrol S.A.;8999990681;2;1;1;1;1;Acciones  ;0;0;45237000
119158;1;2;34;Ecopetrol S.A.;8999990681;2;1;1;1;1;Acciones  ;0;0;3111000
119158;1;2;34;Ecopetrol S.A.;8999990681;2;1;1;1;1;Acciones  ;0;0;4420000
119158;1;2;34;Ecopetrol S.A.;8999990681;2;1;1;1;1;Acciones  ;0;0;20491375
119158;1;2;34;Ecopetrol S.A.;8999990681;2;1;1;1;1;Acciones  ;0;0;8799625
119158;1;2;34;Ecopetrol S.A.;8999990681;2;1;1;1;1;Acciones  ;0;0;13151625
119158;1;2;34;Ecopetrol S.A.;8999990681;2;1;1;1;1;Acciones  ;0;0;42925000
119158;1;2;34;Ecopetrol S.A.;8999990681;2;1;1;1;1;Acciones  ;0;0;7550125
119158;1;2;34;Ecopetrol S.A.;8999990681;2;1;1;1;1;Acciones  ;0;0;7611750
119158;1;2;34;Ecopetrol S.A.;8999990681;2;1;1;1;1;Acciones  ;0;0;21250000
119158;1;2;34;Ecopetrol S.A.;8999990681;2;1;1;1;1;Acciones  ;0;0;12750000
119158;1;2;34;Ecopetrol S.A.;8999990681;2;1;1;1;1;Acciones  ;0;0;13812500
119158;1;2;34;Ecopetrol S.A.;8999990681;2;1;1;1;1;Acciones  ;0;0;5100000
119158;1;2;34;Ecopetrol S.A.;8999990681;2;1;1;1;1;Acciones  ;0;0;19125000
119158;1;2;34;Ecopetrol S.A.;8999990681;2;1;1;1;1;Acciones  ;0;0;8500000
119158;1;2;34;Ecopetrol S.A.;8999990681;2;1;1;1;1;Acciones  ;0;0;74375000
119158;1;2;34;Ecopetrol S.A.;8999990681;2;1;1;1;1;Acciones  ;0;0;13821000
119158;1;2;34;Ecopetrol S.A.;8999990681;2;1;1;1;1;Acciones  ;0;0;17204000
119158;1;2;34;Ecopetrol S.A.;8999990681;2;1;1;1;1;Acciones  ;0;0;21250000
119158;1;2;34;Ecopetrol S.A.;8999990681;2;1;1;1;1;Acciones  ;0;0;10996875
119158;1;2;34;Ecopetrol S.A.;8999990681;2;1;1;1;1;Acciones  ;0;0;8340625
119158;1;2;34;Ecopetrol S.A.;8999990681;2;1;1;1;1;Acciones  ;0;0;7482125
119158;1;2;34;Ecopetrol S.A.;8999990681;2;1;1;1;1;Acciones  ;0;0;4842875
119158;1;2;34;Ecopetrol S.A.;8999990681;2;1;1;1;1;Acciones  ;0;0;31875000
119158;1;2;34;Ecopetrol S.A.;8999990681;2;1;1;1;1;Acciones  ;0;0;6162500
119158;1;2;34;Ecopetrol S.A.;8999990681;2;1;1;1;1;Acciones  ;0;0;48613625
119158;1;2;34;Ecopetrol S.A.;8999990681;2;1;1;1;1;Acciones  ;0;0;5270000
119158;1;2;34;Ecopetrol S.A.;8999990681;2;1;1;1;1;Acciones  ;0;0;10306250
119158;1;2;34;Ecopetrol S.A.;8999990681;2;1;1;1;1;Acciones  ;0;0;12512000
119158;1;2;34;Ecopetrol S.A.;8999990681;2;1;1;1;1;Acciones  ;0;0;19450125
119158;1;2;34;Ecopetrol S.A.;8999990681;2;1;1;1;1;Acciones  ;0;0;13321625
119158;1;2;34;Ecopetrol S.A.;8999990681;2;1;1;1;1;Acciones  ;0;0;35130500
119158;1;2;34;Ecopetrol S.A.;8999990681;2;1;1;1;1;Acciones  ;0;0;5703500
119158;1;2;34;Ecopetrol S.A.;8999990681;2;1;1;1;1;Acciones  ;0;0;19184500
119158;1;2;34;Ecopetrol S.A.;8999990681;2;1;1;1;1;Acciones  ;0;0;63750000
119158;1;2;34;Ecopetrol S.A.;8999990681;2;1;1;1;1;Acciones  ;0;0;34000000
119158;1;2;34;Empresa De Energia De Bogota S.A. E.S.P.;8999990823;2;1;1;1;1;Acciones  ;0;0;12444190
119158;1;2;34;Empresa De Energia De Bogota S.A. E.S.P.;8999990823;2;1;1;1;1;Acciones  ;0;0;34217645
119158;1;2;34;Empresa De Energia De Bogota S.A. E.S.P.;8999990823;2;1;1;1;1;Acciones  ;0;0;6785625
119158;1;2;34;Empresa De Energia De Bogota S.A. E.S.P.;8999990823;2;1;1;1;1;Acciones  ;0;0;5730945
119158;1;2;34;Empresa De Energia De Bogota S.A. E.S.P.;8999990823;2;1;1;1;1;Acciones  ;0;0;11301620
119158;1;2;34;Empresa De Energia De Bogota S.A. E.S.P.;8999990823;2;1;1;1;1;Acciones  ;0;0;1525150
119158;1;2;34;Empresa De Energia De Bogota S.A. E.S.P.;8999990823;2;1;1;1;1;Acciones  ;0;0;9047500
119158;1;2;34;Empresa De Energia De Bogota S.A. E.S.P.;8999990823;2;1;1;1;1;Acciones  ;0;0;1093455
119158;1;2;34;Empresa De Energia De Bogota S.A. E.S.P.;8999990823;2;1;1;1;1;Acciones  ;0;0;38775000
119158;1;2;34;Empresa De Energia De Bogota S.A. E.S.P.;8999990823;2;1;1;1;1;Acciones  ;0;0;1755215
119158;1;2;34;Empresa De Energia De Bogota S.A. E.S.P.;8999990823;2;1;1;1;1;Acciones  ;0;0;24107710
119158;1;2;34;Empresa De Energia De Bogota S.A. E.S.P.;8999990823;2;1;1;1;1;Acciones  ;0;0;2137795
119158;1;2;34;Empresa De Energia De Bogota S.A. E.S.P.;8999990823;2;1;1;1;1;Acciones  ;0;0;26211900
119158;1;2;34;Empresa De Energia De Bogota S.A. E.S.P.;8999990823;2;1;1;1;1;Acciones  ;0;0;32480525
119158;1;2;34;Empresa De Energia De Bogota S.A. E.S.P.;8999990823;2;1;1;1;1;Acciones  ;0;0;2233440
119158;1;2;34;Empresa De Energia De Bogota S.A. E.S.P.;8999990823;2;1;1;1;1;Acciones  ;0;0;3174380
119158;1;2;34;Empresa De Energia De Bogota S.A. E.S.P.;8999990823;2;1;1;1;1;Acciones  ;0;0;14713820
119158;1;2;34;Empresa De Energia De Bogota S.A. E.S.P.;8999990823;2;1;1;1;1;Acciones  ;0;0;6320325
119158;1;2;34;Empresa De Energia De Bogota S.A. E.S.P.;8999990823;2;1;1;1;1;Acciones  ;0;0;9882455
119158;1;2;34;Empresa De Energia De Bogota S.A. E.S.P.;8999990823;2;1;1;1;1;Acciones  ;0;0;5141565
119158;1;2;34;Empresa De Energia De Bogota S.A. E.S.P.;8999990823;2;1;1;1;1;Acciones  ;0;0;5182925
119158;1;2;34;Empresa De Energia De Bogota S.A. E.S.P.;8999990823;2;1;1;1;1;Acciones  ;0;0;23265000
119158;1;2;34;Empresa De Energia De Bogota S.A. E.S.P.;8999990823;2;1;1;1;1;Acciones  ;0;0;12925000
119158;1;2;34;Empresa De Energia De Bogota S.A. E.S.P.;8999990823;2;1;1;1;1;Acciones  ;0;0;33470580
119158;1;2;34;Empresa De Energia De Bogota S.A. E.S.P.;8999990823;2;1;1;1;1;Acciones  ;0;0;4653000
119158;1;2;34;Empresa De Energia De Bogota S.A. E.S.P.;8999990823;2;1;1;1;1;Acciones  ;0;0;10598500
119158;1;2;34;Empresa De Energia De Bogota S.A. E.S.P.;8999990823;2;1;1;1;1;Acciones  ;0;0;20680000
119158;1;2;34;Empresa De Energia De Bogota S.A. E.S.P.;8999990823;2;1;1;1;1;Acciones  ;0;0;19387500
119158;1;2;34;Empresa De Energia De Bogota S.A. E.S.P.;8999990823;2;1;1;1;1;Acciones  ;0;0;10340000
119158;1;2;34;Empresa De Energia De Bogota S.A. E.S.P.;8999990823;2;1;1;1;1;Acciones  ;0;0;21972500
119158;1;2;34;Empresa De Energia De Bogota S.A. E.S.P.;8999990823;2;1;1;1;1;Acciones  ;0;0;7424120
119158;1;2;34;Empresa De Energia De Bogota S.A. E.S.P.;8999990823;2;1;1;1;1;Acciones  ;0;0;19718380
119158;1;2;34;Empresa De Energia De Bogota S.A. E.S.P.;8999990823;2;1;1;1;1;Acciones  ;0;0;3308800
119158;1;2;34;Empresa De Energia De Bogota S.A. E.S.P.;8999990823;2;1;1;1;1;Acciones  ;0;0;6767530
119158;1;2;34;Empresa De Energia De Bogota S.A. E.S.P.;8999990823;2;1;1;1;1;Acciones  ;0;0;8194450
119158;1;2;34;Empresa De Energia De Bogota S.A. E.S.P.;8999990823;2;1;1;1;1;Acciones  ;0;0;13576420
119158;1;2;34;Empresa De Energia De Bogota S.A. E.S.P.;8999990823;2;1;1;1;1;Acciones  ;0;0;8763150
119158;1;2;34;Empresa De Energia De Bogota S.A. E.S.P.;8999990823;2;1;1;1;1;Acciones  ;0;0;21905290
119158;1;2;34;Empresa De Energia De Bogota S.A. E.S.P.;8999990823;2;1;1;1;1;Acciones  ;0;0;15504830
119158;1;2;34;Empresa De Energia De Bogota S.A. E.S.P.;8999990823;2;1;1;1;1;Acciones  ;0;0;27142500
119158;1;2;34;Empresa De Energia De Bogota S.A. E.S.P.;8999990823;2;1;1;1;1;Acciones  ;0;0;36190000
119158;1;2;34;Grupo Argos S.A.;8909002663;2;1;1;1;1;Acciones  ;0;0;13172480
119158;1;2;34;Grupo Argos S.A.;8909002663;2;1;1;1;1;Acciones  ;0;0;31364960
119158;1;2;34;Grupo Argos S.A.;8909002663;2;1;1;1;1;Acciones  ;0;0;6264960
119158;1;2;34;Grupo Argos S.A.;8909002663;2;1;1;1;1;Acciones  ;0;0;5140480
119158;1;2;34;Grupo Argos S.A.;8909002663;2;1;1;1;1;Acciones  ;0;0;10120320
119158;1;2;34;Grupo Argos S.A.;8909002663;2;1;1;1;1;Acciones  ;0;0;1345360
119158;1;2;34;Grupo Argos S.A.;8909002663;2;1;1;1;1;Acciones  ;0;0;943760
119158;1;2;34;Grupo Argos S.A.;8909002663;2;1;1;1;1;Acciones  ;0;0;6827200
119158;1;2;34;Grupo Argos S.A.;8909002663;2;1;1;1;1;Acciones  ;0;0;1506000
119158;1;2;34;Grupo Argos S.A.;8909002663;2;1;1;1;1;Acciones  ;0;0;19015760
119158;1;2;34;Grupo Argos S.A.;8909002663;2;1;1;1;1;Acciones  ;0;0;1686720
119158;1;2;34;Grupo Argos S.A.;8909002663;2;1;1;1;1;Acciones  ;0;0;20662320
119158;1;2;34;Grupo Argos S.A.;8909002663;2;1;1;1;1;Acciones  ;0;0;25622080
119158;1;2;34;Grupo Argos S.A.;8909002663;2;1;1;1;1;Acciones  ;0;0;1767040
119158;1;2;34;Grupo Argos S.A.;8909002663;2;1;1;1;1;Acciones  ;0;0;2510000
119158;1;2;34;Grupo Argos S.A.;8909002663;2;1;1;1;1;Acciones  ;0;0;11606240
119158;1;2;34;Grupo Argos S.A.;8909002663;2;1;1;1;1;Acciones  ;0;0;4999920
119158;1;2;34;Grupo Argos S.A.;8909002663;2;1;1;1;1;Acciones  ;0;0;7791040
119158;1;2;34;Grupo Argos S.A.;8909002663;2;1;1;1;1;Acciones  ;0;0;4236880
119158;1;2;34;Grupo Argos S.A.;8909002663;2;1;1;1;1;Acciones  ;0;0;4277040
119158;1;2;34;Grupo Argos S.A.;8909002663;2;1;1;1;1;Acciones  ;0;0;101263440
119158;1;2;34;Grupo Argos S.A.;8909002663;2;1;1;1;1;Acciones  ;0;0;7028000
119158;1;2;34;Grupo Argos S.A.;8909002663;2;1;1;1;1;Acciones  ;0;0;4297120
119158;1;2;34;Grupo Argos S.A.;8909002663;2;1;1;1;1;Acciones  ;0;0;30120000
119158;1;2;34;Grupo Argos S.A.;8909002663;2;1;1;1;1;Acciones  ;0;0;2510000
119158;1;2;34;Grupo Argos S.A.;8909002663;2;1;1;1;1;Acciones  ;0;0;4999920
119158;1;2;34;Grupo Argos S.A.;8909002663;2;1;1;1;1;Acciones  ;0;0;6044080
119158;1;2;34;Grupo Argos S.A.;8909002663;2;1;1;1;1;Acciones  ;0;0;10120320
119158;1;2;34;Grupo Argos S.A.;8909002663;2;1;1;1;1;Acciones  ;0;0;6465760
119158;1;2;34;Grupo Argos S.A.;8909002663;2;1;1;1;1;Acciones  ;0;0;16164400
119158;1;2;34;Grupo Argos S.A.;8909002663;2;1;1;1;1;Acciones  ;0;0;11445600
119158;1;2;34;Grupo Argos S.A.;8909002663;2;1;1;1;1;Acciones  ;0;0;3585000
119158;1;2;34;Grupo Argos S.A.;8909002663;2;1;1;1;1;Acciones  ;0;0;7065000
119158;1;2;34;Grupo Argos S.A.;8909002663;2;1;1;1;1;Acciones  ;0;0;945000
119158;1;2;34;Grupo Argos S.A.;8909002663;2;1;1;1;1;Acciones  ;0;0;660000
119158;1;2;34;Grupo Argos S.A.;8909002663;2;1;1;1;1;Acciones  ;0;0;6000000
119158;1;2;34;Grupo Argos S.A.;8909002663;2;1;1;1;1;Acciones  ;0;0;1050000
119158;1;2;34;Grupo Argos S.A.;8909002663;2;1;1;1;1;Acciones  ;0;0;13380000
119158;1;2;34;Grupo Argos S.A.;8909002663;2;1;1;1;1;Acciones  ;0;0;1200000
119158;1;2;34;Grupo Argos S.A.;8909002663;2;1;1;1;1;Acciones  ;0;0;14550000
119158;1;2;34;Grupo Argos S.A.;8909002663;2;1;1;1;1;Acciones  ;0;0;18030000
119158;1;2;34;Grupo Argos S.A.;8909002663;2;1;1;1;1;Acciones  ;0;0;1245000
119158;1;2;34;Grupo Argos S.A.;8909002663;2;1;1;1;1;Acciones  ;0;0;1770000
119158;1;2;34;Grupo Argos S.A.;8909002663;2;1;1;1;1;Acciones  ;0;0;8175000
119158;1;2;34;Grupo Argos S.A.;8909002663;2;1;1;1;1;Acciones  ;0;0;3510000
119158;1;2;34;Grupo Argos S.A.;8909002663;2;1;1;1;1;Acciones  ;0;0;5490000
119158;1;2;34;Grupo Argos S.A.;8909002663;2;1;1;1;1;Acciones  ;0;0;3075000
119158;1;2;34;Grupo Argos S.A.;8909002663;2;1;1;1;1;Acciones  ;0;0;3015000
119158;1;2;34;Grupo Argos S.A.;8909002663;2;1;1;1;1;Acciones  ;0;0;26985000
119158;1;2;34;Grupo Argos S.A.;8909002663;2;1;1;1;1;Acciones  ;0;0;465000
119158;1;2;34;Grupo Argos S.A.;8909002663;2;1;1;1;1;Acciones  ;0;0;3000000
119158;1;2;34;Grupo Argos S.A.;8909002663;2;1;1;1;1;Acciones  ;0;0;3870000
119158;1;2;34;Grupo Argos S.A.;8909002663;2;1;1;1;1;Acciones  ;0;0;30630000
119158;1;2;34;Grupo Argos S.A.;8909002663;2;1;1;1;1;Acciones  ;0;0;7500000
119158;1;2;34;Grupo Argos S.A.;8909002663;2;1;1;1;1;Acciones  ;0;0;2055000
119158;1;2;34;Grupo Argos S.A.;8909002663;2;1;1;1;1;Acciones  ;0;0;2445000
119158;1;2;34;Grupo Argos S.A.;8909002663;2;1;1;1;1;Acciones  ;0;0;2850000
119158;1;2;34;Grupo Argos S.A.;8909002663;2;1;1;1;1;Acciones  ;0;0;9750000
119158;1;2;34;Grupo Argos S.A.;8909002663;2;1;1;1;1;Acciones  ;0;0;4950000
119158;1;2;34;Grupo Argos S.A.;8909002663;2;1;1;1;1;Acciones  ;0;0;300000
119158;1;2;34;Grupo Argos S.A.;8909002663;2;1;1;1;1;Acciones  ;0;0;3030000
119158;1;2;34;Grupo Argos S.A.;8909002663;2;1;1;1;1;Acciones  ;0;0;4170000
119158;1;2;34;Grupo Argos S.A.;8909002663;2;1;1;1;1;Acciones  ;0;0;7500000
119158;1;2;34;Grupo Argos S.A.;8909002663;2;1;1;1;1;Acciones  ;0;0;930000
119158;1;2;34;Grupo Argos S.A.;8909002663;2;1;1;1;1;Acciones  ;0;0;705000
119158;1;2;34;Grupo Argos S.A.;8909002663;2;1;1;1;1;Acciones  ;0;0;24795000
119158;1;2;34;Grupo Aval Acciones Y Valores S.A.;8002161815;2;1;1;1;2;Acciones  ;0;0;948588
119158;1;2;34;Grupo Aval Acciones Y Valores S.A.;8002161815;2;1;1;1;2;Acciones  ;0;0;956089
119158;1;2;34;Grupo Aval Acciones Y Valores S.A.;8002161815;2;1;1;1;2;Acciones  ;0;0;30581000
119158;1;2;34;Grupo Aval Acciones Y Valores S.A.;8002161815;2;1;1;1;2;Acciones  ;0;0;32312000
119158;1;2;34;Grupo Aval Acciones Y Valores S.A.;8002161815;2;1;1;1;2;Acciones  ;0;0;7501000
119158;1;2;34;Grupo Aval Acciones Y Valores S.A.;8002161815;2;1;1;1;2;Acciones  ;0;0;21363425
119158;1;2;34;Grupo Aval Acciones Y Valores S.A.;8002161815;2;1;1;1;2;Acciones  ;0;0;22488575
119158;1;2;34;Grupo Aval Acciones Y Valores S.A.;8002161815;2;1;1;1;2;Acciones  ;0;0;1567709
119158;1;2;34;Grupo Aval Acciones Y Valores S.A.;8002161815;2;1;1;1;2;Acciones  ;0;0;61902291
119158;1;2;34;Grupo Aval Acciones Y Valores S.A.;8002161815;2;1;1;1;2;Acciones  ;0;0;5481500
119158;1;2;34;Grupo Aval Acciones Y Valores S.A.;8002161815;2;1;1;1;2;Acciones  ;0;0;11251500
119158;1;2;34;Grupo Aval Acciones Y Valores S.A.;8002161815;2;1;1;1;2;Acciones  ;0;0;21349000
119158;1;2;34;Grupo Aval Acciones Y Valores S.A.;8002161815;2;1;1;1;2;Acciones  ;0;0;20195000
119158;1;2;34;Grupo Aval Acciones Y Valores S.A.;8002161815;2;1;1;1;2;Acciones  ;0;0;23080000
119158;1;2;34;Grupo Aval Acciones Y Valores S.A.;8002161815;2;1;1;1;2;Acciones  ;0;0;81357
119158;1;2;34;Grupo Aval Acciones Y Valores S.A.;8002161815;2;1;1;1;2;Acciones  ;0;0;14425000
119158;1;2;34;Sociedades Bolivar S.A.;8300254485;2;1;1;1;2;Acciones  ;0;0;2345060
119158;1;2;34;Sociedades Bolivar S.A.;8300254485;2;1;1;1;2;Acciones  ;0;0;13816840
119158;1;2;34;Sociedades Bolivar S.A.;8300254485;2;1;1;1;2;Acciones  ;0;0;1774640
119158;1;2;34;Sociedades Bolivar S.A.;8300254485;2;1;1;1;2;Acciones  ;0;0;4753500
119158;1;2;34;Sociedades Bolivar S.A.;8300254485;2;1;1;1;2;Acciones  ;0;0;950700
119158;1;2;34;Sociedades Bolivar S.A.;8300254485;2;1;1;1;2;Acciones  ;0;0;823940
119158;1;2;34;Sociedades Bolivar S.A.;8300254485;2;1;1;1;2;Acciones  ;0;0;1584500
119158;1;2;34;Sociedades Bolivar S.A.;8300254485;2;1;1;1;2;Acciones  ;0;0;3042240
119158;1;2;34;Sociedades Bolivar S.A.;8300254485;2;1;1;1;2;Acciones  ;0;0;3359140
119158;1;2;34;Sociedades Bolivar S.A.;8300254485;2;1;1;1;2;Acciones  ;0;0;4119700
119158;1;2;34;Sociedades Bolivar S.A.;8300254485;2;1;1;1;2;Acciones  ;0;0;443660
119158;1;2;34;Sociedades Bolivar S.A.;8300254485;2;1;1;1;2;Acciones  ;0;0;1901400
119158;1;2;34;Sociedades Bolivar S.A.;8300254485;2;1;1;1;2;Acciones  ;0;0;823940
119158;1;2;34;Sociedades Bolivar S.A.;8300254485;2;1;1;1;2;Acciones  ;0;0;10521080
119158;1;2;34;Sociedades Bolivar S.A.;8300254485;2;1;1;1;2;Acciones  ;0;0;15002400
119158;1;2;34;Sociedades Bolivar S.A.;8300254485;2;1;1;1;2;Acciones  ;0;0;41220880
119158;1;2;34;Sociedades Bolivar S.A.;8300254485;2;1;1;1;2;Acciones  ;0;0;8179880
119158;1;2;34;Sociedades Bolivar S.A.;8300254485;2;1;1;1;2;Acciones  ;0;0;6893960
119158;1;2;34;Sociedades Bolivar S.A.;8300254485;2;1;1;1;2;Acciones  ;0;0;13609320
119158;1;2;34;Sociedades Bolivar S.A.;8300254485;2;1;1;1;2;Acciones  ;0;0;8304900
119158;1;2;34;Sociedades Bolivar S.A.;8300254485;2;1;1;1;2;Acciones  ;0;0;1946740
119158;1;2;34;Sociedades Bolivar S.A.;8300254485;2;1;1;1;2;Acciones  ;0;0;1375220
119158;1;2;34;Sociedades Bolivar S.A.;8300254485;2;1;1;1;2;Acciones  ;0;0;17860000
119158;1;2;34;Sociedades Bolivar S.A.;8300254485;2;1;1;1;2;Acciones  ;0;0;2178920
119158;1;2;34;Sociedades Bolivar S.A.;8300254485;2;1;1;1;2;Acciones  ;0;0;28147360
119158;1;2;34;Sociedades Bolivar S.A.;8300254485;2;1;1;1;2;Acciones  ;0;0;2500400
119158;1;2;34;Sociedades Bolivar S.A.;8300254485;2;1;1;1;2;Acciones  ;0;0;30594180
119158;1;2;34;Sociedades Bolivar S.A.;8300254485;2;1;1;1;2;Acciones  ;0;0;37916780
119158;1;2;34;Sociedades Bolivar S.A.;8300254485;2;1;1;1;2;Acciones  ;0;0;2607560
119158;1;2;34;Sociedades Bolivar S.A.;8300254485;2;1;1;1;2;Acciones  ;0;0;3714880
119158;1;2;34;Sociedades Bolivar S.A.;8300254485;2;1;1;1;2;Acciones  ;0;0;17181320
119158;1;2;34;Sociedades Bolivar S.A.;8300254485;2;1;1;1;2;Acciones  ;0;0;7376180
119158;1;2;34;Sociedades Bolivar S.A.;8300254485;2;1;1;1;2;Acciones  ;0;0;8019140
119158;1;2;34;Sociedades Bolivar S.A.;8300254485;2;1;1;1;2;Acciones  ;0;0;3518420
119158;1;2;34;Sociedades Bolivar S.A.;8300254485;2;1;1;1;2;Acciones  ;0;0;6465320
119158;1;2;34;Sociedades Bolivar S.A.;8300254485;2;1;1;1;2;Acciones  ;0;0;6376020
119158;1;2;34;Sociedades Bolivar S.A.;8300254485;2;1;1;1;2;Acciones  ;0;0;17860000
119158;1;2;34;Sociedades Bolivar S.A.;8300254485;2;1;1;1;2;Acciones  ;0;0;16074000
119158;1;2;34;Sociedades Bolivar S.A.;8300254485;2;1;1;1;2;Acciones  ;0;0;74922700
119158;1;2;34;Sociedades Bolivar S.A.;8300254485;2;1;1;1;2;Acciones  ;0;0;16074000
119158;1;2;34;Sociedades Bolivar S.A.;8300254485;2;1;1;1;2;Acciones  ;0;0;17860000
119158;1;2;34;Sociedades Bolivar S.A.;8300254485;2;1;1;1;2;Acciones  ;0;0;11609000
119158;1;2;34;Sociedades Bolivar S.A.;8300254485;2;1;1;1;2;Acciones  ;0;0;10180200
119158;1;2;34;Sociedades Bolivar S.A.;8300254485;2;1;1;1;2;Acciones  ;0;0;26790000
119158;1;2;34;Sociedades Bolivar S.A.;8300254485;2;1;1;1;2;Acciones  ;0;0;15716800
119158;1;2;34;Sociedades Bolivar S.A.;8300254485;2;1;1;1;2;Acciones  ;0;0;35720000
119158;1;2;34;Sociedades Bolivar S.A.;8300254485;2;1;1;1;2;Acciones  ;0;0;4018500
119158;1;2;34;Sociedades Bolivar S.A.;8300254485;2;1;1;1;2;Acciones  ;0;0;7929840
119158;1;2;34;Sociedades Bolivar S.A.;8300254485;2;1;1;1;2;Acciones  ;0;0;9590820
119158;1;2;34;Sociedades Bolivar S.A.;8300254485;2;1;1;1;2;Acciones  ;0;0;15413180
119158;1;2;34;Sociedades Bolivar S.A.;8300254485;2;1;1;1;2;Acciones  ;0;0;9090740
119158;1;2;34;Sociedades Bolivar S.A.;8300254485;2;1;1;1;2;Acciones  ;0;0;1160900
119158;1;2;34;Sociedades Bolivar S.A.;8300254485;2;1;1;1;2;Acciones  ;0;0;25629100
119158;1;2;34;Sociedades Bolivar S.A.;8300254485;2;1;1;1;2;Acciones  ;0;0;11555420
119158;1;2;34;Sociedades Bolivar S.A.;8300254485;2;1;1;1;2;Acciones  ;0;0;6590340
119158;1;2;34;Sociedades Bolivar S.A.;8300254485;2;1;1;1;2;Acciones  ;0;0;33934000
119158;1;2;34;Sociedades Bolivar S.A.;8300254485;2;1;1;1;2;Acciones  ;0;0;21432000
119158;1;2;34;Mineros S.A.;8909145257;2;1;1;1;1;Acciones  ;0;0;2208375
119158;1;2;34;Mineros S.A.;8909145257;2;1;1;1;1;Acciones  ;0;0;877500
119158;1;2;34;Mineros S.A.;8909145257;2;1;1;1;1;Acciones  ;0;0;741000
119158;1;2;34;Mineros S.A.;8909145257;2;1;1;1;1;Acciones  ;0;0;1462500
119158;1;2;34;Mineros S.A.;8909145257;2;1;1;1;1;Acciones  ;0;0;219375
119158;1;2;34;Mineros S.A.;8909145257;2;1;1;1;1;Acciones  ;0;0;156000
119158;1;2;34;Mineros S.A.;8909145257;2;1;1;1;1;Acciones  ;0;0;243750
119158;1;2;34;Mineros S.A.;8909145257;2;1;1;1;1;Acciones  ;0;0;3032250
119158;1;2;34;Mineros S.A.;8909145257;2;1;1;1;1;Acciones  ;0;0;273000
119158;1;2;34;Mineros S.A.;8909145257;2;1;1;1;1;Acciones  ;0;0;3295500
119158;1;2;34;Mineros S.A.;8909145257;2;1;1;1;1;Acciones  ;0;0;4080375
119158;1;2;34;Mineros S.A.;8909145257;2;1;1;1;1;Acciones  ;0;0;282750
119158;1;2;34;Mineros S.A.;8909145257;2;1;1;1;1;Acciones  ;0;0;399750
119158;1;2;34;Mineros S.A.;8909145257;2;1;1;1;1;Acciones  ;0;0;1852500
119158;1;2;34;Mineros S.A.;8909145257;2;1;1;1;1;Acciones  ;0;0;794625
119158;1;2;34;Mineros S.A.;8909145257;2;1;1;1;1;Acciones  ;0;0;1243125
119158;1;2;34;Mineros S.A.;8909145257;2;1;1;1;1;Acciones  ;0;0;468000
119158;1;2;34;Mineros S.A.;8909145257;2;1;1;1;1;Acciones  ;0;0;297375
119158;1;2;34;Mineros S.A.;8909145257;2;1;1;1;1;Acciones  ;0;0;1447875
119158;1;2;34;Fiduciaria Corficolombiana S.A. - P.A. Titupalma;8002567696;2;1;1;1;2;Acciones  ;0;0;1791400
119158;1;2;34;Fiduciaria Corficolombiana S.A. - P.A. Titupalma;8002567696;2;1;1;1;2;Acciones  ;0;0;20670000
119158;1;2;34;Fiduciaria Corficolombiana S.A. - P.A. Titupalma;8002567696;2;1;1;1;2;Acciones  ;0;0;826800
119158;1;2;34;Fiduciaria Corficolombiana S.A. - P.A. Titupalma;8002567696;2;1;1;1;2;Acciones  ;0;0;19843200
119158;1;2;34;Fiduciaria Corficolombiana S.A. - P.A. Titupalma;8002567696;2;1;1;1;2;Acciones  ;0;0;13780000
119158;1;2;34;Fiduciaria Corficolombiana S.A. - P.A. Titupalma;8002567696;2;1;1;1;2;Acciones  ;0;0;10335000
119158;1;2;34;Fiduciaria Corficolombiana S.A. - P.A. Titupalma;8002567696;2;1;1;1;2;Acciones  ;0;0;8268000
119158;1;2;34;Fiduciaria Corficolombiana S.A. - P.A. Titupalma;8002567696;2;1;1;1;2;Acciones  ;0;0;6890000
119158;1;2;34;Fiduciaria Corficolombiana S.A. - P.A. Titupalma;8002567696;2;1;1;1;2;Acciones  ;0;0;1309100
119158;1;2;34;Fiduciaria Corficolombiana S.A. - P.A. Titupalma;8002567696;2;1;1;1;2;Acciones  ;0;0;39755300
119158;1;2;34;Corporacion Financiera Colombiana S.A.;8903006536;2;1;1;1;1;Acciones  ;0;0;1207500
119158;1;2;34;Corporacion Financiera Colombiana S.A.;8903006536;2;1;1;1;1;Acciones  ;0;0;3318900
119158;1;2;34;Corporacion Financiera Colombiana S.A.;8903006536;2;1;1;1;1;Acciones  ;0;0;662400
119158;1;2;34;Corporacion Financiera Colombiana S.A.;8903006536;2;1;1;1;1;Acciones  ;0;0;558900
119158;1;2;34;Corporacion Financiera Colombiana S.A.;8903006536;2;1;1;1;1;Acciones  ;0;0;1097100
119158;1;2;34;Corporacion Financiera Colombiana S.A.;8903006536;2;1;1;1;1;Acciones  ;0;0;158700
119158;1;2;34;Corporacion Financiera Colombiana S.A.;8903006536;2;1;1;1;1;Acciones  ;0;0;110400
119158;1;2;34;Corporacion Financiera Colombiana S.A.;8903006536;2;1;1;1;1;Acciones  ;0;0;6106500
119158;1;2;34;Corporacion Financiera Colombiana S.A.;8903006536;2;1;1;1;1;Acciones  ;0;0;179400
119158;1;2;34;Corporacion Financiera Colombiana S.A.;8903006536;2;1;1;1;1;Acciones  ;0;0;2511600
119158;1;2;34;Corporacion Financiera Colombiana S.A.;8903006536;2;1;1;1;1;Acciones  ;0;0;227700
119158;1;2;34;Corporacion Financiera Colombiana S.A.;8903006536;2;1;1;1;1;Acciones  ;0;0;2732400
119158;1;2;34;Corporacion Financiera Colombiana S.A.;8903006536;2;1;1;1;1;Acciones  ;0;0;3387900
119158;1;2;34;Corporacion Financiera Colombiana S.A.;8903006536;2;1;1;1;1;Acciones  ;0;0;234600
119158;1;2;34;Corporacion Financiera Colombiana S.A.;8903006536;2;1;1;1;1;Acciones  ;0;0;331200
119158;1;2;34;Corporacion Financiera Colombiana S.A.;8903006536;2;1;1;1;1;Acciones  ;0;0;1538700
119158;1;2;34;Corporacion Financiera Colombiana S.A.;8903006536;2;1;1;1;1;Acciones  ;0;0;662400
119158;1;2;34;Corporacion Financiera Colombiana S.A.;8903006536;2;1;1;1;1;Acciones  ;0;0;1035000
119158;1;2;34;Corporacion Financiera Colombiana S.A.;8903006536;2;1;1;1;1;Acciones  ;0;0;579600
119158;1;2;34;Corporacion Financiera Colombiana S.A.;8903006536;2;1;1;1;1;Acciones  ;0;0;586500
119158;1;2;34;Corporacion Financiera Colombiana S.A.;8903006536;2;1;1;1;1;Acciones  ;0;0;7286400
119158;1;2;34;Corporacion Financiera Colombiana S.A.;8903006536;2;1;1;1;1;Acciones  ;0;0;124200
119158;1;2;34;Corporacion Financiera Colombiana S.A.;8903006536;2;1;1;1;1;Acciones  ;0;0;10225800
119158;1;2;34;Grupo De Inversiones Suramericana;9002470091;2;1;1;1;2;Acciones  ;0;0;336960
119158;1;2;34;Grupo De Inversiones Suramericana;9002470091;2;1;1;1;2;Acciones  ;0;0;411840
119158;1;2;34;Grupo De Inversiones Suramericana;9002470091;2;1;1;1;2;Acciones  ;0;0;6027840
119158;1;2;34;Grupo De Inversiones Suramericana;9002470091;2;1;1;1;2;Acciones  ;0;0;7079400
119158;1;2;34;Grupo De Inversiones Suramericana;9002470091;2;1;1;1;2;Acciones  ;0;0;21299760
119158;1;2;34;Grupo De Inversiones Suramericana;9002470091;2;1;1;1;2;Acciones  ;0;0;4124520
119158;1;2;34;Grupo De Inversiones Suramericana;9002470091;2;1;1;1;2;Acciones  ;0;0;3508920
119158;1;2;34;Grupo De Inversiones Suramericana;9002470091;2;1;1;1;2;Acciones  ;0;0;6894720
119158;1;2;34;Grupo De Inversiones Suramericana;9002470091;2;1;1;1;2;Acciones  ;0;0;984960
119158;1;2;34;Grupo De Inversiones Suramericana;9002470091;2;1;1;1;2;Acciones  ;0;0;677160
119158;1;2;34;Grupo De Inversiones Suramericana;9002470091;2;1;1;1;2;Acciones  ;0;0;1108080
119158;1;2;34;Grupo De Inversiones Suramericana;9002470091;2;1;1;1;2;Acciones  ;0;0;13512420
119158;1;2;34;Grupo De Inversiones Suramericana;9002470091;2;1;1;1;2;Acciones  ;0;0;1200420
119158;1;2;34;Grupo De Inversiones Suramericana;9002470091;2;1;1;1;2;Acciones  ;0;0;14682060
119158;1;2;34;Grupo De Inversiones Suramericana;9002470091;2;1;1;1;2;Acciones  ;0;0;10773000
119158;1;2;34;Grupo De Inversiones Suramericana;9002470091;2;1;1;1;2;Acciones  ;0;0;18190980
119158;1;2;34;Grupo De Inversiones Suramericana;9002470091;2;1;1;1;2;Acciones  ;0;0;1261980
119158;1;2;34;Grupo De Inversiones Suramericana;9002470091;2;1;1;1;2;Acciones  ;0;0;1846800
119158;1;2;34;Grupo De Inversiones Suramericana;9002470091;2;1;1;1;2;Acciones  ;0;0;8587620
119158;1;2;34;Grupo De Inversiones Suramericana;9002470091;2;1;1;1;2;Acciones  ;0;0;3693600
119158;1;2;34;Grupo De Inversiones Suramericana;9002470091;2;1;1;1;2;Acciones  ;0;0;5755860
119158;1;2;34;Grupo De Inversiones Suramericana;9002470091;2;1;1;1;2;Acciones  ;0;0;3078000
119158;1;2;34;Grupo De Inversiones Suramericana;9002470091;2;1;1;1;2;Acciones  ;0;0;3108780
119158;1;2;34;Grupo De Inversiones Suramericana;9002470091;2;1;1;1;2;Acciones  ;0;0;46170000
119158;1;2;34;Grupo De Inversiones Suramericana;9002470091;2;1;1;1;2;Acciones  ;0;0;12004200
119158;1;2;34;Grupo De Inversiones Suramericana;9002470091;2;1;1;1;2;Acciones  ;0;0;92340
119158;1;2;34;Grupo De Inversiones Suramericana;9002470091;2;1;1;1;2;Acciones  ;0;0;6063660
119158;1;2;34;Grupo De Inversiones Suramericana;9002470091;2;1;1;1;2;Acciones  ;0;0;25239600
119158;1;2;34;Grupo De Inversiones Suramericana;9002470091;2;1;1;1;2;Acciones  ;0;0;12312000
119158;1;2;34;Grupo De Inversiones Suramericana;9002470091;2;1;1;1;2;Acciones  ;0;0;2462400
119158;1;2;34;Grupo De Inversiones Suramericana;9002470091;2;1;1;1;2;Acciones  ;0;0;18468000
119158;1;2;34;Organizacion Terpel S.A.;8300952130;2;1;1;1;1;Acciones  ;0;0;774900
119158;1;2;34;Organizacion Terpel S.A.;8300952130;2;1;1;1;1;Acciones  ;0;0;2115600
119158;1;2;34;Organizacion Terpel S.A.;8300952130;2;1;1;1;1;Acciones  ;0;0;430500
119158;1;2;34;Organizacion Terpel S.A.;8300952130;2;1;1;1;1;Acciones  ;0;0;356700
119158;1;2;34;Organizacion Terpel S.A.;8300952130;2;1;1;1;1;Acciones  ;0;0;701100
119158;1;2;34;Organizacion Terpel S.A.;8300952130;2;1;1;1;1;Acciones  ;0;0;110700
119158;1;2;34;Organizacion Terpel S.A.;8300952130;2;1;1;1;1;Acciones  ;0;0;73800
119158;1;2;34;Organizacion Terpel S.A.;8300952130;2;1;1;1;1;Acciones  ;0;0;123000
119158;1;2;34;Organizacion Terpel S.A.;8300952130;2;1;1;1;1;Acciones  ;0;0;1463700
119158;1;2;34;Organizacion Terpel S.A.;8300952130;2;1;1;1;1;Acciones  ;0;0;135300
119158;1;2;34;Organizacion Terpel S.A.;8300952130;2;1;1;1;1;Acciones  ;0;0;1586700
119158;1;2;34;Organizacion Terpel S.A.;8300952130;2;1;1;1;1;Acciones  ;0;0;1968000
119158;1;2;34;Organizacion Terpel S.A.;8300952130;2;1;1;1;1;Acciones  ;0;0;135300
119158;1;2;34;Organizacion Terpel S.A.;8300952130;2;1;1;1;1;Acciones  ;0;0;196800
119158;1;2;34;Organizacion Terpel S.A.;8300952130;2;1;1;1;1;Acciones  ;0;0;897900
119158;1;2;34;Organizacion Terpel S.A.;8300952130;2;1;1;1;1;Acciones  ;0;0;381300
119158;1;2;34;Organizacion Terpel S.A.;8300952130;2;1;1;1;1;Acciones  ;0;0;602700
119158;1;2;34;Organizacion Terpel S.A.;8300952130;2;1;1;1;1;Acciones  ;0;0;344400
119158;1;2;34;Organizacion Terpel S.A.;8300952130;2;1;1;1;1;Acciones  ;0;0;1230000
119158;1;2;34;Organizacion Terpel S.A.;8300952130;2;1;1;1;1;Acciones  ;0;0;4920000
119158;2;1;0;Banco Itaú S.A;8909039370;0;0;0;0;0;0;0;0;230887669
119158;2;2;0;Bbva Colombia S.A.;8600030201;0;0;0;0;0;0;0;0;6230331
119158;2;1;0;Banco Itaú S.A;8909039370;0;0;0;0;0;0;0;0;6715629
119158;2;1;0;Banco Itaú S.A;8909039370;0;0;0;0;0;0;0;0;3288
119158;2;1;0;Banco Itaú S.A;8909039370;0;0;0;0;0;0;0;0;1225838
119158;2;2;0;Bbva Colombia S.A.;8600030201;0;0;0;0;0;0;0;0;70000
119160;1;2;49;Pimco Unconstr ;6060606060;2;2;4;2;2;51;0;0;17514544
119160;1;2;49;Pimco Unconstr ;6060606060;2;2;4;2;2;51;0;0;21918309
119160;1;2;49;Pimco Unconstr ;6060606060;2;2;4;2;2;51;0;0;30703922
119160;1;2;49;Pimco Unconstr ;6060606060;2;2;4;2;2;51;0;0;17565406
119160;1;2;49;Pimco Unconstr ;6060606060;2;2;4;2;2;51;0;0;52090862
119160;1;2;49;Pimco Unconstr ;6060606060;2;2;4;2;2;51;0;0;17383799
119160;1;2;49;Pimco Unconstr ;6060606060;2;2;4;2;2;51;0;0;13015555
119160;1;2;49;Pimco Unconstr ;6060606060;2;2;4;2;2;51;0;0;25852752
119160;1;2;49;Pimco Unconstr ;6060606060;2;2;4;2;2;51;0;0;12955850
119160;1;2;49;Pimco Unconstr ;6060606060;2;2;4;2;2;51;0;0;8642020
119160;1;2;49;Pimco Unconstr ;6060606060;2;2;4;2;2;51;0;0;47722693
119160;1;2;49;Pimco Unconstr ;6060606060;2;2;4;2;2;51;0;0;59010146
119160;1;2;49;Pimco Unconstr ;6060606060;2;2;4;2;2;51;0;0;4210292
119160;1;2;49;Pimco Unconstr ;6060606060;2;2;4;2;2;51;0;0;100935090
119160;1;2;49;Pimco Unconstr ;6060606060;2;2;4;2;2;51;0;0;8411289
119160;1;2;49;Pimco Unconstr ;6060606060;2;2;4;2;2;51;0;0;50383468
119160;1;2;49;Pimco Unconstr ;6060606060;2;2;4;2;2;51;0;0;12581904
119160;1;2;49;Pimco Unconstr ;6060606060;2;2;4;2;2;51;0;0;4157087
119160;1;2;49;Pimco Unconstr ;6060606060;2;2;4;2;2;51;0;0;28987761
119160;1;2;49;Pimco Unconstr ;6060606060;2;2;4;2;2;51;0;0;24805885
119160;1;2;49;Pimco Unconstr ;6060606060;2;2;4;2;2;51;0;0;16546275
119160;1;2;49;Pimco Unconstr ;6060606060;2;2;4;2;2;51;0;0;4138874
119160;1;2;49;Pimco Unconstr ;6060606060;2;2;4;2;2;51;0;0;8268603
119160;1;2;49;Pimco Unconstr ;6060606060;2;2;4;2;2;51;0;0;12430149
119160;1;2;49;Pimco Unconstr ;6060606060;2;2;4;2;2;51;0;0;16564413
119160;1;2;49;Pimco Unconstr ;6060606060;2;2;4;2;2;51;0;0;33366510
119160;1;2;49;Pimco Unconstr ;6060606060;2;2;4;2;2;51;0;0;45803159
119160;1;2;49;Pimco Unconstr ;6060606060;2;2;4;2;2;51;0;0;8336999
119160;1;2;49;Pimco Unconstr ;6060606060;2;2;4;2;2;51;0;0;8318709
119160;1;2;49;Pimco Unconstr ;6060606060;2;2;4;2;2;51;0;0;12505574
119160;1;2;49;Pimco Unconstr ;6060606060;2;2;4;2;2;51;0;0;4163889
119160;1;2;49;Pimco Unconstr ;6060606060;2;2;4;2;2;51;0;0;16785168
119160;1;2;49;Pimco Unconstr ;6060606060;2;2;4;2;2;51;0;0;10479101
119160;1;2;49;Pimco Unconstr ;6060606060;2;2;4;2;2;51;0;0;8387936
119160;1;2;49;Pimco Unconstr ;6060606060;2;2;4;2;2;51;0;0;8387936
119160;1;2;49;Pimco Unconstr ;6060606060;2;2;4;2;2;51;0;0;25261905
119160;1;2;49;Pimco Unconstr ;6060606060;2;2;4;2;2;51;0;0;63225200
119160;1;2;49;Pimco Unconstr ;6060606060;2;2;4;2;2;51;0;0;46236205
119160;1;2;49;Pimco Unconstr ;6060606060;2;2;4;2;2;51;0;0;83554616
119160;1;2;49;Pimco Unconstr ;6060606060;2;2;4;2;2;51;0;0;14686975
119160;1;2;49;Pimco Unconstr ;6060606060;2;2;4;2;2;51;0;0;8397232
119160;1;2;49;Pimco Unconstr ;6060606060;2;2;4;2;2;51;0;0;12484866
119160;1;2;49;Pimco Unconstr ;6060606060;2;2;4;2;2;51;0;0;137485129
119160;1;2;49;Pimco Unconstr ;6060606060;2;2;4;2;2;51;0;0;29019503
119160;1;2;49;Pimco Unconstr ;6060606060;2;2;4;2;2;51;0;0;24860223
119160;1;2;49;Pimco Unconstr ;6060606060;2;2;4;2;2;51;0;0;16537206
119160;1;2;49;Pimco Unconstr ;6060606060;2;2;4;2;2;51;0;0;12471187
119160;1;2;49;Pimco Unconstr ;6060606060;2;2;4;2;2;51;0;0;104385550
119160;1;2;49;Pimco Unconstr ;6060606060;2;2;4;2;2;51;0;0;6301457
119160;1;2;49;Pimco Unconstr ;6060606060;2;2;4;2;2;51;0;0;37808592
119160;1;2;49;Pimco Unconstr ;6060606060;2;2;4;2;2;51;0;0;4159355
119160;1;2;49;Pimco Unconstr ;6060606060;2;2;4;2;2;51;0;0;33274687
119160;1;2;49;Pimco Unconstr ;6060606060;2;2;4;2;2;51;0;0;4150210
119160;1;2;49;Pimco Unconstr ;6060606060;2;2;4;2;2;51;0;0;8255075
119160;1;2;49;Pimco Unconstr ;6060606060;2;2;4;2;2;51;0;0;49449434
119160;1;2;49;Pimco Unconstr ;6060606060;2;2;4;2;2;51;0;0;6154312
119160;1;2;49;Pimco Unconstr ;6060606060;2;2;4;2;2;51;0;0;1605519
119160;1;2;49;Pimco Unconstr ;6060606060;2;2;4;2;2;51;0;0;5604654
119160;1;2;49;Pimco Unconstr ;6060606060;2;2;4;2;2;51;0;0;3106895
119160;1;2;49;Pimco Unconstr ;6060606060;2;2;4;2;2;51;0;0;993738
119160;1;2;49;Pimco Unconstr ;6060606060;2;2;4;2;2;51;0;0;72801631
119160;1;2;49;Pimco Unconstr ;6060606060;2;2;4;2;2;51;0;0;8796014
119160;1;2;49;Pimco Unconstr ;6060606060;2;2;4;2;2;51;0;0;26406046
119160;1;2;49;Pimco Unconstr ;6060606060;2;2;4;2;2;51;0;0;13185019
119160;1;2;49;Pimco Unconstr ;6060606060;2;2;4;2;2;51;0;0;21959815
119160;1;2;49;Pimco Unconstr ;6060606060;2;2;4;2;2;51;0;0;17532231
119160;1;2;49;Pimco Unconstr ;6060606060;2;2;4;2;2;51;0;0;8747790
119160;1;2;49;Pimco Unconstr ;6060606060;2;2;4;2;2;51;0;0;73955961
119160;1;2;49;Pimco Unconstr ;6060606060;2;2;4;2;2;51;0;0;21810643
119160;1;2;49;Pimco Unconstr ;6060606060;2;2;4;2;2;51;0;0;30535286
119160;1;2;49;Pimco Unconstr ;6060606060;2;2;4;2;2;51;0;0;17448643
119160;1;2;49;Pimco Unconstr ;6060606060;2;2;4;2;2;51;0;0;56325997
119160;1;2;49;Pimco Unconstr ;6060606060;2;2;4;2;2;51;0;0;4335638
119160;1;2;49;Pimco Unconstr ;6060606060;2;2;4;2;2;51;0;0;4329851
119160;1;2;49;Pimco Unconstr ;6060606060;2;2;4;2;2;51;0;0;25874299
119160;1;2;49;Pimco Unconstr ;6060606060;2;2;4;2;2;51;0;0;8636554
119160;1;2;49;Pimco Unconstr ;6060606060;2;2;4;2;2;51;0;0;12954831
119160;1;2;49;Pimco Unconstr ;6060606060;2;2;4;2;2;51;0;0;4318277
119160;1;2;49;Pimco Unconstr ;6060606060;2;2;4;2;2;51;0;0;47596210
119160;1;2;49;Pimco Unconstr ;6060606060;2;2;4;2;2;51;0;0;21432569
119160;1;2;49;Pimco Unconstr ;6060606060;2;2;4;2;2;51;0;0;12783155
119160;1;2;49;Pimco Unconstr ;6060606060;2;2;4;2;2;51;0;0;59417590
119160;1;2;49;Pimco Unconstr ;6060606060;2;2;4;2;2;51;0;0;4241312
119160;1;2;49;Pimco Unconstr ;6060606060;2;2;4;2;2;51;0;0;4241312
119160;1;2;49;Pimco Unconstr ;6060606060;2;2;4;2;2;51;0;0;97485942
119160;1;2;49;Pimco Unconstr ;6060606060;2;2;4;2;2;51;0;0;8477030
119160;1;2;49;Pimco Unconstr ;6060606060;2;2;4;2;2;51;0;0;55064463
119160;1;2;49;Pimco Unconstr ;6060606060;2;2;4;2;2;51;0;0;16887318
119160;1;2;49;Pimco Unconstr ;6060606060;2;2;4;2;2;51;0;0;4202476
119160;1;2;49;Pimco Unconstr ;6060606060;2;2;4;2;2;51;0;0;29340815
119160;1;2;49;Pimco Unconstr ;6060606060;2;2;4;2;2;51;0;0;25051280
119160;1;2;49;Pimco Unconstr ;6060606060;2;2;4;2;2;51;0;0;16700853
119160;1;2;49;Pimco Unconstr ;6060606060;2;2;4;2;2;51;0;0;4175213
119160;1;2;49;Pimco Unconstr ;6060606060;2;2;4;2;2;51;0;0;8345025
119160;1;2;49;Pimco Unconstr ;6060606060;2;2;4;2;2;51;0;0;12525640
119160;1;2;49;Pimco Unconstr ;6060606060;2;2;4;2;2;51;0;0;16711720
119160;1;2;49;Pimco Unconstr ;6060606060;2;2;4;2;2;51;0;0;33488702
119160;1;2;49;Pimco Unconstr ;6060606060;2;2;4;2;2;51;0;0;45927410
119160;1;2;49;Pimco Unconstr ;6060606060;2;2;4;2;2;51;0;0;8345025
119160;1;2;49;Pimco Unconstr ;6060606060;2;2;4;2;2;51;0;0;8345025
119160;1;2;49;Pimco Unconstr ;6060606060;2;2;4;2;2;51;0;0;12525640
119160;1;2;49;Pimco Unconstr ;6060606060;2;2;4;2;2;51;0;0;16755250
119160;1;2;49;Pimco Unconstr ;6060606060;2;2;4;2;2;51;0;0;10465199
119160;1;2;49;Pimco Unconstr ;6060606060;2;2;4;2;2;51;0;0;25215048
119160;1;2;49;Pimco Unconstr ;6060606060;2;2;4;2;2;51;0;0;63037587
119160;1;2;49;Pimco Unconstr ;6060606060;2;2;4;2;2;51;0;0;50364254
119160;1;2;49;Pimco Unconstr ;6060606060;2;2;4;2;2;51;0;0;83450191
119160;1;2;49;Pimco Unconstr ;6060606060;2;2;4;2;2;51;0;0;14641763
119160;1;2;49;Pimco Unconstr ;6060606060;2;2;4;2;2;51;0;0;8366758
119160;1;2;49;Pimco Unconstr ;6060606060;2;2;4;2;2;51;0;0;8323421
119160;1;2;49;Pimco Unconstr ;6060606060;2;2;4;2;2;51;0;0;95781199
119160;1;2;49;Pimco Unconstr ;6060606060;2;2;4;2;2;51;0;0;29075456
119160;1;2;49;Pimco Unconstr ;6060606060;2;2;4;2;2;51;0;0;16518503
119160;1;2;49;Pimco Unconstr ;6060606060;2;2;4;2;2;51;0;0;37262436
119160;1;2;49;Pimco Unconstr ;6060606060;2;2;4;2;2;51;0;0;29056681
119160;1;2;49;Pimco Unconstr ;6060606060;2;2;4;2;2;51;0;0;6254686
119160;1;2;49;Pimco Unconstr ;6060606060;2;2;4;2;2;51;0;0;37528246
119160;1;2;49;Pimco Unconstr ;6060606060;2;2;4;2;2;51;0;0;4137599
119160;1;2;49;Pimco Unconstr ;6060606060;2;2;4;2;2;51;0;0;33100854
119160;1;2;49;Pimco Unconstr ;6060606060;2;2;4;2;2;51;0;0;4132262
119160;1;2;49;Pimco Unconstr ;6060606060;2;2;4;2;2;51;0;0;8232825
119160;1;2;49;Pimco Unconstr ;6060606060;2;2;4;2;2;51;0;0;49333744
119160;1;2;49;Pimco Unconstr ;6060606060;2;2;4;2;2;51;0;0;6150973
119160;1;2;49;Pimco Unconstr ;6060606060;2;2;4;2;2;51;0;0;24216108
119160;1;2;49;Pimco Unconstr ;6060606060;2;2;4;2;2;51;0;0;450796
119160;1;2;49;Pimco Unconstr ;6060606060;2;2;4;2;2;51;0;0;4100691
119160;1;2;49;Pimco Unconstr ;6060606060;2;2;4;2;2;51;0;0;4244463
119160;2;1;0;Banco Itaú S.A;8909039370;0;0;0;0;0;0;0;0;5863840
119160;2;1;0;Banco Itaú S.A;8909039370;0;0;0;0;0;0;0;0;269982657
119160;2;1;0;Banco Itaú S.A;8909039370;0;0;0;0;0;0;0;0;203602
119160;2;1;0;Banco Itaú S.A;8909039370;0;0;0;0;0;0;0;0;1341727
119160;2;2;0;Banco Davivienda S.A.;8600343137;0;0;0;0;0;0;0;0;11324815
119170;1;2;49;Mond LAT AM OP;5050505050;2;2;4;2;2;51;0;0;515977230
119170;1;2;49;Mond LAT AM OP;5050505050;2;2;4;2;2;51;0;0;5376204857
119170;1;2;49;Mond LAT AM OP;5050505050;2;2;4;2;2;51;0;0;343452688
119170;1;2;49;Mond LAT AM OP;5050505050;2;2;4;2;2;51;0;0;2229015190
119170;1;2;49;Mond LAT AM OP;5050505050;2;2;4;2;2;51;0;0;685849006
119170;1;2;49;Mond LAT AM OP;5050505050;2;2;4;2;2;51;0;0;385200595
119170;1;2;49;Mond LAT AM OP;5050505050;2;2;4;2;2;51;0;0;491396509
119170;1;2;49;Mond LAT AM OP;5050505050;2;2;4;2;2;51;0;0;938965531
119170;1;2;49;Mond LAT AM OP;5050505050;2;2;4;2;2;51;0;0;855531298
119170;1;2;49;Mond LAT AM OP;5050505050;2;2;4;2;2;51;0;0;813489692
119170;1;2;49;Mond LAT AM OP;5050505050;2;2;4;2;2;51;0;0;469102378
119170;1;2;49;Mond LAT AM OP;5050505050;2;2;4;2;2;51;0;0;510965397
119170;1;2;49;Mond LAT AM OP;5050505050;2;2;4;2;2;51;0;0;722310329
119170;1;2;49;Mond LAT AM OP;5050505050;2;2;4;2;2;51;0;0;382159388
119170;1;2;49;Mond LAT AM OP;5050505050;2;2;4;2;2;51;0;0;3384234219
119170;1;2;49;Mond LAT AM OP;5050505050;2;2;4;2;2;51;0;0;674557696
119170;1;2;49;Mond LAT AM OP;5050505050;2;2;4;2;2;51;0;0;2317554577
119170;1;2;49;Mond LAT AM OP;5050505050;2;2;4;2;2;51;0;0;1935219916
119170;1;2;49;Mond LAT AM OP;5050505050;2;2;4;2;2;51;0;0;524942632
119170;1;2;49;Mond LAT AM OP;5050505050;2;2;4;2;2;51;0;0;209976863
119170;1;2;49;Mond LAT AM OP;5050505050;2;2;4;2;2;51;0;0;924144622
119170;1;2;49;Mond LAT AM OP;5050505050;2;2;4;2;2;51;0;0;734723854
119170;1;2;49;Mond LAT AM OP;5050505050;2;2;4;2;2;51;0;0;922835292
119170;1;2;49;Mond LAT AM OP;5050505050;2;2;4;2;2;51;0;0;1007264786
119170;1;2;49;Mond LAT AM OP;5050505050;2;2;4;2;2;51;0;0;838866716
119170;1;2;49;Mond LAT AM OP;5050505050;2;2;4;2;2;51;0;0;418691768
119170;1;2;49;Mond LAT AM OP;5050505050;2;2;4;2;2;51;0;0;1130768104
119170;1;2;49;Mond LAT AM OP;5050505050;2;2;4;2;2;51;0;0;1423678964
119170;1;2;49;Mond LAT AM OP;5050505050;2;2;4;2;2;51;0;0;4183223228
119170;1;2;49;Mond LAT AM OP;5050505050;2;2;4;2;2;51;0;0;2089582011
119170;1;2;49;Mond LAT AM OP;5050505050;2;2;4;2;2;51;0;0;2503081463
119170;1;2;49;Mond LAT AM OP;5050505050;2;2;4;2;2;51;0;0;208369571
119170;1;2;49;Mond LAT AM OP;5050505050;2;2;4;2;2;51;0;0;1916834826
119170;1;2;49;Mond LAT AM OP;5050505050;2;2;4;2;2;51;0;0;999120794
119170;1;2;49;Mond LAT AM OP;5050505050;2;2;4;2;2;51;0;0;2078214434
119170;1;2;49;Mond LAT AM OP;5050505050;2;2;4;2;2;51;0;0;3942726290
119170;1;2;49;Mond LAT AM OP;5050505050;2;2;4;2;2;51;0;0;2321895639
119170;1;2;49;Mond LAT AM OP;5050505050;2;2;4;2;2;51;0;0;621936290
119170;1;2;49;Mond LAT AM OP;5050505050;2;2;4;2;2;51;0;0;3023845514
119170;1;2;49;Mond LAT AM OP;5050505050;2;2;4;2;2;51;0;0;2272873468
119170;1;2;49;Mond LAT AM OP;5050505050;2;2;4;2;2;51;0;0;1983252985
119170;1;2;49;Mond LAT AM OP;5050505050;2;2;4;2;2;51;0;0;744563721
119170;1;2;49;Mond LAT AM OP;5050505050;2;2;4;2;2;51;0;0;414261648
119170;1;2;49;Mond LAT AM OP;5050505050;2;2;4;2;2;51;0;0;1529958251
119170;1;2;49;Mond LAT AM OP;5050505050;2;2;4;2;2;51;0;0;1199889716
119170;1;2;49;Mond LAT AM OP;5050505050;2;2;4;2;2;51;0;0;744693991
119170;1;2;49;Mond LAT AM OP;5050505050;2;2;4;2;2;51;0;0;1325405347
119170;1;2;49;Mond LAT AM OP;5050505050;2;2;4;2;2;51;0;0;623354572
119170;1;2;49;Mond LAT AM OP;5050505050;2;2;4;2;2;51;0;0;668135633
119170;1;2;49;Mond LAT AM OP;5050505050;2;2;4;2;2;51;0;0;622099719
119170;1;2;49;Mond LAT AM OP;5050505050;2;2;4;2;2;51;0;0;249123165
119170;1;2;49;Mond LAT AM OP;5050505050;2;2;4;2;2;51;0;0;124234724
119170;1;2;49;Mond LAT AM OP;5050505050;2;2;4;2;2;51;0;0;537458951
119170;1;2;49;Mond LAT AM OP;5050505050;2;2;4;2;2;51;0;0;412565773
119170;1;2;49;Mond LAT AM OP;5050505050;2;2;4;2;2;51;0;0;165213329
119170;1;2;49;Mond LAT AM OP;5050505050;2;2;4;2;2;51;0;0;538445685
119170;1;2;49;Mond LAT AM OP;5050505050;2;2;4;2;2;51;0;0;829538927
119170;1;2;49;Mond LAT AM OP;5050505050;2;2;4;2;2;51;0;0;744889159
119170;1;2;49;Mond LAT AM OP;5050505050;2;2;4;2;2;51;0;0;971645242
119170;1;2;49;Mond LAT AM OP;5050505050;2;2;4;2;2;51;0;0;330282651
119170;1;2;49;Mond LAT AM OP;5050505050;2;2;4;2;2;51;0;0;330455554
119170;1;2;49;Mond LAT AM OP;5050505050;2;2;4;2;2;51;0;0;144637338
119170;1;2;49;Mond LAT AM OP;5050505050;2;2;4;2;2;51;0;0;411741047
119170;1;2;49;Mond LAT AM OP;5050505050;2;2;4;2;2;51;0;0;60076153
119170;1;2;49;Mond LAT AM OP;5050505050;2;2;4;2;2;51;0;0;370020141
119170;1;2;49;Mond LAT AM OP;5050505050;2;2;4;2;2;51;0;0;740104706
119170;2;1;0;Banco Itaú S.A;8909039370;0;0;0;0;0;0;0;0;51547769
119170;2;1;0;Banco Itaú S.A;8909039370;0;0;0;0;0;0;0;0;4183368944
119170;2;1;0;Banco Itaú S.A;8909039370;0;0;0;0;0;0;0;0;135730
119170;2;1;0;Banco Itaú S.A;8909039370;0;0;0;0;0;0;0;0;7185817
119170;2;2;0;Banco Davivienda S.A.;8600343137;0;0;0;0;0;0;0;0;119888783
;;;;;;;;;;;;;;
